.87232387E-04, .41614097E-04, .55264311E-04, .16672812E-08, .0000000, .27086660E-05, .14785693E-05, .43040258E-02, .42624120E-02, .83961290, 1.7222267, 9.4005537, .11550312, .0000000, .0000000
.69876260E-04, .27303831E-04, .55264311E-04, .16674374E-08, .38249913E-04, .26452315E-05, .14438086E-05, .42052767E-02, .41779731E-02, .83968270, 1.7223680, 9.4005537, .11574551, .11484243E-01, .67165529E-05
-.15804675E-03, .15396392E-04, .55264311E-04, .16674268E-08, .71551284E-03, .28629202E-05, .15626462E-05, .45540351E-02, .45386394E-02, .83952463, 1.7220480, 9.4005537, .11612526, .80562137E-01, .46585119E-04
-.25394143E-03, .53501426E-05, .55264311E-04, .16670431E-08, .99491223E-03, .34686548E-05, .18936986E-05, .55215000E-02, .55161491E-02, .83927077, 1.7215340, 9.4005537, .11653263, .10399546, .59686379E-04
.32110001E-04, -.62900363E-05, .55264311E-04, .16667024E-08, .11789303E-03, .36372867E-05, .19861520E-05, .57936120E-02, .57999021E-02, .83930284, 1.7215991, 9.4005537, .11734831, .69685996E-01, .39711074E-04
.67020024E-04, -.18846520E-04, .55264311E-04, .16668191E-08, .0000000, .33826007E-05, .18469530E-05, .53901854E-02, .54090307E-02, .83936989, 1.7217346, 9.4005537, .11734831, .0000000, .0000000
.63844825E-04, -.28915267E-04, .55264311E-04, .16669492E-08, .0000000, .29180244E-05, .15931660E-05, .46519712E-02, .46808859E-02, .83943367, 1.7218639, 9.4005537, .11734831, .0000000, .0000000
.61521707E-04, -.36391270E-04, .55264311E-04, .16670734E-08, .0000000, .24689255E-05, .13478691E-05, .39379504E-02, .39743418E-02, .83949512, 1.7219884, 9.4005537, .11734831, .0000000, .0000000
.58651080E-04, -.45257970E-04, .55264311E-04, .16671932E-08, .0000000, .22851063E-05, .12474273E-05, .36466366E-02, .36918945E-02, .83955377, 1.7221071, 9.4005537, .11734831, .0000000, .0000000
.55443103E-04, -.55034296E-04, .55264311E-04, .16673064E-08, .0000000, .22120219E-05, .12074499E-05, .35318397E-02, .35868741E-02, .83960921, 1.7222192, 9.4005537, .11734831, .0000000, .0000000
.51825369E-04, -.65986853E-04, .55264311E-04, .16674133E-08, .0000000, .22020463E-05, .12019278E-05, .35177572E-02, .35837435E-02, .83966106, 1.7223243, 9.4005537, .11734831, .0000000, .0000000
.45741483E-04, -.75797565E-04, .55264311E-04, .16675102E-08, .86215441E-05, .21715862E-05, .11852343E-05, .34708970E-02, .35466943E-02, .83970696, 1.7224171, 9.4005537, .11747837, .58294795E-02, .31261736E-05
-.12001049E-03, -.89643509E-04, .55264311E-04, .16674511E-08, .49602677E-03, .22621821E-05, .12347290E-05, .36178748E-02, .37075188E-02, .83958703, 1.7221745, 9.4005537, .11766231, .52531350E-01, .27851172E-04
-.80222653E-05, -.10849128E-03, .55264311E-04, .16673107E-08, .13824365E-03, .24722929E-05, .13495147E-05, .39562783E-02, .40647690E-02, .83957911, 1.7221584, 9.4005537, .11800863, .40944248E-01, .21437430E-04
-.26638425E-03, -.12800425E-03, .55264311E-04, .16670263E-08, .89997164E-03, .26896521E-05, .14684153E-05, .43069250E-02, .44349283E-02, .83931279, 1.7216192, 9.4005537, .11861276, .12340362, .63783446E-04
.31648713E-04, -.12674328E-03, .55264311E-04, .16667963E-08, .0000000, .24723986E-05, .13499800E-05, .39614360E-02, .40881792E-02, .83934456, 1.7216834, 9.4005537, .11861276, .0000000, .0000000
.24978917E-04, -.12253442E-03, .55264311E-04, .16668537E-08, .24661949E-04, .21932960E-05, .11975433E-05, .35160696E-02, .36386037E-02, .83936954, 1.7217339, 9.4005537, .11887105, .23584614E-01, .11957486E-04
.88559864E-05, -.12134667E-03, .55264311E-04, .16668892E-08, .74805226E-04, .20043128E-05, .10943347E-05, .32148429E-02, .33361900E-02, .83937842, 1.7217520, 9.4005537, .11922725, .35470225E-01, .17782775E-04
-.20685136E-04, -.13282386E-03, .55264311E-04, .16668805E-08, .15264445E-03, .20399909E-05, .11138217E-05, .32738873E-02, .34067112E-02, .83935779, 1.7217103, 9.4005537, .11956847, .41501563E-01, .20559126E-04
-.52650321E-04, -.15676011E-03, .55264311E-04, .16668099E-08, .22517268E-03, .22597208E-05, .12338450E-05, .36285836E-02, .37853438E-02, .83930522, 1.7216039, 9.4005537, .11996147, .53525355E-01, .26212960E-04
-.25203273E-04, -.20555516E-03, .55264311E-04, .16667293E-08, .92811548E-04, .28076217E-05, .15330791E-05, .45108180E-02, .47163721E-02, .83928013, 1.7215531, 9.4005537, .12034537, .41767016E-01, .20304573E-04
-.75782489E-04, -.23124406E-03, .55264311E-04, .16666317E-08, .21990179E-03, .30142819E-05, .16460183E-05, .48454008E-02, .50766459E-02, .83920431, 1.7213995, 9.4005537, .12073895, .53881768E-01, .25980347E-04
-.20722914E-03, -.24107145E-03, .55264311E-04, .16663595E-08, .60765789E-03, .30160609E-05, .16472500E-05, .48512081E-02, .50922791E-02, .83899707, 1.7209799, 9.4005537, .12080643, .59985768E-01, .29185292E-04
-.14227934E-03, -.22250389E-03, .55264311E-04, .16660093E-08, .43011614E-03, .26744335E-05, .14609714E-05, .43045729E-02, .45270766E-02, .83885479, 1.7206919, 9.4005537, .12105659, .60077924E-01, .28906543E-04
-.90431902E-04, -.23572975E-03, .55264311E-04, .16657773E-08, .26002305E-03, .27195524E-05, .14858296E-05, .43798927E-02, .46156226E-02, .83876443, 1.7205088, 9.4005537, .12146197, .60248997E-01, .28648477E-04
-.10747301E-03, -.26809913E-03, .55264311E-04, .16655903E-08, .27893641E-03, .29817900E-05, .16292822E-05, .48049288E-02, .50730277E-02, .83865696, 1.7202914, 9.4005537, .12200173, .72592840E-01, .34665325E-04
-.19605647E-03, -.26324671E-03, .55264311E-04, .16653086E-08, .55187941E-03, .28323898E-05, .15479031E-05, .45669288E-02, .48301751E-02, .83846098, 1.7198944, 9.4005537, .12245586, .91099322E-01, .43311378E-04
-.21775352E-03, -.26520650E-03, .55264311E-04, .16649065E-08, .61562099E-03, .27611716E-05, .15093474E-05, .44551617E-02, .47203680E-02, .83824325, 1.7194537, 9.4005537, .12291369, .97547822E-01, .45968260E-04
-.17654583E-03, -.26371342E-03, .55264311E-04, .16645058E-08, .49257360E-03, .26615955E-05, .14552544E-05, .42973617E-02, .45610750E-02, .83806658, 1.7190958, 9.4005537, .12349562, .97997703E-01, .45949535E-04
-.15231935E-03, -.25306840E-03, .55264311E-04, .16641737E-08, .43013479E-03, .24682010E-05, .13497910E-05, .39878231E-02, .42408919E-02, .83791417, 1.7187873, 9.4005537, .12400187, .86155735E-01, .39886392E-04
-.16969487E-03, -.29799104E-03, .55264311E-04, .16638543E-08, .43741855E-03, .28201716E-05, .15425652E-05, .45593795E-02, .48573706E-02, .83774447, 1.7184436, 9.4005537, .12449080, .86515047E-01, .39541246E-04
-.22593056E-03, -.36875461E-03, .55264311E-04, .16634801E-08, .53617242E-03, .34053069E-05, .18630363E-05, .55088536E-02, .58776084E-02, .83751857, 1.7179863, 9.4005537, .12502144, .99291123E-01, .45909259E-04
-.21113447E-03, -.35759743E-03, .55264311E-04, .16630352E-08, .50274964E-03, .32331945E-05, .17693260E-05, .52337819E-02, .55913790E-02, .83730739, 1.7175586, 9.4005537, .12559180, .99758439E-01, .46105601E-04
-.19279431E-03, -.32402400E-03, .55264311E-04, .16626288E-08, .48122893E-03, .28546117E-05, .15625357E-05, .46241125E-02, .49481364E-02, .83711463, 1.7171685, 9.4005537, .12604803, .87675959E-01, .39885777E-04
-.52000014E-04, -.32589457E-03, .55264311E-04, .16623551E-08, .53539537E-04, .27987658E-05, .15322128E-05, .45363409E-02, .48622363E-02, .83706266, 1.7170632, 9.4005537, .12645543, .44001091E-01, .19800787E-04
-.17389258E-03, -.33307320E-03, .55264311E-04, .16621700E-08, .41507435E-03, .27885151E-05, .15267735E-05, .45222351E-02, .48553082E-02, .83688861, 1.7167107, 9.4005537, .12709615, .10099310, .45001070E-04
-.16844420E-03, -.35978592E-03, .55264311E-04, .16618026E-08, .37172306E-03, .29485245E-05, .16147302E-05, .47846986E-02, .51444839E-02, .83672017, 1.7163696, 9.4005537, .12770790, .95215969E-01, .41945361E-04
-.21190410E-03, -.35190815E-03, .55264311E-04, .16614499E-08, .51118783E-03, .28227348E-05, .15461717E-05, .45834561E-02, .49353652E-02, .83650827, 1.7159406, 9.4005537, .12822036, .10195864, .44128130E-04
-.42889365E-04, -.33782137E-03, .55264311E-04, .16611519E-08, .14202687E-04, .26524465E-05, .14531469E-05, .43094796E-02, .46473006E-02, .83646554, 1.7158542, 9.4005537, .12833671, .12782213E-01, .55016185E-05
-.61206993E-04, -.32393128E-03, .55264311E-04, .16610562E-08, .83679239E-04, .24742360E-05, .13555912E-05, .40221154E-02, .43460466E-02, .83640432, 1.7157302, 9.4005537, .12857245, .32002442E-01, .13674838E-04
-.92100760E-04, -.31372375E-03, .55264311E-04, .16609242E-08, .18747558E-03, .23348919E-05, .12793478E-05, .37976857E-02, .41114097E-02, .83631229, 1.7155439, 9.4005537, .12934121, .96385121E-01, .40691910E-04
-.70346205E-03, -.68751827E-03, .55264311E-04, .66714938E-06, .16596206E-02, .50271997E-05, .27558144E-05, .81837643E-02, .88712834E-02, .83560884, 1.7141194, 9.4005537, .12942187, .15491138, .73457726E-04
-.92945027E-03, -.89638925E-03, .55264311E-04, .77907574E-08, .21334826E-02, .65880113E-05, .36148874E-05, .10736750E-01, .11633140E-01, .83467919, 1.7122369, 9.4005537, .12902281, .15474260, .77969169E-04
-.94499637E-03, -.93574368E-03, .55264311E-04, .16661852E-08, .21408487E-02, .69546309E-05, .38202616E-05, .11348340E-01, .12284083E-01, .83373427, 1.7103236, 9.4005537, .12859850, .15444317, .77883000E-04
-.99359301E-03, -.10181752E-02, .55264311E-04, .16624422E-08, .22047409E-02, .76949827E-05, .42317401E-05, .12571803E-01, .13589981E-01, .83274066, 1.7083114, 9.4005537, .12808107, .15413578, .77609562E-04
-.55766013E-03, -.92105346E-03, .55264311E-04, .16590774E-08, .98376884E-03, .70974943E-05, .39070637E-05, .11608073E-01, .12529128E-01, .83218288, 1.7071817, 9.4005537, .12849472, .12838732, .64290558E-04
-.39586594E-03, -.78081200E-03, .55264311E-04, .16568903E-08, .63561415E-03, .60624925E-05, .33389188E-05, .99219922E-02, .10702804E-01, .83178693, 1.7063800, 9.4005537, .12902325, .10320466, .51016879E-04
-.19495550E-03, -.74754597E-03, .55264311E-04, .16550952E-08, .61353363E-04, .58126211E-05, .32025764E-05, .95190927E-02, .10266639E-01, .83159196, 1.7059852, 9.4005537, .12947223, .45335758E-01, .22235448E-04
-.31267121E-03, -.66094601E-03, .55264311E-04, .16537255E-08, .50475978E-03, .51186562E-05, .28210482E-05, .83874920E-02, .90484368E-02, .83127922, 1.7053518, 9.4005537, .12961510, .58449801E-01, .28345508E-04
-.55007497E-03, -.66594349E-03, .55264311E-04, .16523191E-08, .12179529E-02, .51279508E-05, .28274339E-05, .84089711E-02, .90749152E-02, .83072925, 1.7042381, 9.4005537, .12953962, .10395817, .49974613E-04
-.82549662E-03, -.76421472E-03, .55264311E-04, .16504383E-08, .19521530E-02, .58950632E-05, .32530897E-05, .96770013E-02, .10441216E-01, .82990360, 1.7025659, 9.4005537, .12929298, .15605724, .74601674E-04
-.98333182E-03, -.81839412E-03, .55264311E-04, .16482109E-08, .23750330E-02, .63787393E-05, .35238968E-05, .10484032E-01, .11302427E-01, .82892030, 1.7005744, 9.4005537, .12853725, .15550868, .74225864E-04
-.91145246E-03, -.84628066E-03, .55264311E-04, .16459820E-08, .21294288E-02, .66952448E-05, .37030356E-05, .11018107E-01, .11864388E-01, .82800889, 1.6987284, 9.4005537, .12797026, .15481769, .73831870E-04
-.37764586E-03, -.70505822E-03, .55264311E-04, .16445061E-08, .65677712E-03, .56334884E-05, .31181112E-05, .92791412E-02, .99841999E-02, .82763106, 1.6979632, 9.4005537, .12869652, .12926187, .61059611E-04
-.60530670E-03, -.64176996E-03, .55264311E-04, .16435356E-08, .14093590E-02, .51210677E-05, .28359270E-05, .84415674E-02, .90833362E-02, .82702589, 1.6967375, 9.4005537, .12851615, .11019042, .51502455E-04
-.87568944E-03, -.68104459E-03, .55264311E-04, .16418343E-08, .21878211E-02, .54457428E-05, .30186350E-05, .89873197E-02, .96683651E-02, .82615012, 1.6949637, 9.4005537, .12791096, .15516287, .72443494E-04
-.87019498E-03, -.89421531E-03, .55264311E-04, .13180318E-05, .19549772E-02, .72269431E-05, .40100999E-05, .11940742E-01, .12834959E-01, .82528001, 1.6932013, 9.4005537, .12768357, .15482372, .77237877E-04
-.80263161E-03, -.84186764E-03, .55264311E-04, .30405374E-06, .18042938E-02, .68992872E-05, .38320759E-05, .11412102E-01, .12253971E-01, .82447743, 1.6915755, 9.4005537, .12762116, .15485360, .77436271E-04
-.84261852E-03, -.86306193E-03, .55264311E-04, .14376725E-06, .19040055E-02, .71803606E-05, .39921156E-05, .11890064E-01, .12753126E-01, .82363462, 1.6898683, 9.4005537, .12744589, .15487619, .77316625E-04
-.72062452E-03, -.91865467E-03, .55264311E-04, .55759580E-06, .14782952E-02, .78115645E-05, .43475657E-05, .12949450E-01, .13868105E-01, .82291394, 1.6884085, 9.4005537, .12733245, .12892999, .64502070E-04
-.18186016E-03, -.76184049E-03, .55264311E-04, .15881940E-06, .66218163E-05, .65779072E-05, .36627691E-05, .10911119E-01, .11672962E-01, .82273209, 1.6880401, 9.4005537, .12737741, .64501688E-02, .32126520E-05
-.55248506E-03, -.69967064E-03, .55264311E-04, .35482883E-08, .11908781E-02, .60597026E-05, .33754238E-05, .10057395E-01, .10757066E-01, .82217962, 1.6869209, 9.4005537, .12739280, .10327440, .51041210E-04
-.69821073E-03, -.75555674E-03, .55264311E-04, .64344187E-06, .15747672E-02, .65976219E-05, .36780623E-05, .10960932E-01, .11716490E-01, .82148141, 1.6855065, 9.4005537, .12740043, .14864969, .73507035E-04
-.63003204E-03, -.72045845E-03, .55264311E-04, .91412842E-08, .14044825E-02, .63480984E-05, .35415430E-05, .10555856E-01, .11276314E-01, .82085133, 1.6842300, 9.4005537, .12723641, .10986017, .54117456E-04
-.59458450E-03, -.72658015E-03, .55264311E-04, .44792822E-06, .12905723E-02, .64640890E-05, .36092131E-05, .10759210E-01, .11485789E-01, .82025671, 1.6830254, 9.4005537, .12767114, .15532808, .76942262E-04
-.33610122E-03, -.71813574E-03, .55264311E-04, .57277526E-06, .51679637E-03, .64391570E-05, .35972314E-05, .10725402E-01, .11443537E-01, .81992072, 1.6823447, 9.4005537, .12894180, .15654671, .76797907E-04
-.56723645E-03, -.74799079E-03, .55264311E-04, .36578430E-06, .11862125E-02, .67767983E-05, .37878965E-05, .11295618E-01, .12043608E-01, .81935364, 1.6811961, 9.4005537, .12934242, .14461292, .70235961E-04
-.67243673E-03, -.75252180E-03, .55264311E-04, .33348016E-06, .14999325E-02, .69096168E-05, .38647836E-05, .11526414E-01, .12278937E-01, .81868112, 1.6798335, 9.4005537, .12955375, .15171151, .73332558E-04
-.81444962E-03, -.78587822E-03, .55264311E-04, .16450495E-06, .18960751E-02, .73399651E-05, .41093967E-05, .12257223E-01, .13043100E-01, .81786656, 1.6781832, 9.4005537, .12935069, .15831834, .76200806E-04
-.78658934E-03, -.73432445E-03, .55264311E-04, .42655861E-06, .18634447E-02, .69963621E-05, .39207730E-05, .11695586E-01, .12429912E-01, .81708008, 1.6765898, 9.4005537, .12920505, .15825349, .76330827E-04
-.67033386E-03, -.72632765E-03, .55264311E-04, .72534263E-08, .15200403E-02, .70542501E-05, .39567030E-05, .11803808E-01, .12530135E-01, .81640971, 1.6752316, 9.4005537, .12936121, .15840848, .76404489E-04
-.65027154E-03, -.71920041E-03, .55264311E-04, .16294109E-08, .14664410E-02, .71029826E-05, .39870897E-05, .11895814E-01, .12615014E-01, .81575942, 1.6739140, 9.4005537, .12916565, .11885163, .56571083E-04
-.77165611E-03, -.70839439E-03, .55264311E-04, .16262710E-08, .18445760E-02, .71327718E-05, .40071900E-05, .11956889E-01, .12665283E-01, .81498796, 1.6723509, 9.4005537, .12896544, .15194501, .71365590E-04
-.10655205E-02, -.69620600E-03, .55264311E-04, .16229057E-08, .27460731E-02, .71677932E-05, .40314303E-05, .12030092E-01, .12726299E-01, .81392246, 1.6701920, 9.4005537, .12784013, .15787812, .73344265E-04
-.68242161E-03, -.65605325E-03, .55264311E-04, .16197069E-08, .16271593E-02, .69291168E-05, .39016563E-05, .11643389E-01, .12299441E-01, .81324005, 1.6688092, 9.4005537, .12779295, .15700917, .73497220E-04
-.48572241E-03, -.65528869E-03, .55264311E-04, .12297720E-05, .10313253E-02, .70501287E-05, .39723800E-05, .11855643E-01, .12510931E-01, .81275415, 1.6678246, 9.4005537, .12853023, .15776265, .76528238E-04
-.74799411E-03, -.63936407E-03, .55264311E-04, .16232417E-08, .18422790E-02, .69949779E-05, .39441793E-05, .11772888E-01, .12412254E-01, .81200612, 1.6663088, 9.4005537, .12843171, .15835066, .76357930E-04
-.69765234E-03, -.65190578E-03, .55264311E-04, .18620765E-05, .16752558E-02, .72955518E-05, .41174944E-05, .12291137E-01, .12943042E-01, .81130850, 1.6648951, 9.4005537, .12845480, .15826304, .76424134E-04
-.45901141E-03, -.63168223E-03, .55264311E-04, .11287495E-05, .97404927E-03, .72527992E-05, .40962400E-05, .12228437E-01, .12860117E-01, .81084955, 1.6639650, 9.4005537, .12919228, .15888146, .76394892E-04
-.41214292E-03, -.56784652E-03, .55264311E-04, .20977578E-06, .89758326E-03, .66404064E-05, .37522395E-05, .11202771E-01, .11770620E-01, .81043744, 1.6631298, 9.4005537, .12990774, .14667949, .69794645E-04
-.43989861E-03, -.55810361E-03, .55264311E-04, .16180599E-08, .99158485E-03, .66028683E-05, .37330640E-05, .11147217E-01, .11705321E-01, .80999750, 1.6622384, 9.4005537, .12981981, .86861543E-01, .40732546E-04
-.70084207E-03, -.53644134E-03, .55264311E-04, .16152972E-08, .18032049E-02, .64126175E-05, .36277054E-05, .10834326E-01, .11370767E-01, .80929661, 1.6608181, 9.4005537, .12924765, .11338240, .52295956E-04
-.78998681E-03, -.57179463E-03, .55264311E-04, .87354709E-06, .20362688E-02, .69594207E-05, .39410452E-05, .11771364E-01, .12343159E-01, .80850649, 1.6592168, 9.4005537, .12884513, .15953143, .75685901E-04
-.76913717E-03, -.60920935E-03, .55264311E-04, .16147172E-08, .19360260E-02, .75938356E-05, .43040036E-05, .12856485E-01, .13465696E-01, .80773735, 1.6576580, 9.4005537, .12841119, .13946190, .65867556E-04
-.86971268E-03, -.54333440E-03, .55264311E-04, .16111875E-08, .23069673E-02, .69762045E-05, .39580000E-05, .11823520E-01, .12366854E-01, .80686778, 1.6558957, 9.4005537, .12779890, .15885840, .74646618E-04
-.10199392E-02, -.64385991E-03, .55264311E-04, .94120850E-07, .26594761E-02, .85958563E-05, .48826769E-05, .14585734E-01, .15229590E-01, .80584782, 1.6538285, 9.4005537, .12676607, .15798019, .75089942E-04
-.99552481E-03, -.66203350E-03, .55264311E-04, .81846360E-06, .25659488E-02, .93921635E-05, .53414819E-05, .15954649E-01, .16616682E-01, .80485231, 1.6518108, 9.4005537, .12584303, .15701829, .76039432E-04
-.98680553E-03, -.60059334E-03, .55264311E-04, .16064730E-08, .26021621E-02, .91054626E-05, .51846387E-05, .15484525E-01, .16085116E-01, .80386561, 1.6498109, 9.4005537, .12493230, .15613104, .75233671E-04
-.89160586E-03, -.58390619E-03, .55264311E-04, .57109611E-06, .23297388E-02, .95432270E-05, .54404891E-05, .16246440E-01, .16830346E-01, .80297405, 1.6480039, 9.4005537, .12426715, .15507497, .76829463E-04
-.84341754E-03, -.50101883E-03, .55264311E-04, .14184731E-05, .22667127E-02, .87936378E-05, .50182116E-05, .14984136E-01, .15485158E-01, .80213070, 1.6462944, 9.4005537, .12373754, .15474553, .76761258E-04
-.96982095E-03, -.50951017E-03, .55264311E-04, .31489108E-06, .26410848E-02, .97073553E-05, .55458772E-05, .16557749E-01, .17067261E-01, .80116093, 1.6443286, 9.4005537, .12278758, .15396467, .76723751E-04
-.10140610E-02, -.47899049E-03, .55264311E-04, .15993116E-08, .28054728E-02, .10130170E-04, .57944385E-05, .17296880E-01, .17775873E-01, .80014700, 1.6422732, 9.4005537, .12167526, .15291081, .76565346E-04
-.76109066E-03, -.39492879E-03, .55264311E-04, .15956454E-08, .21245789E-02, .93656927E-05, .53632816E-05, .16007090E-01, .16402017E-01, .79938567, 1.6407299, 9.4005537, .12120987, .15191381, .76401673E-04
-.50954986E-03, -.30535582E-03, .55264311E-04, .15928318E-08, .14541916E-02, .78964194E-05, .45253832E-05, .13505587E-01, .13810942E-01, .79887611, 1.6396970, 9.4005537, .12148178, .15202262, .75973243E-04
-.54874044E-03, -.26125374E-03, .55264311E-04, .15904630E-08, .16177335E-02, .71117474E-05, .40783593E-05, .12172170E-01, .12433425E-01, .79832745, 1.6385849, 9.4005537, .12159595, .15241274, .74782052E-04
-.10553194E-02, -.23909329E-03, .55264311E-04, .15877349E-08, .31737774E-02, .68052555E-05, .39065462E-05, .11660206E-01, .11899298E-01, .79727203, 1.6364450, 9.4005537, .12010206, .15157466, .73469877E-04
-.91103761E-03, -.19575001E-03, .55264311E-04, .15849121E-08, .27814859E-02, .57163284E-05, .32854373E-05, .98075122E-02, .10003264E-01, .79636103, 1.6345981, 9.4005537, .11891418, .15001909, .72553485E-04
-.87916339E-03, -.17840983E-03, .55264311E-04, .15824370E-08, .27028874E-02, .52104524E-05, .29980881E-05, .89513799E-02, .91297906E-02, .79548186, 1.6328158, 9.4005537, .11780541, .14867169, .72291055E-04
-.92974264E-03, -.18724226E-03, .55264311E-04, .15801723E-08, .28470298E-02, .54111156E-05, .31170871E-05, .93086567E-02, .94959000E-02, .79455203, 1.6309305, 9.4005537, .11648217, .14739856, .71427952E-04
-.84772613E-03, -.17453090E-03, .55264311E-04, .15782037E-08, .26119305E-02, .49690279E-05, .28652742E-05, .85585536E-02, .87330844E-02, .79370427, 1.6292119, 9.4005537, .11550826, .14642157, .70041657E-04
-.10315304E-02, -.21606887E-03, .55264311E-04, .15758950E-08, .31257176E-02, .61709939E-05, .35630758E-05, .10644786E-01, .10860855E-01, .79267275, 1.6271204, 9.4005537, .11396177, .14458810, .72163057E-04
-.11206135E-02, -.30220189E-03, .55264311E-04, .92407015E-06, .33051572E-02, .94546876E-05, .54660441E-05, .16329166E-01, .16631369E-01, .79155207, 1.6248481, 9.4005537, .11235657, .14283304, .77355340E-04
-.10409893E-02, -.24688267E-03, .55264311E-04, .15807216E-08, .31209337E-02, .89188852E-05, .51632314E-05, .15422620E-01, .15669502E-01, .79051089, 1.6227368, 9.4005537, .11093459, .14108923, .77389377E-04
-.88912091E-03, -.19332400E-03, .55264311E-04, .42656765E-06, .27153923E-02, .78379999E-05, .45429792E-05, .13569436E-01, .13762759E-01, .78962177, 1.6209340, 9.4005537, .10993710, .13974264, .77361190E-04
-.83495944E-03, -.16652734E-03, .55264311E-04, .15762360E-08, .25792175E-02, .72917151E-05, .42309139E-05, .12637943E-01, .12804471E-01, .78878695, 1.6192410, 9.4005537, .10908995, .13876393, .77047553E-04
-.10072471E-02, -.16993523E-03, .55264311E-04, .15727248E-08, .30965910E-02, .82219303E-05, .47760773E-05, .14266699E-01, .14436633E-01, .78777969, 1.6171985, 9.4005537, .10770794, .13763995, .76041761E-04
-.10377435E-02, -.13711286E-03, .55264311E-04, .15690643E-08, .32222276E-02, .78128223E-05, .45442589E-05, .13573477E-01, .13710587E-01, .78674185, 1.6150938, 9.4005537, .10612504, .13580251, .74777017E-04
-.88204205E-03, -.10427742E-03, .55264311E-04, .15659356E-08, .27849670E-02, .65096724E-05, .37907114E-05, .11323415E-01, .11427692E-01, .78585994, 1.6133053, 9.4005537, .10498830, .13442898, .73402611E-04
-.10230662E-02, -.93187002E-04, .55264311E-04, .15629231E-08, .32235116E-02, .61357832E-05, .35773878E-05, .10687384E-01, .10780572E-01, .78483689, 1.6112306, 9.4005537, .10335897, .13273005, .71986935E-04
-.10559566E-02, -.82851999E-04, .55264311E-04, .15600298E-08, .33340433E-02, .56012036E-05, .32699716E-05, .97703869E-02, .98532382E-02, .78378099, 1.6090890, 9.4005537, .10159601, .13075642, .70652895E-04
-.11225657E-02, -.75704680E-04, .55264311E-04, .15572025E-08, .35433571E-02, .52102487E-05, .30459007E-05, .91022486E-02, .91779549E-02, .78265834, 1.6068120, 9.4005537, .99578671E-01, .12847151, .69373906E-04
-.10686371E-02, -.69736125E-04, .55264311E-04, .15545079E-08, .33865799E-02, .47246986E-05, .27659730E-05, .82672872E-02, .83370218E-02, .78158963, 1.6046444, 9.4005537, .97707666E-01, .12607522, .68920039E-04
-.10624283E-02, -.81351347E-04, .55264311E-04, .15520363E-08, .33554577E-02, .55007799E-05, .32246537E-05, .96399067E-02, .97212587E-02, .78052711, 1.6024894, 9.4005537, .95901936E-01, .12388112, .70279333E-04
-.10778313E-02, -.83880208E-04, .55264311E-04, .15496783E-08, .33992589E-02, .58877590E-05, .34561349E-05, .10333261E-01, .10417144E-01, .77944922, 1.6003031, 9.4005537, .94077706E-01, .12177449, .70982969E-04
-.10987091E-02, -.76725293E-04, .55264311E-04, .15473350E-08, .34699312E-02, .56709314E-05, .33334163E-05, .99675339E-02, .10044258E-01, .77835047, 1.5980742, 9.4005537, .92165485E-01, .11955742, .70440750E-04
-.10797177E-02, -.67194313E-04, .55264311E-04, .15450509E-08, .34227073E-02, .49851114E-05, .29343162E-05, .87756142E-02, .88428091E-02, .77727073, 1.5958841, 9.4005537, .90281732E-01, .11731832, .69375812E-04
-.97938627E-03, -.67102927E-04, .55264311E-04, .15428637E-08, .31192335E-02, .47582676E-05, .28046343E-05, .83896164E-02, .84567200E-02, .77629143, 1.5938973, 9.4005537, .88711113E-01, .11514936, .69669368E-04
-.98630774E-03, -.81143779E-04, .55264311E-04, .15408547E-08, .31251775E-02, .57968186E-05, .34209138E-05, .10234728E-01, .10315872E-01, .77530503, 1.5918963, 9.4005537, .87208778E-01, .11335362, .72293631E-04
-.10503053E-02, -.76312223E-04, .55264311E-04, .15388169E-08, .33240616E-02, .56371023E-05, .33309141E-05, .99668363E-02, .10043150E-01, .77425480, 1.5897658, 9.4005537, .85488319E-01, .11149282, .71375216E-04
-.10779421E-02, -.66593784E-04, .55264311E-04, .15366745E-08, .34182079E-02, .49840050E-05, .29489897E-05, .88254241E-02, .88920183E-02, .77317673, 1.5875785, 9.4005537, .83638668E-01, .10934854, .69896822E-04
-.10589446E-02, -.61526109E-04, .55264311E-04, .15344923E-08, .33663032E-02, .44888302E-05, .26596763E-05, .79611465E-02, .80226725E-02, .77211785, 1.5854303, 9.4005537, .81790291E-01, .10704225, .68807953E-04
-.96994336E-03, -.58762787E-04, .55264311E-04, .15324604E-08, .31000772E-02, .39686456E-05, .23545178E-05, .70494749E-02, .71082376E-02, .77114803, 1.5834626, 9.4005537, .80219626E-01, .10497970, .68105750E-04
-.97623002E-03, -.60763239E-04, .55264311E-04, .15305534E-08, .31174824E-02, .36648746E-05, .21769974E-05, .65199272E-02, .65806909E-02, .77017170, 1.5814817, 9.4005537, .78637563E-01, .10313055, .67294321E-04
-.11033057E-02, -.90115966E-04, .55264311E-04, .15284375E-08, .34716374E-02, .51370075E-05, .30557617E-05, .91539780E-02, .92440946E-02, .76906830, 1.5792429, 9.4005537, .76708838E-01, .10087627, .68972884E-04
-.10268041E-02, -.10359610E-03, .55264311E-04, .15262875E-08, .32254017E-02, .62343152E-05, .37132695E-05, .11124671E-01, .11228267E-01, .76804143, 1.5771592, 9.4005537, .75105242E-01, .98726928E-01, .72982009E-04
-.88199420E-03, -.79065649E-04, .55264311E-04, .15244420E-08, .28128105E-02, .47660333E-05, .28422346E-05, .85166097E-02, .85956762E-02, .76715946, 1.5753696, 9.4005537, .73920764E-01, .97155869E-01, .71396345E-04
-.82389876E-03, -.82570274E-04, .55264311E-04, .15226729E-08, .26332631E-02, .48726483E-05, .29091379E-05, .87187905E-02, .88013615E-02, .76633579, 1.5736982, 9.4005537, .72870284E-01, .95676728E-01, .70234404E-04
-.62773889E-03, -.81961014E-04, .55264311E-04, .15212460E-08, .20398016E-02, .47623089E-05, .28459001E-05, .85308999E-02, .86128609E-02, .76570809, 1.5724243, 9.4005537, .72415479E-01, .94839178E-01, .69214402E-04
-.50295790E-03, -.81273000E-04, .55264311E-04, .15201111E-08, .16626491E-02, .46269447E-05, .27670274E-05, .82960986E-02, .83773723E-02, .76520514, 1.5714037, 9.4005537, .72325781E-01, .94554998E-01, .68202833E-04
-.35938498E-03, -.79366029E-04, .55264311E-04, .15192498E-08, .12299266E-02, .43421951E-05, .25982006E-05, .77916761E-02, .78710411E-02, .76484591, 1.5706747, 9.4005537, .72658591E-01, .94779335E-01, .67038789E-04
-.12263765E-02, -.13688314E-03, .55264311E-04, .15177439E-08, .37953334E-02, .78718313E-05, .47151188E-05, .14141628E-01, .14278511E-01, .76361948, 1.5681859, 9.4005537, .70634812E-01, .93810864E-01, .73732066E-04
-.12519326E-02, -.11979812E-03, .55264311E-04, .15152799E-08, .38888946E-02, .89124724E-05, .53466888E-05, .16034001E-01, .16153803E-01, .76236749, 1.5656450, 9.4005537, .68467468E-01, .91155984E-01, .76253658E-04
-.10853534E-02, -.80242695E-04, .55264311E-04, .15130180E-08, .34242221E-02, .85769216E-05, .51529996E-05, .15451326E-01, .15531571E-01, .76128215, 1.5634422, 9.4005537, .66776685E-01, .88871099E-01, .76322387E-04
-.11616804E-02, -.47187496E-04, .55264311E-04, .15107321E-08, .36875186E-02, .96520234E-05, .58075866E-05, .17411517E-01, .17458703E-01, .76012039, 1.5610844, 9.4005537, .64808846E-01, .86520143E-01, .77293727E-04
-.86026522E-03, .33371034E-05, .55264311E-04, .15087117E-08, .28247146E-02, .98702230E-05, .59466988E-05, .17824881E-01, .17821543E-01, .75926006, 1.5593382, 9.4005537, .63720390E-01, .84649064E-01, .76428645E-04
-.68338960E-03, .45715249E-04, .55264311E-04, .15071994E-08, .23321728E-02, .89518971E-05, .53987837E-05, .16179629E-01, .16133912E-01, .75857663, 1.5579511, 9.4005537, .63130766E-01, .83686948E-01, .75060372E-04
-.80474268E-03, .84422878E-04, .55264311E-04, .15057842E-08, .27383098E-02, .92240707E-05, .55682299E-05, .16685272E-01, .16600847E-01, .75777191, 1.5563176, 9.4005537, .62244903E-01, .82879312E-01, .78568788E-04
-.93092938E-03, .14401978E-03, .55264311E-04, .92455343E-06, .31782743E-02, .10297744E-04, .62235968E-05, .18645385E-01, .18501364E-01, .75684100, 1.5544280, 9.4005537, .60956627E-01, .81383131E-01, .81988808E-04
-.75776788E-03, .18631894E-03, .55264311E-04, .93420431E-06, .26964422E-02, .98138553E-05, .59375743E-05, .17784679E-01, .17598365E-01, .75608319, 1.5528899, 9.4005537, .60159121E-01, .80153607E-01, .82398787E-04
-.71126607E-03, .24895201E-03, .55264311E-04, .40758769E-06, .26181911E-02, .10364250E-04, .62764334E-05, .18795535E-01, .18546581E-01, .75537193, 1.5514461, 9.4005537, .59468213E-01, .79353251E-01, .82473482E-04
-.68631035E-03, .28323440E-03, .55264311E-04, .52506277E-06, .25773735E-02, .97633019E-05, .59179365E-05, .17718019E-01, .17434783E-01, .75468570, 1.5500531, 9.4005537, .58832325E-01, .78509443E-01, .82518731E-04
-.72988449E-03, .32242917E-03, .55264311E-04, .42595552E-07, .27492396E-02, .96344220E-05, .58453134E-05, .17497312E-01, .17174881E-01, .75395590, 1.5485716, 9.4005537, .58004115E-01, .77567853E-01, .82460931E-04
-.73614082E-03, .36442344E-03, .55264311E-04, .73247230E-06, .28095245E-02, .96436270E-05, .58566216E-05, .17528001E-01, .17163578E-01, .75321978, 1.5470772, 9.4005537, .57129901E-01, .76489158E-01, .82766725E-04
-.69713185E-03, .41803572E-03, .55264311E-04, .10113254E-06, .27453827E-02, .98616119E-05, .59944527E-05, .17936775E-01, .17518738E-01, .75252259, 1.5456618, 9.4005537, .56313004E-01, .75503163E-01, .82638966E-04
-.78493397E-03, .44268725E-03, .55264311E-04, .15020406E-08, .30366231E-02, .94566312E-05, .57539482E-05, .17213739E-01, .16771054E-01, .75173765, 1.5440683, 9.4005537, .55136211E-01, .74247219E-01, .80947895E-04
-.69287018E-03, .47473703E-03, .55264311E-04, .81147994E-06, .27890489E-02, .93379740E-05, .56873173E-05, .17011572E-01, .16536832E-01, .75104487, 1.5426619, 9.4005537, .54286525E-01, .73013432E-01, .81340819E-04
-.79960900E-03, .60499477E-03, .55264311E-04, .88344245E-06, .32412114E-02, .10834710E-04, .66053221E-05, .19752441E-01, .19147445E-01, .75024521, 1.5410384, 9.4005537, .52973829E-01, .71589939E-01, .82996376E-04
-.73055370E-03, .63209608E-03, .55264314E-04, .14974240E-08, .30604973E-02, .10315359E-04, .62949448E-05, .18818829E-01, .18186733E-01, .74951470, 1.5395553, 9.4005537, .51808443E-01, .70046537E-01, .81910366E-04
-.62039308E-03, .57116925E-03, .55264314E-04, .14944218E-08, .26673768E-02, .87193366E-05, .53257909E-05, .15918314E-01, .15347145E-01, .74889416, 1.5382953, 9.4005537, .51001143E-01, .68766393E-01, .80136087E-04
-.61009050E-03, .52352319E-03, .55264314E-04, .14917639E-08, .25895748E-02, .76784772E-05, .46938717E-05, .14028417E-01, .13504894E-01, .74828404, 1.5370566, 9.4005537, .50248057E-01, .67789495E-01, .78370460E-04
-.50537830E-03, .44944047E-03, .55264314E-04, .14894088E-08, .21994209E-02, .64528049E-05, .39476340E-05, .11798265E-01, .11348823E-01, .74777877, 1.5360307, 9.4005537, .49838204E-01, .66974752E-01, .76531862E-04
-.65198692E-03, .45944957E-03, .55264314E-04, .14873986E-08, .26536442E-02, .65425806E-05, .40054833E-05, .11972178E-01, .11512731E-01, .74712688, 1.5347072, 9.4005537, .49051657E-01, .66407263E-01, .76756529E-04
-.93544985E-03, .66946831E-03, .55264314E-04, .14849616E-08, .37200414E-02, .92222426E-05, .56523477E-05, .16893527E-01, .16224062E-01, .74619132, 1.5328075, 9.4005537, .47224287E-01, .64466976E-01, .80876038E-04
-.87323319E-03, .82667213E-03, .55264314E-04, .91617395E-07, .36871599E-02, .10721462E-04, .65789836E-05, .19658467E-01, .18831795E-01, .74531817, 1.5310346, 9.4005537, .45446537E-01, .62214825E-01, .81932150E-04
-.57075307E-03, .91414782E-03, .55264318E-04, .78036447E-06, .28569647E-02, .11055527E-04, .67901929E-05, .20282835E-01, .19368688E-01, .74474740, 1.5298755, 9.4005537, .44561036E-01, .60481872E-01, .85461994E-04
-.60022669E-03, .91608113E-03, .55264325E-04, .14874265E-08, .29496141E-02, .10462452E-04, .64308733E-05, .19204190E-01, .18288108E-01, .74414718, 1.5286566, 9.4005537, .43596681E-01, .59416354E-01, .84730185E-04
-.51163434E-03, .85953751E-03, .55264325E-04, .14845958E-08, .26256880E-02, .93734243E-05, .57658381E-05, .17214356E-01, .16354822E-01, .74363559, 1.5276178, 9.4005537, .42905193E-01, .58312595E-01, .82865976E-04
-.47977208E-03, .73937158E-03, .55264325E-04, .14821301E-08, .24105136E-02, .78341754E-05, .48220563E-05, .14395048E-01, .13655677E-01, .74315590, 1.5266438, 9.4005537, .42436920E-01, .57665303E-01, .80725098E-04
-.60472882E-03, .78537437E-03, .55264325E-04, .14797046E-08, .28349420E-02, .81326070E-05, .50094695E-05, .14953467E-01, .14168091E-01, .74255109, 1.5254154, 9.4005537, .41483566E-01, .56635082E-01, .79782265E-04
-.61523548E-03, .79771626E-03, .55264325E-04, .14774283E-08, .28792154E-02, .80671298E-05, .49731493E-05, .14843850E-01, .14046135E-01, .74193579, 1.5241660, 9.4005537, .40482208E-01, .55370200E-01, .79249665E-04
-.87323011E-03, .10600947E-02, .55264325E-04, .14750672E-08, .39212601E-02, .10358051E-04, .63918910E-05, .19075140E-01, .18015048E-01, .74106258, 1.5223926, 9.4005537, .38524091E-01, .53334687E-01, .82522914E-04
-.61774708E-03, .10669571E-02, .55264325E-04, .14729409E-08, .31542000E-02, .99925728E-05, .61724731E-05, .18415548E-01, .17348593E-01, .74044478, 1.5211381, 9.4005537, .37273012E-01, .51242333E-01, .82161365E-04
-.50843641E-03, .10743658E-02, .55264329E-04, .14713740E-08, .28306080E-02, .97084740E-05, .60013908E-05, .17901171E-01, .16826803E-01, .73993629, 1.5201055, 9.4005537, .36427706E-01, .49969971E-01, .81866972E-04
-.62469870E-03, .15579567E-02, .55264329E-04, .51459909E-06, .36624053E-02, .13387929E-04, .82824063E-05, .24695648E-01, .23137692E-01, .73931152, 1.5188365, 9.4005537, .34797478E-01, .48213571E-01, .87327840E-04
-.33111047E-03, .16792193E-02, .55264329E-04, .14772550E-08, .28941864E-02, .13552529E-04, .83893729E-05, .25000937E-01, .23321716E-01, .73898041, 1.5181640, 9.4005537, .33950254E-01, .46712115E-01, .87025204E-04
-.16561113E-03, .17439141E-02, .55264329E-04, .14750537E-08, .24575358E-02, .13281296E-04, .82241586E-05, .24495076E-01, .22751164E-01, .73881483, 1.5178279, 9.4005537, .33539463E-01, .45892488E-01, .86133165E-04
-.21419874E-03, .17145239E-02, .55264332E-04, .14731978E-08, .25762739E-02, .12422704E-04, .76940214E-05, .22904502E-01, .21189980E-01, .73860073, 1.5173929, 9.4005537, .33026397E-01, .45408238E-01, .85391723E-04
-.36431180E-03, .19821653E-02, .55264332E-04, .37889887E-06, .32972468E-02, .13708688E-04, .84942267E-05, .25273975E-01, .23291806E-01, .73823643, 1.5166532, 9.4005537, .31825390E-01, .44184607E-01, .87581713E-04
-.23837092E-03, .21822914E-02, .55264336E-04, .24516652E-06, .31151630E-02, .14331767E-04, .88834740E-05, .26415898E-01, .24233608E-01, .73799819, 1.5161691, 9.4005537, .30835941E-01, .42782996E-01, .88332541E-04
-.19804839E-03, .21083399E-02, .55264336E-04, .11616927E-05, .29191952E-02, .13215883E-04, .81944445E-05, .24352549E-01, .22244206E-01, .73780018, 1.5157671, 9.4005537, .30019233E-01, .41435737E-01, .88712091E-04
-.15940699E-03, .19524096E-02, .55264340E-04, .24926424E-05, .26462120E-02, .11816773E-04, .73287947E-05, .21769814E-01, .19817404E-01, .73764068, 1.5154431, 9.4005537, .29487658E-01, .40521737E-01, .88893808E-04
-.27110332E-03, .19933986E-02, .55264340E-04, .14737803E-08, .30283350E-02, .11732941E-04, .72788634E-05, .21613199E-01, .19619800E-01, .73736966, 1.5148926, 9.4005537, .28577032E-01, .39651599E-01, .88149944E-04
-.26544995E-03, .19016711E-02, .55264340E-04, .14715489E-08, .29203072E-02, .10902163E-04, .67658875E-05, .20082463E-01, .18180789E-01, .73710424, 1.5143535, 9.4005537, .27728982E-01, .38412672E-01, .87062952E-04
-.22527666E-03, .17390981E-02, .55264340E-04, .14694849E-08, .26370881E-02, .97839702E-05, .60741222E-05, .18024288E-01, .16285190E-01, .73687905, 1.5138962, 9.4005537, .27119538E-01, .37387036E-01, .85746586E-04
-.21271005E-03, .15852945E-02, .55264340E-04, .14677383E-08, .24461790E-02, .88019742E-05, .54660291E-05, .16216833E-01, .14631540E-01, .73666638, 1.5134643, 9.4005537, .26696317E-01, .36724675E-01, .84103121E-04
-.19007898E-03, .15396572E-02, .55264340E-04, .14662188E-08, .23322848E-02, .84646181E-05, .52580367E-05, .15597675E-01, .14058016E-01, .73647618, 1.5130780, 9.4005537, .26334058E-01, .36128212E-01, .82485749E-04
-.25831576E-03, .19958154E-02, .55264343E-04, .48553847E-07, .29928589E-02, .10837837E-04, .67343258E-05, .19973464E-01, .17977649E-01, .73621804, 1.5125536, 9.4005537, .25456585E-01, .35433728E-01, .85978128E-04
-.18235913E-03, .25192772E-02, .55264351E-04, .45763272E-05, .32791053E-02, .13294264E-04, .82631677E-05, .24496198E-01, .21976918E-01, .73603559, 1.5121830, 9.4005537, .24299288E-01, .33840336E-01, .90152935E-04
-.53620290E-04, .26062282E-02, .55264354E-04, .20748454E-07, .29803494E-02, .13333082E-04, .82881270E-05, .24556711E-01, .21950487E-01, .73598200, 1.5120741, 9.4005537, .23474926E-01, .32721046E-01, .89984016E-04
-.62124811E-04, .25618542E-02, .55264354E-04, .14696137E-08, .29623681E-02, .12738028E-04, .79188358E-05, .23450105E-01, .20888252E-01, .73591995, 1.5119482, 9.4005537, .22669625E-01, .31598400E-01, .89462737E-04
-.37152360E-04, .26104492E-02, .55264354E-04, .51974990E-06, .29348328E-02, .12655689E-04, .78683997E-05, .23289271E-01, .20678822E-01, .73588282, 1.5118726, 9.4005537, .21904880E-01, .30449711E-01, .90185546E-04
-.56243407E-04, .26445992E-02, .55264354E-04, .14701580E-08, .30275048E-02, .12519832E-04, .77844234E-05, .23029495E-01, .20384898E-01, .73582655, 1.5117584, 9.4005537, .21053836E-01, .29352849E-01, .90459544E-04
.21609882E-04, .28711311E-02, .55264394E-04, .11659484E-06, .30171846E-02, .13271487E-04, .82519800E-05, .24400268E-01, .21529134E-01, .73584819, 1.5118023, 9.4005537, .20219302E-01, .28224001E-01, .90773370E-04
.85209031E-04, .31291544E-02, .55264398E-04, .93140835E-06, .30807978E-02, .14088117E-04, .87590970E-05, .25884474E-01, .22755317E-01, .73593342, 1.5119755, 9.4005537, .19302806E-01, .27053669E-01, .91170863E-04
.24381136E-03, .33181806E-02, .55264398E-04, .44295810E-07, .27895214E-02, .14533547E-04, .90341191E-05, .26679860E-01, .23361683E-01, .73617733, 1.5124710, 9.4005537, .18676346E-01, .25996029E-01, .91042341E-04
.42337476E-03, .32054863E-02, .55264401E-04, .14702031E-08, .21334407E-02, .13690519E-04, .85063639E-05, .25105393E-01, .21899909E-01, .73660052, 1.5133305, 9.4005537, .18680776E-01, .25553687E-01, .89305722E-04
.37213636E-03, .28360719E-02, .55264401E-04, .14694346E-08, .19211543E-02, .11881135E-04, .73781339E-05, .21764306E-01, .18928237E-01, .73697269, 1.5140864, 9.4005537, .18863643E-01, .25672786E-01, .87254470E-04
.33160421E-03, .28650952E-02, .55264412E-04, .15893825E-06, .20729259E-02, .11839769E-04, .73489596E-05, .21669714E-01, .18804615E-01, .73730439, 1.5147601, 9.4005537, .18942559E-01, .25896974E-01, .86471446E-04
.49355550E-03, .39428533E-02, .55264412E-04, .14738976E-08, .26558763E-02, .15931784E-04, .98838764E-05, .29125949E-01, .25183093E-01, .73779815, 1.5157628, 9.4005537, .18425031E-01, .25386905E-01, .91152644E-04
.42858941E-03, .34942429E-02, .55264412E-04, .14732252E-08, .24063401E-02, .13785395E-04, .85463798E-05, .25166806E-01, .21672560E-01, .73822665, 1.5166332, 9.4005537, .18193381E-01, .25098639E-01, .89859503E-04
.35377924E-03, .37466472E-02, .55264416E-04, .17071867E-05, .28830944E-02, .14488979E-04, .89778086E-05, .26420746E-01, .22674099E-01, .73858023, 1.5173514, 9.4005537, .17553566E-01, .24534961E-01, .91747490E-04
.47681187E-03, .38596024E-02, .55264416E-04, .14757381E-08, .26247315E-02, .14614553E-04, .90510921E-05, .26618328E-01, .22758728E-01, .73905706, 1.5183196, 9.4005537, .17092858E-01, .23594534E-01, .91164497E-04
.59100613E-03, .36637885E-02, .55264416E-04, .14751863E-08, .20838156E-02, .13617078E-04, .84271669E-05, .24767550E-01, .21103762E-01, .73964804, 1.5195200, 9.4005537, .17162547E-01, .23368275E-01, .89513771E-04
.46543439E-03, .32020258E-02, .55264420E-04, .14747764E-08, .20045436E-02, .11741611E-04, .72613407E-05, .21330357E-01, .18128330E-01, .74011350, 1.5204654, 9.4005537, .17279722E-01, .23474200E-01, .87839930E-04
.44394308E-03, .29056696E-02, .55264420E-04, .14743717E-08, .17745137E-02, .10565431E-04, .65302374E-05, .19175792E-01, .16270122E-01, .74055737, 1.5213668, 9.4005537, .17561717E-01, .23622820E-01, .85944252E-04
.41103139E-03, .25363311E-02, .55264423E-04, .14742024E-08, .15063225E-02, .91806296E-05, .56710887E-05, .16648825E-01, .14112493E-01, .74096823, 1.5222012, 9.4005537, .18071778E-01, .24144562E-01, .83951418E-04
.37409613E-03, .22059612E-02, .55264423E-04, .14741643E-08, .12891081E-02, .79789561E-05, .49262640E-05, .14460362E-01, .12254399E-01, .74134231, 1.5229608, 9.4005537, .18753711E-01, .24897590E-01, .82223036E-04
.27267003E-03, .19092038E-02, .55264423E-04, .14742234E-08, .13008151E-02, .69245111E-05, .42733018E-05, .12543442E-01, .10634240E-01, .74161506, 1.5235147, 9.4005537, .19414075E-01, .25853487E-01, .81024868E-04
.20339534E-03, .17589367E-02, .55264423E-04, .14742094E-08, .13610218E-02, .64110018E-05, .39552069E-05, .11610366E-01, .98514305E-02, .74181849, 1.5239277, 9.4005537, .19976985E-01, .26619105E-01, .80057973E-04
.23028953E-03, .16543764E-02, .55264423E-04, .14742663E-08, .11752974E-02, .60676316E-05, .37423517E-05, .10986589E-01, .93322126E-02, .74204880, 1.5243955, 9.4005537, .20684941E-01, .27428374E-01, .78737292E-04
.40638843E-04, .18005656E-02, .55264423E-04, .14743808E-08, .18956957E-02, .66464213E-05, .40983214E-05, .12032830E-01, .10232266E-01, .74208945, 1.5244782, 9.4005537, .20724658E-01, .28152689E-01, .78641540E-04
.15306882E-03, .16497110E-02, .55264423E-04, .14742467E-08, .14046242E-02, .61161386E-05, .37712325E-05, .11073051E-01, .94233407E-02, .74224240, 1.5247887, 9.4005537, .21136474E-01, .28070295E-01, .77757279E-04
.28992432E-04, .26183641E-02, .55264423E-04, .14743862E-08, .27456861E-02, .97522488E-05, .60122215E-05, .17653711E-01, .15035349E-01, .74227142, 1.5248476, 9.4005537, .20530533E-01, .28466599E-01, .83857594E-04
.11259719E-03, .39384924E-02, .55264423E-04, .10127313E-05, .38067121E-02, .14458298E-04, .89128926E-05, .26157552E-01, .22219054E-01, .74238402, 1.5250763, 9.4005537, .18927697E-01, .26512573E-01, .92932780E-04
.33657753E-03, .39729830E-02, .55264423E-04, .37218176E-05, .31598043E-02, .14325798E-04, .88282677E-05, .25892239E-01, .21919258E-01, .74272066, 1.5257598, 9.4005537, .18003089E-01, .24945876E-01, .93559705E-04
.46119856E-03, .39380067E-02, .55264427E-04, .98348419E-05, .27413887E-02, .13970676E-04, .86043674E-05, .25219604E-01, .21281596E-01, .74318200, 1.5266968, 9.4005537, .17554333E-01, .24175925E-01, .93786752E-04
.58835634E-03, .39113835E-02, .55264427E-04, .62441550E-05, .23332953E-02, .13673583E-04, .84159510E-05, .24652438E-01, .20741055E-01, .74377030, 1.5278914, 9.4005537, .17419321E-01, .23624731E-01, .93998817E-04
.63270447E-03, .41175187E-02, .55264427E-04, .54297413E-06, .24102288E-02, .14195082E-04, .87291000E-05, .25554219E-01, .21436704E-01, .74440306, 1.5291764, 9.4005537, .17329572E-01, .23756504E-01, .94022253E-04
.55759196E-03, .43000071E-02, .55264438E-04, .56506826E-06, .28199481E-02, .14602593E-04, .89728846E-05, .26250601E-01, .21950589E-01, .74496078, 1.5303088, 9.4005537, .16772846E-01, .23167372E-01, .93853829E-04
.66432974E-03, .45264484E-02, .55264441E-04, .32102015E-07, .27229313E-02, .15140049E-04, .92958635E-05, .27176797E-01, .22650346E-01, .74562514, 1.5316578, 9.4005537, .16295796E-01, .22429826E-01, .93432180E-04
.85378747E-03, .47843792E-02, .55264441E-04, .14907220E-08, .24061685E-02, .15741716E-04, .96556059E-05, .28207041E-01, .23422666E-01, .74647897, 1.5333916, 9.4005537, .16145112E-01, .21948792E-01, .93864750E-04
.97884773E-03, .48747244E-02, .55264441E-04, .54151224E-06, .21169886E-02, .15786776E-04, .96718322E-05, .28232541E-01, .23357814E-01, .74745780, 1.5353789, 9.4005537, .16273215E-01, .21851102E-01, .94020972E-04
.89398748E-03, .49343919E-02, .55264478E-04, .28133678E-06, .24341806E-02, .15738749E-04, .96293961E-05, .28086668E-01, .23152281E-01, .74835169, 1.5371940, 9.4005537, .16196510E-01, .22180006E-01, .94932679E-04
.73429232E-03, .49254517E-02, .55264478E-04, .40058197E-06, .29093523E-02, .15485239E-04, .94645802E-05, .27584800E-01, .22659356E-01, .74908584, 1.5386846, 9.4005537, .15587065E-01, .21509379E-01, .94904091E-04
.79379982E-03, .50114919E-02, .55264485E-04, .66268768E-06, .28147832E-02, .15541727E-04, .94896068E-05, .27636772E-01, .22625286E-01, .74987966, 1.5402962, 9.4005537, .15066537E-01, .20702900E-01, .95247211E-04
.84016181E-03, .50970144E-02, .55264485E-04, .22389403E-06, .27602373E-02, .15601898E-04, .95161085E-05, .27692899E-01, .22595892E-01, .75071985, 1.5420021, 9.4005537, .14624375E-01, .20037340E-01, .95793170E-04
.86167245E-03, .50949147E-02, .55264489E-04, .76733375E-08, .26934154E-02, .15403899E-04, .93850085E-05, .27290797E-01, .22195881E-01, .75158161, 1.5437516, 9.4005537, .14219176E-01, .19407786E-01, .95678050E-04
.92757924E-03, .51480858E-02, .55264489E-04, .23125399E-08, .25469488E-02, .15388889E-04, .93646095E-05, .27211383E-01, .22063300E-01, .75250936, 1.5456350, 9.4005537, .13997911E-01, .19068869E-01, .95722382E-04
.91593841E-03, .51530860E-02, .55264496E-04, .15017195E-08, .25874288E-02, .15235968E-04, .92604023E-05, .26888726E-01, .21735642E-01, .75342524, 1.5474943, 9.4005537, .13721517E-01, .18677494E-01, .95718024E-04
.89434657E-03, .48089102E-02, .55264500E-04, .15021092E-08, .23098786E-02, .14085732E-04, .85512829E-05, .24812767E-01, .20003859E-01, .75431955, 1.5493098, 9.4005537, .13664267E-01, .18354295E-01, .94249554E-04
.86354092E-03, .43360009E-02, .55264500E-04, .15026564E-08, .19318195E-02, .12624775E-04, .76555662E-05, .22201611E-01, .17865611E-01, .75518316, 1.5510629, 9.4005537, .13964759E-01, .18508144E-01, .92327267E-04
.79131458E-03, .42887400E-02, .55264503E-04, .15033407E-08, .21036307E-02, .12438094E-04, .75341486E-05, .21839483E-01, .17550746E-01, .75597447, 1.5526692, 9.4005537, .14119511E-01, .18828817E-01, .92079987E-04
.11168538E-02, .54966197E-02, .55264503E-04, .85665170E-06, .23209793E-02, .15825080E-04, .95744908E-05, .27736673E-01, .22240052E-01, .75709128, 1.5549362, 9.4005537, .14075610E-01, .18693935E-01, .96561656E-04
.13465664E-02, .57001896E-02, .55264503E-04, .29583225E-05, .18261347E-02, .16244803E-04, .98117798E-05, .28401375E-01, .22701187E-01, .75843787, 1.5576694, 9.4005537, .14621305E-01, .19282037E-01, .97143617E-04
.11629233E-02, .55099204E-02, .55264507E-04, .26888063E-05, .21933150E-02, .15554384E-04, .93793324E-05, .27128330E-01, .21618407E-01, .75960070, 1.5600296, 9.4005537, .14799556E-01, .19727636E-01, .97301694E-04
.10895445E-02, .54182839E-02, .55264507E-04, .54847123E-06, .23265963E-02, .15169924E-04, .91339771E-05, .26399313E-01, .20981032E-01, .76069003, 1.5622406, 9.4005537, .14862928E-01, .19861897E-01, .97612676E-04
.11275008E-02, .54706801E-02, .55264511E-04, .14952114E-05, .22630976E-02, .15202942E-04, .91415768E-05, .26402649E-01, .20931968E-01, .76181769, 1.5645292, 9.4005537, .14912482E-01, .19658661E-01, .97736956E-04
.12990687E-02, .55892905E-02, .55264511E-04, .60534097E-06, .18627055E-02, .15419249E-04, .92563942E-05, .26714893E-01, .21125602E-01, .76311690, 1.5671659, 9.4005537, .15437635E-01, .20241519E-01, .97917415E-04
.11367581E-02, .54319873E-02, .55264514E-04, .61448048E-06, .21977318E-02, .14883939E-04, .89205851E-05, .25727423E-01, .20295439E-01, .76425362, 1.5694728, 9.4005537, .15642658E-01, .20769645E-01, .97525364E-04
.88315207E-03, .49735145E-02, .55264514E-04, .15274019E-08, .25095295E-02, .13557530E-04, .81153503E-05, .23390559E-01, .18417042E-01, .76513678, 1.5712650, 9.4005537, .15451192E-01, .20580536E-01, .96093245E-04
.79421746E-03, .46103992E-02, .55264514E-04, .15273560E-08, .24168962E-02, .12531167E-04, .74928666E-05, .21585573E-01, .16975174E-01, .76593113, 1.5728770, 9.4005537, .15331129E-01, .20366834E-01, .94680880E-04
.81493269E-03, .47876006E-02, .55264525E-04, .15273770E-08, .25309322E-02, .12985373E-04, .77565819E-05, .22334963E-01, .17547363E-01, .76674610, 1.5745307, 9.4005537, .15099495E-01, .20099977E-01, .94601106E-04
.10886033E-02, .53811609E-02, .55264525E-04, .15280008E-08, .22939988E-02, .14530604E-04, .86691771E-05, .24948057E-01, .19566897E-01, .76783472, 1.5767397, 9.4005537, .15088793E-01, .19788386E-01, .96039468E-04
.10485217E-02, .49369219E-02, .55264529E-04, .15291369E-08, .19724942E-02, .13280635E-04, .79122374E-05, .22756465E-01, .17819542E-01, .76888323, 1.5788672, 9.4005537, .15420546E-01, .20098398E-01, .94744180E-04
.91425964E-03, .45446549E-02, .55264529E-04, .15302388E-08, .19880566E-02, .12202906E-04, .72610956E-05, .20873835E-01, .16329180E-01, .76979744, 1.5807222, 9.4005537, .15693920E-01, .20410260E-01, .93459610E-04
.95818756E-03, .44206828E-02, .55264529E-04, .15314233E-08, .17314210E-02, .11862304E-04, .70501387E-05, .20259174E-01, .15838489E-01, .77075571, 1.5826666, 9.4005537, .16183078E-01, .20804701E-01, .92281989E-04
.90458302E-03, .43879081E-02, .55264536E-04, .15328021E-08, .18611525E-02, .11776723E-04, .69907392E-05, .20081086E-01, .15693177E-01, .77166015, 1.5845016, 9.4005537, .16575104E-01, .21471569E-01, .92252478E-04
.99548791E-03, .47172280E-02, .55264569E-04, .15343590E-08, .19143189E-02, .12644006E-04, .74965710E-05, .21524660E-01, .16807433E-01, .77265573, 1.5865215, 9.4005537, .16908966E-01, .21815836E-01, .93489274E-04
.94394450E-03, .42186356E-02, .55264572E-04, .15360103E-08, .15732421E-02, .11303993E-04, .66938219E-05, .19212129E-01, .14993493E-01, .77359968, 1.5884366, 9.4005537, .17545665E-01, .22402836E-01, .91714646E-04
.86173043E-03, .36557904E-02, .55264572E-04, .15375936E-08, .12609466E-02, .98145574E-05, .58052024E-05, .16657239E-01, .13001445E-01, .77446139, 1.5901848, 9.4005537, .18448448E-01, .23338562E-01, .89917296E-04
.85877243E-03, .33515657E-02, .55264572E-04, .15391630E-08, .96651056E-03, .90310386E-05, .53359108E-05, .15308199E-01, .11956635E-01, .77532035, 1.5919274, 9.4005537, .19610070E-01, .24642227E-01, .88171037E-04
.80065668E-03, .29409300E-02, .55264572E-04, .15406936E-08, .73299807E-03, .79654328E-05, .47013827E-05, .13486791E-01, .10545861E-01, .77612120, 1.5935520, 9.4005537, .20959748E-01, .26204495E-01, .86380802E-04
.78098872E-03, .27014862E-02, .55264572E-04, .15421981E-08, .55376114E-03, .73645374E-05, .43423233E-05, .12456806E-01, .97553199E-02, .77690238, 1.5951368, 9.4005537, .22457758E-01, .28028971E-01, .84766245E-04
.75358374E-03, .25196769E-02, .55264572E-04, .15436716E-08, .45543205E-03, .69194316E-05, .40758923E-05, .11693112E-01, .91734342E-02, .77765596, 1.5966654, 9.4005537, .24025634E-01, .29975830E-01, .83477142E-04
.64065278E-03, .27600960E-02, .55264572E-04, .15450807E-08, .10371763E-02, .76398092E-05, .44959247E-05, .12899064E-01, .10138968E-01, .77829659, 1.5979649, 9.4005537, .25092140E-01, .31854901E-01, .84268650E-04
.50369900E-03, .31091247E-02, .55264572E-04, .15461799E-08, .17999836E-02, .86443151E-05, .50836125E-05, .14584166E-01, .11475041E-01, .77880019, 1.5989864, 9.4005537, .25398400E-01, .32524075E-01, .87301683E-04
.52766653E-03, .30742183E-02, .55264572E-04, .15471751E-08, .16925699E-02, .85843540E-05, .50450885E-05, .14472441E-01, .11398222E-01, .77932793, 1.6000569, 9.4005537, .25800264E-01, .32938246E-01, .86790933E-04
.56332460E-03, .29338710E-02, .55264572E-04, .15482305E-08, .14446058E-02, .82313127E-05, .48343127E-05, .13866937E-01, .10933067E-01, .77989113, 1.6011993, 9.4005537, .26422663E-01, .33546347E-01, .85836102E-04
.60238742E-03, .27536117E-02, .55264572E-04, .15493806E-08, .11465352E-02, .77670329E-05, .45582879E-05, .13074791E-01, .10321178E-01, .78049338, 1.6024209, 9.4005537, .27319258E-01, .34487262E-01, .84763458E-04
.26368641E-03, .33820048E-02, .55264572E-04, .15503332E-08, .27988348E-02, .95801479E-05, .56189283E-05, .16115785E-01, .12733781E-01, .78075725, 1.6029562, 9.4005537, .26734687E-01, .34839820E-01, .88876550E-04
.22178495E-03, .32341783E-02, .55264572E-04, .15508046E-08, .27782992E-02, .91849606E-05, .53855251E-05, .15444029E-01, .12209851E-01, .78097904, 1.6034061, 9.4005537, .26124230E-01, .33990007E-01, .90141548E-04
.28676738E-03, .32310318E-02, .55264572E-04, .15512556E-08, .25783486E-02, .92049231E-05, .53956578E-05, .15471179E-01, .12240149E-01, .78126585, 1.6039877, 9.4005537, .25708668E-01, .33268038E-01, .90239271E-04
.57034160E-03, .33701290E-02, .55264572E-04, .15520459E-08, .18582866E-02, .96284730E-05, .56410513E-05, .16172437E-01, .12802309E-01, .78183633, 1.6051449, 9.4005537, .25994772E-01, .33086833E-01, .89199508E-04
.65880601E-03, .54553105E-02, .55264532E-04, .51828728E-08, .36696612E-02, .15560381E-04, .91092461E-05, .26105044E-01, .20649733E-01, .78249514, 1.6064811, 9.4005537, .24689555E-01, .32626733E-01, .96451338E-04
.97413448E-03, .55211941E-02, .55264438E-04, .34457582E-06, .27802999E-02, .15623631E-04, .91361990E-05, .26163094E-01, .20641895E-01, .78346926, 1.6084567, 9.4005537, .24301559E-01, .31544682E-01, .98986318E-04
.10584171E-02, .52318010E-02, .55264325E-04, .12656784E-04, .22243436E-02, .14717441E-04, .85954907E-05, .24598408E-01, .19366603E-01, .78452772, 1.6106035, 9.4005537, .24481984E-01, .31322677E-01, .99869765E-04
.13186113E-02, .50547747E-02, .55264216E-04, .18215773E-05, .12709060E-02, .14159112E-04, .82574707E-05, .23617048E-01, .18562272E-01, .78584641, 1.6132779, 9.4005537, .25603507E-01, .31988438E-01, .99937424E-04
.11999730E-02, .48172069E-02, .55264110E-04, .28493371E-05, .13923497E-02, .13456746E-04, .78346820E-05, .22395879E-01, .17578676E-01, .78704631, 1.6157112, 9.4005537, .26289463E-01, .27747242E-01, .83230174E-04
.10449388E-02, .48119281E-02, .55264012E-04, .99908425E-06, .18584810E-02, .13411498E-04, .77974300E-05, .22278303E-01, .17466376E-01, .78809142, 1.6178306, 9.4005537, .26875708E-01, .34078363E-01, .99852543E-04
.10307508E-02, .50097131E-02, .55263914E-04, .15753554E-08, .20997743E-02, .13927623E-04, .80871687E-05, .23094306E-01, .18084595E-01, .78912228, 1.6199210, 9.4005537, .27182842E-01, .34544963E-01, .99082565E-04
.91881567E-03, .46344995E-02, .55263805E-04, .15755283E-08, .20646080E-02, .12858799E-04, .74574568E-05, .21285664E-01, .16651167E-01, .79004109, 1.6217842, 9.4005537, .27500913E-01, .34885116E-01, .97622040E-04
.84316242E-03, .44424003E-02, .55263692E-04, .15757040E-08, .21021627E-02, .12313388E-04, .71332893E-05, .20351809E-01, .15909405E-01, .79088420, 1.6234938, 9.4005537, .27744591E-01, .35177104E-01, .96477161E-04
.10500503E-02, .46824720E-02, .55263587E-04, .15761300E-08, .17152412E-02, .12968560E-04, .75043695E-05, .21401627E-01, .16719153E-01, .79193425, 1.6256230, 9.4005537, .28332308E-01, .35536166E-01, .95638556E-04
.99323923E-03, .41790195E-02, .55263492E-04, .15771608E-08, .13852570E-02, .11568429E-04, .66853686E-05, .19058207E-01, .14879191E-01, .79292744, 1.6276367, 9.4005537, .29255049E-01, .36534850E-01, .94399082E-04
.88905159E-03, .37734886E-02, .55263397E-04, .15780874E-08, .12963187E-02, .10466920E-04, .60418838E-05, .17219221E-01, .13445731E-01, .79381645, 1.6294394, 9.4005537, .30212302E-01, .37602685E-01, .92953393E-04
.86586835E-03, .34592687E-02, .55263321E-04, .15791439E-08, .10531751E-02, .96270942E-05, .55510709E-05, .15817493E-01, .12358221E-01, .79468226, 1.6311946, 9.4005537, .31378776E-01, .38888995E-01, .91552203E-04
.80343051E-03, .32193102E-02, .55263292E-04, .15803213E-08, .10029173E-02, .89975629E-05, .51826360E-05, .14765809E-01, .11546497E-01, .79548562, 1.6328233, 9.4005537, .32576561E-01, .40362637E-01, .90169553E-04
.69057645E-03, .28488722E-02, .55263277E-04, .15814290E-08, .97516261E-03, .80056134E-05, .46070109E-05, .13125126E-01, .10276255E-01, .79617608, 1.6342233, 9.4005537, .33756766E-01, .41790932E-01, .88714653E-04
.59461733E-03, .25228329E-02, .55263277E-04, .15824133E-08, .94051909E-03, .71400636E-05, .41056460E-05, .11697281E-01, .91744475E-02, .79677081, 1.6354291, 9.4005537, .34938615E-01, .43231759E-01, .87237328E-04
.55205298E-03, .23832812E-02, .55263277E-04, .15833496E-08, .93018805E-03, .67964502E-05, .39053098E-05, .11127446E-01, .87441644E-02, .79732275, 1.6365478, 9.4005537, .36094699E-01, .44638533E-01, .86113898E-04
.57227560E-03, .23376150E-02, .55263277E-04, .15843017E-08, .82339684E-03, .67211427E-05, .38593712E-05, .10997821E-01, .86602056E-02, .79789501, 1.6377079, 9.4005537, .37339237E-01, .46105120E-01, .85158441E-04
.59565477E-03, .22802642E-02, .55263277E-04, .15853329E-08, .69540273E-03, .66108637E-05, .37933455E-05, .10810981E-01, .85307155E-02, .79849088, 1.6389160, 9.4005537, .38680535E-01, .47665898E-01, .84140389E-04
.59570727E-03, .20958844E-02, .55263277E-04, .15864844E-08, .51136978E-03, .61269852E-05, .35130699E-05, .10013470E-01, .79175876E-02, .79908657, 1.6401236, 9.4005537, .40188745E-01, .49433678E-01, .83184634E-04
.55971590E-03, .18853213E-02, .55263277E-04, .15875588E-08, .41033875E-03, .55687424E-05, .31907070E-05, .90965591E-02, .72112367E-02, .79964626, 1.6412582, 9.4005537, .41774377E-01, .51341921E-01, .82158775E-04
.57731615E-03, .18071939E-02, .55263277E-04, .15886364E-08, .27912486E-03, .53965491E-05, .30898900E-05, .88112531E-02, .70040599E-02, .80022371, 1.6424289, 9.4005537, .43465473E-01, .53339910E-01, .81020458E-04
.59385941E-03, .16960626E-02, .55263277E-04, .15897688E-08, .11821081E-03, .51228212E-05, .29310588E-05, .83604921E-02, .66644298E-02, .80081749, 1.6436324, 9.4005537, .45291502E-01, .55481762E-01, .79887999E-04
.60067931E-03, .16310792E-02, .55263277E-04, .15909446E-08, .32739867E-04, .49884047E-05, .28520362E-05, .81374897E-02, .65064114E-02, .80141819, 1.6448501, 9.4005537, .46077050E-01, .23784967E-01, .32988373E-04
.60845475E-03, .16218898E-02, .55263277E-04, .15921273E-08, .0000000, .50244412E-05, .28705031E-05, .81926789E-02, .65707890E-02, .80202669, 1.6460836, 9.4005537, .46077050E-01, .0000000, .0000000
.47365837E-04, .21595005E-02, .55263277E-04, .15929370E-08, .22343034E-02, .67623387E-05, .38614589E-05, .11023460E-01, .88639623E-02, .80207413, 1.6461798, 9.4005537, .45952693E-01, .57751730E-01, .80839352E-04
-.23442596E-03, .28204974E-02, .55263277E-04, .15927062E-08, .37461722E-02, .88757388E-05, .50690351E-05, .14471030E-01, .11650532E-01, .80183977, 1.6457046, 9.4005537, .44348747E-01, .56502655E-01, .87587629E-04
.57518148E-04, .35118531E-02, .55263205E-04, .15924246E-08, .35516291E-02, .11057327E-04, .63159773E-05, .18027546E-01, .14515693E-01, .80189723, 1.6458211, 9.4005537, .42959925E-01, .54429282E-01, .92464034E-04
.47000145E-03, .35472694E-02, .55263099E-04, .15929833E-08, .23383615E-02, .11156635E-04, .63704979E-05, .18178090E-01, .14630822E-01, .80236715, 1.6467736, 9.4005537, .42833611E-01, .53538650E-01, .92817158E-04
.62434771E-03, .36940770E-02, .55262979E-04, .15940600E-08, .20175269E-02, .11613524E-04, .66268344E-05, .18904369E-01, .15210294E-01, .80299157, 1.6480393, 9.4005537, .43078691E-01, .53692345E-01, .92794719E-04
.61531336E-03, .42291423E-02, .55262881E-04, .15953340E-08, .25783149E-02, .13260918E-04, .75608846E-05, .21560805E-01, .17331656E-01, .80360693, 1.6492867, 9.4005537, .42848237E-01, .53743985E-01, .95529431E-04
.70956390E-03, .43330258E-02, .55262783E-04, .11864905E-05, .23954897E-02, .13524595E-04, .77049490E-05, .21961248E-01, .17628223E-01, .80431640, 1.6507248, 9.4005537, .42841267E-01, .53518515E-01, .98926401E-04
.85407787E-03, .44761165E-02, .55262681E-04, .10687601E-05, .21009259E-02, .13911925E-04, .79180081E-05, .22557724E-01, .18081605E-01, .80517060, 1.6524560, 9.4005537, .43152269E-01, .53695768E-01, .99076824E-04
.10034031E-02, .47673178E-02, .55262575E-04, .16103234E-08, .19404363E-02, .14745196E-04, .83827472E-05, .23869157E-01, .19101838E-01, .80617404, 1.6544896, 9.4005537, .43633521E-01, .54136872E-01, .98849057E-04
.10770124E-02, .50763479E-02, .55262455E-04, .13728430E-05, .20245006E-02, .15610178E-04, .88632087E-05, .25222275E-01, .20145928E-01, .80725110, 1.6566726, 9.4005537, .44051472E-01, .54637391E-01, .99259596E-04
.82631153E-03, .42593875E-02, .55262357E-04, .14460306E-05, .19688909E-02, .13035104E-04, .73922770E-05, .21024935E-01, .16765550E-01, .80807751, 1.6583475, 9.4005537, .44509996E-01, .55108458E-01, .99356861E-04
.69196388E-03, .34492165E-02, .55262262E-04, .16158428E-08, .15692904E-02, .10565804E-04, .59865611E-05, .17022116E-01, .13572900E-01, .80876958, 1.6597500, 9.4005537, .45339566E-01, .55790808E-01, .99290708E-04
.63929200E-03, .32508501E-02, .55262150E-04, .71928049E-07, .15308656E-02, .99971439E-05, .56597637E-05, .16090734E-01, .12839885E-01, .80940884, 1.6610454, 9.4005537, .46227153E-01, .56835230E-01, .99310644E-04
.60841336E-03, .32614050E-02, .55262037E-04, .25275662E-07, .16348745E-02, .10070322E-04, .56967774E-05, .16194008E-01, .12932603E-01, .81001735, 1.6622785, 9.4005537, .47018442E-01, .57860896E-01, .99229910E-04
.52926020E-03, .30040112E-02, .55261924E-04, .20879656E-05, .16157510E-02, .93146327E-05, .52656560E-05, .14966932E-01, .11962921E-01, .81054658, 1.6633512, 9.4005537, .47808737E-01, .58738071E-01, .99237506E-04
.47270081E-03, .26587902E-02, .55261826E-04, .21389071E-06, .14446137E-02, .82961405E-05, .46870573E-05, .13322273E-01, .10663482E-01, .81101948, 1.6643095, 9.4005537, .48769891E-01, .59788540E-01, .99152305E-04
.44464314E-03, .27094269E-02, .55261720E-04, .16214767E-08, .15801731E-02, .85130969E-05, .48069078E-05, .13663356E-01, .10953929E-01, .81146413, 1.6652105, 9.4005537, .49598407E-01, .60895711E-01, .98918303E-04
.42748751E-03, .27902029E-02, .55261604E-04, .16204561E-08, .17125723E-02, .88223587E-05, .49789178E-05, .14152364E-01, .11362164E-01, .81189150, 1.6660765, 9.4005537, .50278515E-01, .61782811E-01, .98594064E-04
.48367452E-03, .28747919E-02, .55261491E-04, .16196190E-08, .16268118E-02, .91405436E-05, .51557076E-05, .14654500E-01, .11779708E-01, .81237519, 1.6670566, 9.4005537, .51035851E-01, .62587030E-01, .98344033E-04
.66909142E-03, .28428291E-02, .55261393E-04, .16192307E-08, .10337860E-02, .90871017E-05, .51220954E-05, .14558378E-01, .11715548E-01, .81304437, 1.6684127, 9.4005537, .52378658E-01, .63761227E-01, .98153068E-04
.66049851E-03, .28713914E-02, .55261284E-04, .16193440E-08, .10882368E-02, .92310893E-05, .51989064E-05, .14776222E-01, .11904833E-01, .81370473, 1.6697507, 9.4005537, .53202998E-01, .51484127E-01, .77528821E-04
.63396548E-03, .29010251E-02, .55261178E-04, .16196469E-08, .11980523E-02, .93718872E-05, .52740033E-05, .14988786E-01, .12087760E-01, .81433874, 1.6710354, 9.4005537, .54001998E-01, .55017982E-01, .81278056E-04
.50127960E-03, .28019217E-02, .55261058E-04, .16199797E-08, .15007786E-02, .91003185E-05, .51176976E-05, .14543984E-01, .11742065E-01, .81484008, 1.6720512, 9.4005537, .54867089E-01, .67057110E-01, .96971278E-04
.43153871E-03, .27543334E-02, .55260960E-04, .16203192E-08, .16643606E-02, .89943005E-05, .50551948E-05, .14365976E-01, .11611643E-01, .81527150, 1.6729254, 9.4005537, .55560008E-01, .67975916E-01, .96515178E-04
.44638960E-03, .27208743E-02, .55260854E-04, .16207363E-08, .15860333E-02, .89328896E-05, .50180465E-05, .14260095E-01, .11539219E-01, .81571800, 1.6738299, 9.4005537, .56297809E-01, .68791084E-01, .96234413E-04
.42330971E-03, .26189000E-02, .55260742E-04, .16212797E-08, .15541970E-02, .86500377E-05, .48565735E-05, .13801243E-01, .11182343E-01, .81614137, 1.6746879, 9.4005537, .57082340E-01, .69704212E-01, .95822448E-04
.44205270E-03, .26254563E-02, .55260625E-04, .16219156E-08, .15039740E-02, .87225526E-05, .48946736E-05, .13909554E-01, .11284099E-01, .81658340, 1.6755835, 9.4005537, .57914257E-01, .70672005E-01, .95457312E-04
.45296294E-03, .25907550E-02, .55260523E-04, .16225898E-08, .14363358E-02, .86567825E-05, .48552647E-05, .13797582E-01, .11206827E-01, .81703639, 1.6765012, 9.4005537, .58789369E-01, .71587875E-01, .95227333E-04
.39341865E-03, .25055646E-02, .55260425E-04, .16233366E-08, .15315723E-02, .84253306E-05, .47229478E-05, .13421862E-01, .10916299E-01, .81742984, 1.6772984, 9.4005537, .59572395E-01, .72622985E-01, .95054333E-04
.32843041E-03, .24478806E-02, .55260309E-04, .16239614E-08, .16706944E-02, .82843626E-05, .46419000E-05, .13192008E-01, .10744129E-01, .81775832, 1.6779639, 9.4005537, .60214285E-01, .73458999E-01, .94902760E-04
.33810787E-03, .25028712E-02, .55260200E-04, .16245475E-08, .16961750E-02, .85173297E-05, .47705471E-05, .13557819E-01, .11054947E-01, .81809640, 1.6786487, 9.4005537, .60818046E-01, .74168794E-01, .94806637E-04
.38692509E-03, .25628146E-02, .55260087E-04, .16252256E-08, .16081609E-02, .87617827E-05, .49053106E-05, .13940597E-01, .11377783E-01, .81848335, 1.6794327, 9.4005537, .61512262E-01, .74927412E-01, .94666408E-04
.53832674E-03, .25338221E-02, .55259989E-04, .16259957E-08, .11211027E-02, .87035824E-05, .48703528E-05, .13841012E-01, .11307192E-01, .81902176, 1.6805235, 9.4005537, .62256511E-01, .63096620E-01, .78682388E-04
.75063808E-03, .20535551E-02, .55259901E-04, .16272999E-08, .0000000, .71242807E-05, .39834749E-05, .11321966E-01, .92684105E-02, .81977230, 1.6820441, 9.4005537, .62256511E-01, .0000000, .0000000
.49122813E-03, .16805795E-02, .55259898E-04, .16285120E-08, .41319453E-03, .59265799E-05, .33112585E-05, .94144456E-02, .77338666E-02, .82026356, 1.6830393, 9.4005537, .62763065E-01, .28627234E-01, .34936664E-04
.18512266E-03, .15735676E-02, .55259898E-04, .16292199E-08, .12327109E-02, .56401645E-05, .31498491E-05, .89587029E-02, .73851356E-02, .82044876, 1.6834145, 9.4005537, .62941916E-01, .47905784E-01, .57814661E-04
.18891227E-03, .14989167E-02, .55259898E-04, .16295767E-08, .11467793E-02, .54559205E-05, .30462841E-05, .86671337E-02, .71682171E-02, .82063764, 1.6837971, 9.4005537, .63287646E-01, .51260326E-01, .61261038E-04
.91778187E-04, .14559799E-02, .55259898E-04, .16297825E-08, .13978346E-02, .53778199E-05, .30022945E-05, .85448241E-02, .70888447E-02, .82072961, 1.6839833, 9.4005537, .64093836E-01, .77646621E-01, .91411668E-04
.21086205E-03, .13926717E-02, .55259898E-04, .16301307E-08, .97435492E-03, .52227351E-05, .29150965E-05, .82995147E-02, .69068423E-02, .82094038, 1.6844105, 9.4005537, .65220259E-01, .75642087E-01, .87159417E-04
.77073208E-04, .13621000E-02, .55259898E-04, .16304754E-08, .13486396E-02, .51890970E-05, .28957143E-05, .82472824E-02, .68851830E-02, .82101762, 1.6845670, 9.4005537, .65534830E-01, .59744328E-01, .67760579E-04
.12212706E-04, .13308828E-02, .55259898E-04, .16305619E-08, .15137222E-02, .51453449E-05, .28711440E-05, .81800716E-02, .68491898E-02, .82102996, 1.6845919, 9.4005537, .66091537E-01, .76997094E-01, .86084910E-04
-.24025298E-04, .13172270E-02, .55259898E-04, .16305374E-08, .16096965E-02, .51648217E-05, .28820518E-05, .82138283E-02, .68966015E-02, .82100594, 1.6845433, 9.4005537, .66649213E-01, .81015833E-01, .89440313E-04
.21886135E-04, .14732260E-02, .55259898E-04, .11624168E-06, .16259683E-02, .58578348E-05, .32687778E-05, .93189636E-02, .78457380E-02, .82102782, 1.6845876, 9.4005537, .67253970E-01, .81726335E-01, .90624242E-04
.34834928E-04, .21056058E-02, .55259898E-04, .39936273E-06, .22163000E-02, .84424692E-05, .47110320E-05, .13432547E-01, .11326939E-01, .82106262, 1.6846582, 9.4005537, .67311399E-01, .81995942E-01, .96804579E-04
.13862133E-03, .21081446E-02, .55259898E-04, .16398812E-08, .19051393E-02, .85018364E-05, .47434810E-05, .13525767E-01, .11417623E-01, .82120132, 1.6849391, 9.4005537, .67719288E-01, .82437821E-01, .96386764E-04
.21090738E-03, .20978111E-02, .55259898E-04, .16384704E-08, .16760807E-02, .85053516E-05, .47443368E-05, .13528744E-01, .11430934E-01, .82141209, 1.6853662, 9.4005537, .68385094E-01, .83130501E-01, .95926611E-04
.28920273E-03, .21518380E-02, .55259898E-04, .94324730E-06, .14920048E-02, .87656017E-05, .48882575E-05, .13939504E-01, .11787667E-01, .82170129, 1.6859519, 9.4005537, .69182485E-01, .83875470E-01, .96087249E-04
.71785226E-03, .20352278E-02, .55259898E-04, .14664261E-05, .78318386E-04, .83405021E-05, .46486257E-05, .13256711E-01, .11221482E-01, .82241923, 1.6874063, 9.4005537, .69797434E-01, .24668580E-01, .28181437E-04
.59380231E-03, .16838275E-02, .55259898E-04, .16429498E-08, .10509544E-03, .69962953E-05, .38963030E-05, .11113724E-01, .94298953E-02, .82301301, 1.6886091, 9.4005537, .70237860E-01, .17748879E-01, .19987245E-04
.30393910E-03, .15364378E-02, .55259898E-04, .16420741E-08, .83526358E-03, .64893957E-05, .36119766E-05, .10305824E-01, .87693855E-02, .82331681, 1.6892245, 9.4005537, .70477881E-01, .39172828E-01, .43628828E-04
.14944930E-03, .15055164E-02, .55259898E-04, .16409879E-08, .12718150E-02, .64555734E-05, .35920539E-05, .10251935E-01, .87464172E-02, .82346630, 1.6895274, 9.4005537, .70734248E-01, .57132583E-01, .63033796E-04
.18262182E-03, .14978090E-02, .55259898E-04, .16399434E-08, .11636872E-02, .65089107E-05, .36210772E-05, .10337420E-01, .88396110E-02, .82364899, 1.6898975, 9.4005537, .71182862E-01, .61051119E-01, .66623361E-04
.56759007E-04, .14908393E-02, .55259898E-04, .16391812E-08, .15374798E-02, .65650074E-05, .36515639E-05, .10427084E-01, .89362431E-02, .82370579, 1.6900125, 9.4005537, .71295783E-01, .61304007E-01, .66345034E-04
.12566145E-04, .15268009E-02, .55259898E-04, .16383818E-08, .17069195E-02, .67990500E-05, .37816146E-05, .10800757E-01, .92739575E-02, .82371843, 1.6900381, 9.4005537, .71845077E-01, .87149985E-01, .93504641E-04
.12902687E-03, .18022736E-02, .55259898E-04, .18225749E-06, .16285544E-02, .80874397E-05, .44980570E-05, .12848698E-01, .11046424E-01, .82384741, 1.6902994, 9.4005537, .72496980E-01, .87732427E-01, .95325777E-04
.56551292E-03, .18083892E-02, .55259898E-04, .88966722E-07, .31405047E-03, .81611115E-05, .45373708E-05, .12961840E-01, .11153452E-01, .82441282, 1.6914448, 9.4005537, .73419958E-01, .47957238E-01, .51774598E-04
.55514008E-03, .15038059E-02, .55259898E-04, .16471311E-08, .42247128E-04, .68723580E-05, .38182370E-05, .10909695E-01, .94058877E-02, .82496798, 1.6925691, 9.4005537, .73798425E-01, .14890061E-01, .15824122E-04
.37580074E-03, .13532004E-02, .55259898E-04, .16462416E-08, .43483987E-03, .62920785E-05, .34938548E-05, .99859582E-02, .86327577E-02, .82534385, 1.6933305, 9.4005537, .74255288E-01, .33663619E-01, .35338449E-04
.18485528E-03, .12757314E-02, .55259898E-04, .16452092E-08, .93534414E-03, .60383904E-05, .33517854E-05, .95830858E-02, .83073536E-02, .82552868, 1.6937047, 9.4005537, .74471682E-01, .45080468E-01, .46792818E-04
.17934681E-03, .12360479E-02, .55259898E-04, .16441792E-08, .91241527E-03, .59519571E-05, .33031133E-05, .94470019E-02, .82109543E-02, .82570803, 1.6940682, 9.4005537, .74679650E-01, .45177530E-01, .46498728E-04
.36858011E-04, .12241260E-02, .55259898E-04, .16433516E-08, .13315557E-02, .59938625E-05, .33257779E-05, .95148440E-02, .82907164E-02, .82574487, 1.6941428, 9.4005537, .74864037E-01, .60361724E-01, .61666207E-04
.11844935E-03, .12150262E-02, .55259898E-04, .16425583E-08, .10755545E-02, .60391149E-05, .33507015E-05, .95889010E-02, .83738752E-02, .82586342, 1.6943828, 9.4005537, .75072877E-01, .52978259E-01, .53680760E-04
.62309642E-04, .11680714E-02, .55259898E-04, .16421231E-08, .11985907E-02, .59005679E-05, .32733499E-05, .93703968E-02, .82023237E-02, .82592577, 1.6945091, 9.4005537, .75338438E-01, .60721178E-01, .60961378E-04
.10743809E-03, .11441249E-02, .55259898E-04, .16417412E-08, .10381382E-02, .58703690E-05, .32563446E-05, .93244882E-02, .81803631E-02, .82603317, 1.6947267, 9.4005537, .76421507E-01, .88203140E-01, .87352317E-04
.20562331E-04, .11343053E-02, .55259898E-04, .16415094E-08, .12911239E-02, .59080444E-05, .32769572E-05, .93862107E-02, .82519054E-02, .82605380, 1.6947684, 9.4005537, .77114433E-01, .85352689E-01, .83092047E-04
.16727467E-03, .11008526E-02, .55259898E-04, .16413696E-08, .81388350E-03, .58182759E-05, .32268977E-05, .92454003E-02, .81445482E-02, .82622105, 1.6951073, 9.4005537, .77652268E-01, .58565319E-01, .56273930E-04
.32099353E-04, .10385755E-02, .55259898E-04, .16414307E-08, .11608138E-02, .55833643E-05, .30961241E-05, .88735344E-02, .78349579E-02, .82625312, 1.6951722, 9.4005537, .77870376E-01, .58798999E-01, .55904500E-04
.21447831E-03, .11174601E-02, .55259898E-04, .16414150E-08, .68739383E-03, .61044429E-05, .33847966E-05, .97037936E-02, .85863322E-02, .82646763, 1.6956067, 9.4005537, .79368949E-01, .95181070E-01, .90601992E-04
.36541946E-03, .11246653E-02, .55259898E-04, .16418833E-08, .23780216E-03, .62379436E-05, .34576501E-05, .99153174E-02, .87906513E-02, .82683295, 1.6963465, 9.4005537, .80142602E-01, .44256624E-01, .41877302E-04
.11097871E-03, .10312391E-02, .55259898E-04, .16423745E-08, .91458706E-03, .58299706E-05, .32304088E-05, .92667285E-02, .82354890E-02, .82694393, 1.6965715, 9.4005537, .80811799E-01, .68977870E-01, .64309999E-04
-.13573979E-03, .10668756E-02, .55259898E-04, .16423931E-08, .16963602E-02, .61275041E-05, .33951360E-05, .97420719E-02, .86751962E-02, .82680815, 1.6962966, 9.4005537, .81353553E-01, .98398030E-01, .90638554E-04
.10681768E-03, .13397160E-02, .55259898E-04, .93651909E-06, .12327917E-02, .77562454E-05, .42982756E-05, .12335530E-01, .10995816E-01, .82691503, 1.6965129, 9.4005537, .82281522E-01, .98850287E-01, .93190785E-04
.45031504E-03, .12519648E-02, .55259898E-04, .81357774E-08, .10718822E-03, .73101619E-05, .40496025E-05, .11623550E-01, .10371584E-01, .82736534, 1.6974250, 9.4005537, .83122417E-01, .41691497E-01, .38716487E-04
.41391831E-03, .10503442E-02, .55259898E-04, .16524955E-08, .16773483E-04, .62378058E-05, .34537588E-05, .99160168E-02, .88656722E-02, .82777917, 1.6982630, 9.4005537, .83338395E-01, .83874119E-02, .76757833E-05
.20913771E-03, .93661575E-03, .55259898E-04, .16513285E-08, .52314706E-03, .56842518E-05, .31460659E-05, .90358127E-02, .80991974E-02, .82798845, 1.6986871, 9.4005537, .83518825E-01, .29416211E-01, .26662927E-04
-.89482201E-04, .90467429E-03, .55259898E-04, .16500278E-08, .13947233E-02, .56070653E-05, .31028233E-05, .89147547E-02, .80100810E-02, .82789898, 1.6985059, 9.4005537, .83620362E-01, .67329369E-01, .60490813E-04
-.78614510E-04, .94644789E-03, .55259898E-04, .16483402E-08, .14032655E-02, .59600948E-05, .32988892E-05, .94807846E-02, .85343365E-02, .82782048, 1.6983469, 9.4005537, .84124587E-01, .92917562E-01, .83068990E-04
.91170084E-04, .91734424E-03, .55259898E-04, .16473376E-08, .86057809E-03, .58793548E-05, .32540565E-05, .93547245E-02, .84373802E-02, .82791167, 1.6985315, 9.4005537, .84614180E-01, .63660949E-01, .56316629E-04
-.11204005E-03, .90238394E-03, .55259898E-04, .16466215E-08, .14603990E-02, .58877408E-05, .32584528E-05, .93701873E-02, .84678018E-02, .82779974, 1.6983049, 9.4005537, .84651835E-01, .68227746E-01, .59685448E-04
-.40493454E-04, .97379112E-03, .55259898E-04, .21000481E-08, .13148005E-02, .64369970E-05, .35632224E-05, .10249078E-01, .92752855E-02, .82775915, 1.6982226, 9.4005537, .85326023E-01, .98406367E-01, .86003834E-04
.40334964E-03, .10021540E-02, .55259898E-04, .87641340E-07, .0000000, .67192950E-05, .37186282E-05, .10698560E-01, .96964054E-02, .82816255, 1.6990397, 9.4005537, .85326023E-01, .0000000, .0000000
.35047770E-03, .84115000E-03, .55259898E-04, .16534427E-08, .0000000, .57674229E-05, .31903978E-05, .91819158E-02, .83407648E-02, .82851309, 1.6997496, 9.4005537, .85326023E-01, .0000000, .0000000
.31430909E-03, .73110062E-03, .55259898E-04, .16523671E-08, .0000000, .51476204E-05, .28464071E-05, .81951432E-02, .74640433E-02, .82882726, 1.7003859, 9.4005537, .85326023E-01, .0000000, .0000000
.30194386E-03, .69356558E-03, .55259898E-04, .16514695E-08, .0000000, .50275758E-05, .27790045E-05, .80044810E-02, .73109157E-02, .82912922, 1.7009974, 9.4005537, .85326023E-01, .0000000, .0000000
.10365451E-03, .71692420E-03, .55259898E-04, .16506603E-08, .62293571E-03, .53401504E-05, .29510084E-05, .85032685E-02, .77863438E-02, .82923287, 1.7012074, 9.4005537, .85933208E-01, .51678706E-01, .45024517E-04
.12091294E-03, .68425038E-03, .55259898E-04, .16498671E-08, .53816591E-03, .52248633E-05, .28869395E-05, .83216708E-02, .76374211E-02, .82935387, 1.7014525, 9.4005537, .86225726E-01, .38936246E-01, .33551692E-04
.10665609E-03, .64573390E-03, .55259898E-04, .16493125E-08, .54294034E-03, .50660924E-05, .27988390E-05, .80708209E-02, .74250866E-02, .82946050, 1.7016684, 9.4005537, .86407237E-01, .34704160E-01, .29614765E-04
