.48313741E-01, .40775109E-01, .11254744E-03, .12607429E-02, .75386292E-02, .0000000, .34737412E-01, .24293641E-01, 5.6909313
.47241382E-01, .39962880E-01, .11347737E-03, .12870765E-02, .72784922E-02, .13093753E-02, .31713955E-01, .23817530E-01, 5.7356944
.51196959E-01, .43407995E-01, .11422927E-03, .15647061E-02, .77889557E-02, .16293660E-01, .27323797E-01, .21723516E-01, 5.7613163
.62106892E-01, .52752592E-01, .11458194E-03, .22287166E-02, .93543027E-02, .22853753E-01, .17917562E-01, .19834450E-01, 5.7718711
.65197214E-01, .55462271E-01, .11482983E-03, .24031231E-02, .97349444E-02, .50852932E-02, .10962830E-01, .21169407E-01, 5.7934442
.60692508E-01, .51720269E-01, .11530609E-03, .21290106E-02, .89722555E-02, .0000000, .97565418E-02, .23504542E-01, 5.8184109
.52415092E-01, .44753741E-01, .11581137E-03, .17321350E-02, .76613594E-02, .0000000, .11643440E-01, .23534097E-01, 5.8443499
.44402238E-01, .37994608E-01, .11632365E-03, .13820562E-02, .64076278E-02, .0000000, .11309574E-01, .23430340E-01, 5.8690486
.41148476E-01, .35290647E-01, .11679206E-03, .12839728E-02, .58578262E-02, .0000000, .10346382E-01, .23269827E-01, 5.8923340
.39882943E-01, .34283109E-01, .11726009E-03, .12924655E-02, .55998280E-02, .0000000, .11560369E-01, .23041749E-01, 5.9165654
.39753556E-01, .34249578E-01, .11776116E-03, .13724695E-02, .55039809E-02, .0000000, .13839436E-01, .22797609E-01, 5.9429011
.39252147E-01, .33892043E-01, .11829894E-03, .14494556E-02, .53600953E-02, .82295900E-03, .16270839E-01, .22096053E-01, 5.9706163
.40941369E-01, .35425432E-01, .11876837E-03, .17185187E-02, .55159302E-02, .11172098E-01, .18380599E-01, .19640505E-01, 5.9899845
.44796944E-01, .38835593E-01, .11923171E-03, .22016999E-02, .59613455E-02, .40722620E-02, .19404793E-01, .20963162E-01, 6.0174360
.48790678E-01, .42368986E-01, .11958060E-03, .27480107E-02, .64216941E-02, .21229280E-01, .18659197E-01, .16346173E-01, 6.0269008
.44898644E-01, .39053433E-01, .11998647E-03, .24859316E-02, .58452082E-02, .0000000, .17766465E-01, .21970551E-01, 6.0563879
.39877161E-01, .34755547E-01, .12057426E-03, .21099427E-02, .51216166E-02, .14756093E-02, .20044934E-01, .21024628E-01, 6.0863290
.36484528E-01, .31863958E-01, .12117508E-03, .19068958E-02, .46205749E-02, .28771318E-02, .22312822E-01, .20586643E-01, 6.1168365
.37177838E-01, .32534558E-01, .12178225E-03, .20653238E-02, .46432731E-02, .45451578E-02, .24135765E-01, .20019349E-01, 6.1473627
.41229159E-01, .36147520E-01, .12238335E-03, .25567550E-02, .50816378E-02, .60504940E-02, .25052050E-01, .18959401E-01, 6.1772442
.51280092E-01, .45034859E-01, .12301738E-03, .34592019E-02, .62452275E-02, .31841774E-02, .25902614E-01, .20299574E-01, 6.2111053
.55110525E-01, .48471700E-01, .12367504E-03, .37384077E-02, .66388315E-02, .59127272E-02, .26984349E-01, .19711830E-01, 6.2434340
.55200409E-01, .48617989E-01, .12424734E-03, .30775545E-02, .65824254E-02, .13262488E-01, .25982590E-01, .18634193E-01, 6.2680154
.49001105E-01, .43219086E-01, .12473384E-03, .27200582E-02, .57820249E-02, .10512460E-01, .23649406E-01, .18136805E-01, 6.2925711
.49880709E-01, .44061486E-01, .12523727E-03, .30716790E-02, .58192215E-02, .69531044E-02, .22265859E-01, .18200079E-01, 6.3189850
.54744281E-01, .48424993E-01, .12575704E-03, .31637354E-02, .63192900E-02, .79128714E-02, .21519495E-01, .18576901E-01, 6.3441057
.52052788E-01, .46104219E-01, .12619144E-03, .28722559E-02, .59485678E-02, .13859440E-01, .20014059E-01, .17423062E-01, 6.3616915
.50798085E-01, .45053478E-01, .12651754E-03, .28544413E-02, .57446091E-02, .14968030E-01, .18804984E-01, .17029075E-01, 6.3767710
.49017016E-01, .43530650E-01, .12683478E-03, .25856395E-02, .54863645E-02, .12381621E-01, .18011782E-01, .17638324E-01, 6.3936558
.45505561E-01, .40472236E-01, .12716383E-03, .23967286E-02, .50333221E-02, .11176339E-01, .17339442E-01, .17296672E-01, 6.4108086
.52047368E-01, .46352822E-01, .12750323E-03, .32491300E-02, .56945411E-02, .11296807E-01, .17431449E-01, .16901592E-01, 6.4277415
.62905639E-01, .56086045E-01, .12783162E-03, .39985194E-02, .68195895E-02, .13216838E-01, .17340844E-01, .17134937E-01, 6.4430389
.59781518E-01, .53352535E-01, .12813648E-03, .33985300E-02, .64289812E-02, .12691870E-01, .16681531E-01, .17457925E-01, 6.4584117
.52836843E-01, .47212288E-01, .12844159E-03, .30550375E-02, .56245504E-02, .11875615E-01, .17071873E-01, .17657232E-01, 6.4745293
.51852725E-01, .46390217E-01, .12883094E-03, .31927763E-02, .54625096E-02, .30219376E-02, .17100416E-01, .18093005E-01, 6.4992280
.51710483E-01, .46321608E-01, .12925034E-03, .33201613E-02, .53888639E-02, .11640952E-01, .16706619E-01, .16329885E-01, 6.5147114
.54727476E-01, .49078196E-01, .12953515E-03, .38285016E-02, .56492733E-02, .10667151E-01, .16489644E-01, .16206045E-01, 6.5307026
.52441321E-01, .47080982E-01, .12986727E-03, .40101437E-02, .53603365E-02, .12790352E-01, .18090254E-01, .15508053E-01, 6.5457029
.49321905E-01, .44330873E-01, .13025689E-03, .35788631E-02, .49910331E-02, .89960871E-03, .18157616E-01, .18663172E-01, 6.5727224
.46054825E-01, .41454569E-01, .13082067E-03, .32389653E-02, .46002571E-02, .26757170E-02, .22964770E-01, .18674685E-01, 6.6027207
.43504085E-01, .39214108E-01, .13146763E-03, .31681114E-02, .42899745E-02, .65943650E-02, .29756788E-01, .17349014E-01, 6.6353526
.93774751E-01, .84609747E-01, .52839447E-01, .33226963E-02, .91649983E-02, .35595801E-01, .26363961E-01, .17167676E-01, 6.5876055
.12301635, .11095289, .61397604E-03, .34324196E-02, .12063451E-01, .41784056E-01, .14043681E-01, .16340008E-01, 6.5763621
.12999491, .11716532, .13114933E-03, .37952343E-02, .12829584E-01, .44703029E-01, .72262422E-02, .15812946E-01, 6.5562706
.14396273, .12962699, .13058590E-03, .46383715E-02, .14335738E-01, .45860324E-01, .48963712E-02, .14473098E-01, 6.5333533
.13287859, .11951438, .13014737E-03, .42489036E-02, .13364217E-01, .22944860E-01, .43916344E-02, .16555190E-01, 6.5322642
.11356556, .10209553, .13020617E-03, .33921853E-02, .11470038E-01, .15296955E-01, .63103926E-02, .18142963E-01, 6.5397038
.10895415, .97935654E-01, .13034878E-03, .32733155E-02, .11018492E-01, .28163309E-02, .80664540E-02, .19482382E-01, 6.5610504
.96012399E-01, .86314544E-01, .13066606E-03, .27676614E-02, .96978648E-02, .10915322E-01, .12194027E-01, .19118650E-01, 6.5776081
.96268989E-01, .86566307E-01, .13089870E-03, .29429877E-02, .97026825E-02, .24119668E-01, .14542653E-01, .17122552E-01, 6.5831399
.11077885, .99600434E-01, .13076066E-03, .39608572E-02, .11178432E-01, .38997270E-01, .10828873E-01, .14442148E-01, 6.5705423
.11998844, .10781885, .13032711E-03, .48094452E-02, .12169588E-01, .48008714E-01, .70063383E-02, .13493867E-01, 6.5452514
.12606034, .11318411, .12978983E-03, .55863946E-02, .12876207E-01, .44237085E-01, .55487859E-02, .13482829E-01, 6.5222020
.10614373, .95250070E-01, .12962220E-03, .45000659E-02, .10893660E-01, .17063251E-01, .65361452E-02, .16747395E-01, 6.5264192
.96563615E-01, .86655863E-01, .12966630E-03, .40833652E-02, .99077644E-02, .29377846E-01, .87826857E-02, .16043203E-01, 6.5199990
.10279652, .92237897E-01, .12927526E-03, .47827689E-02, .10558613E-01, .45086645E-01, .85187554E-02, .13706319E-01, 6.4975595
.13654876, .12245130, .10282894, .40773554E-02, .14097466E-01, .41686084E-01, .77667176E-02, .16589640E-01, 6.3793125
.13047373, .11691264, .23455184E-01, .36481859E-02, .13561098E-01, .38966820E-01, .63668676E-02, .16305210E-01, 6.3416495
.13590355, .12167967, .11049022E-01, .39328905E-02, .14223902E-01, .40752910E-01, .49788589E-02, .15357692E-01, 6.3135977
.14795755, .13232486, .42577919E-01, .44809533E-02, .15632683E-01, .32318544E-01, .32738377E-02, .15158189E-01, 6.2616072
.12464238, .11138366, .12081952E-01, .33846167E-02, .13258716E-01, .35179558E-03, .47240756E-02, .19586496E-01, 6.2722497
.11488961, .10264535, .27075270E-03, .30386611E-02, .12244266E-01, .25287461E-01, .88393157E-02, .17915931E-01, 6.2732162
.12519519, .11180273, .48940778E-01, .34542684E-02, .13392463E-01, .34040689E-01, .80276523E-02, .16324466E-01, 6.2166805
.12055232, .10760496, .69199374E-03, .33047432E-02, .12947360E-01, .29700095E-01, .85545285E-02, .17071905E-01, 6.2129683
.12285678, .10960659, .33832710E-01, .32141565E-02, .13250188E-01, .29456951E-01, .64106439E-02, .16892651E-01, 6.1746058
.12245806, .10920560, .43008167E-01, .31725091E-02, .13252461E-01, .15070008E-01, .61225118E-02, .17784497E-01, 6.1412091
.12895083, .11493500, .27351102E-01, .34401338E-02, .14015846E-01, .27066134E-01, .66975504E-02, .16789619E-01, 6.1125412
.13156141, .11718445, .24846343E-01, .35403906E-02, .14376947E-01, .32947570E-01, .77842963E-02, .16692990E-01, 6.0818496
.13986789, .12448216, .12210472E-01, .40627955E-02, .15385725E-01, .39981909E-01, .73379837E-02, .15651766E-01, 6.0567975
.13342051, .11863514, .31502917E-01, .36591867E-02, .14785368E-01, .40162764E-01, .54534841E-02, .15421900E-01, 6.0101919
.13461716, .11959666, .53348462E-03, .36660407E-02, .15020491E-01, .33762127E-01, .44618249E-02, .15550217E-01, 6.0001912
.13563550, .12041122, .11980175E-03, .40359651E-02, .15224279E-01, .31194003E-01, .62999884E-02, .16229091E-01, 5.9948473
.13629612, .12089596, .11949871E-03, .46183914E-02, .15400166E-01, .39339028E-01, .76881219E-02, .15470835E-01, 5.9823399
.13708594, .12148391, .11894233E-03, .55514663E-02, .15602062E-01, .55969253E-01, .75713890E-02, .13140053E-01, 5.9523535
.13262954, .11741503, .11836579E-03, .51621352E-02, .15214538E-01, .35405975E-01, .62776720E-02, .14848052E-01, 5.9416370
.13501689, .11943825, .89464940E-01, .35901032E-02, .15578644E-01, .24742324E-01, .63080285E-02, .17145379E-01, 5.8542070
.13404769, .11850009, .11688053E-03, .35760533E-02, .15547588E-01, .39478693E-01, .65356679E-02, .15700588E-01, 5.8415980
.13990849, .12357272, .13287657, .37623157E-02, .16335759E-01, .36826696E-01, .41831639E-02, .15102537E-01, 5.6971316
.13915141, .12278648, .78862995E-01, .36256318E-02, .16364915E-01, .23818828E-01, .33883422E-02, .15703397E-01, 5.6190572
.12745397, .11238783, .14530623E-01, .31364074E-02, .15066144E-01, .22135634E-01, .49280361E-02, .16744191E-01, 5.6077290
.12680689, .11176684, .11206754E-03, .33601187E-02, .15040041E-01, .21372039E-01, .76432531E-02, .17590340E-01, 5.6140490
.12323500, .10857463, .11202515E-03, .36951466E-02, .14660366E-01, .36681801E-01, .11104560E-01, .16282463E-01, 5.6078057
.13386479, .11786332, .60244668E-01, .35027913E-02, .16001450E-01, .43347497E-01, .88439388E-02, .15886514E-01, 5.5340362
.14616711, .12858747, .11053166E-03, .42509222E-02, .17579664E-01, .40514462E-01, .83920555E-02, .15260731E-01, 5.5236096
.13437887, .11810004, .11006652E-03, .39541530E-02, .16278828E-01, .48304640E-01, .67835259E-02, .14180856E-01, 5.5027828
.16569988, .14544716, .63960734E-02, .53686020E-02, .20252699E-01, .54867551E-01, .48441817E-02, .12834561E-01, 5.4697270
.18114188, .15870817, .55325422E-01, .57123615E-02, .22433726E-01, .53232778E-01, .47871959E-02, .13482768E-01, 5.3911557
.17569706, .15364508, .10748042E-03, .59573147E-02, .22051990E-01, .53817298E-01, .52856761E-02, .13440494E-01, 5.3670893
.18422411, .16077882, .38033985E-01, .54888991E-02, .23445316E-01, .49201675E-01, .42631608E-02, .13775677E-01, 5.3105516
.16981493, .14794078, .93305290E-01, .47746073E-02, .21874178E-01, .48013933E-01, .43394766E-02, .13625178E-01, 5.1991491
.18753421, .16307037, .20380473E-01, .56520551E-02, .24463851E-01, .54881576E-01, .45307702E-02, .13020745E-01, 5.1557131
.19576965, .16985868, .10278271E-03, .62096841E-02, .25910961E-01, .58002464E-01, .47899075E-02, .13054711E-01, 5.1305785
.18104851, .15674697, .10223661E-03, .55917455E-02, .24301562E-01, .45322150E-01, .41880817E-02, .13760032E-01, 5.1165323
.15268473, .13199462, .10198363E-03, .44055418E-02, .20690128E-01, .32765117E-01, .47439449E-02, .15366728E-01, 5.1131740
.13757446, .11883418, .10181003E-03, .43128459E-02, .18740287E-01, .35551816E-01, .69384081E-02, .15670670E-01, 5.1073666
.13175796, .11373309, .10104609E-03, .47960659E-02, .18024869E-01, .88394634E-01, .89608710E-02, .14903460E-01, 5.0495415
.11080652, .95612772E-01, .99922836E-04, .41057970E-02, .15193763E-01, .81364781E-01, .11560679E-01, .15138471E-01, 4.9992061
.10112939, .87264143E-01, .98889941E-04, .36101334E-02, .13865257E-01, .78773990E-01, .13086361E-01, .15632968E-01, 4.9521570
.10516600, .90763018E-01, .97912613E-04, .44057523E-02, .14402983E-01, .81490159E-01, .15008880E-01, .15598653E-01, 4.9040532
.96695699E-01, .83471283E-01, .97115881E-04, .46304003E-02, .13224423E-01, .78103840E-01, .21358542E-01, .15693067E-01, 4.8642850
.12025682, .10380904, .96119256E-04, .45596813E-02, .16447783E-01, .87775871E-01, .18060923E-01, .13874861E-01, 4.8148408
.18439648, .15897398, .55625707E-01, .49514910E-02, .25422513E-01, .90177096E-01, .76321666E-02, .13609599E-01, 4.7056212
.17406219, .14979282, .93448027E-04, .44552349E-02, .24269372E-01, .88133685E-01, .55069574E-02, .14554793E-01, 4.6511960
.15308908, .13157351, .24982970E-01, .35559926E-02, .21515567E-01, .79894714E-01, .64503471E-02, .16615612E-01, 4.5792060
.14254923, .12241694, .90987327E-04, .31983876E-02, .20132273E-01, .77810824E-01, .79107378E-02, .16507845E-01, 4.5346303
.16087578, .13802752, .89952358E-04, .43880688E-02, .22848263E-01, .87973505E-01, .86924890E-02, .14474735E-01, 4.4821987
.15299501, .13109426, .88780798E-04, .46050670E-02, .21900758E-01, .87441832E-01, .90532443E-02, .14785337E-01, 4.4294987
.12760797, .10926989, .87769404E-04, .41662580E-02, .18338077E-01, .81207097E-01, .12819380E-01, .16059034E-01, 4.3836746
.12042494, .10308409, .86705761E-04, .46148095E-02, .17340854E-01, .88673957E-01, .15491528E-01, .15470067E-01, 4.3316121
.11008316, .94217792E-01, .85622094E-04, .48529864E-02, .15865369E-01, .91066584E-01, .18954145E-01, .14592174E-01, 4.2789073
.10254577, .87761194E-01, .84516090E-04, .53025056E-02, .14784588E-01, .94273426E-01, .22249028E-01, .13668841E-01, 4.2247601
.93134813E-01, .79719767E-01, .83447441E-04, .48622056E-02, .13415060E-01, .91914497E-01, .26165750E-01, .13560509E-01, 4.1759591
.10859066, .92956036E-01, .82476763E-04, .47669495E-02, .15634609E-01, .91164708E-01, .24613217E-01, .13751882E-01, 4.1286712
.11638620, .99611379E-01, .81516344E-04, .48571103E-02, .16774818E-01, .92129745E-01, .23005007E-01, .13728902E-01, 4.0798631
.11225000, .96047260E-01, .80530830E-04, .50101872E-02, .16202748E-01, .92326462E-01, .23618001E-01, .13806415E-01, 4.0307498
.98821133E-01, .84558733E-01, .79569894E-04, .48966287E-02, .14262404E-01, .92273548E-01, .27158160E-01, .14495238E-01, 3.9834073
.94476052E-01, .80865875E-01, .78696918E-04, .41536889E-02, .13610182E-01, .87187491E-01, .31341977E-01, .14712553E-01, 3.9454308
.11524706, .98644011E-01, .77942692E-04, .41597141E-02, .16603053E-01, .87299205E-01, .26122617E-01, .14496954E-01, 3.9051101
.11221880, .96037142E-01, .77082193E-04, .46199854E-02, .16181646E-01, .89980274E-01, .22907563E-01, .14066988E-01, 3.8580129
.99358983E-01, .85029908E-01, .76100398E-04, .48251594E-02, .14329074E-01, .91962501E-01, .22002149E-01, .13501419E-01, 3.8059714
.89625604E-01, .76716319E-01, .75061333E-04, .48211915E-02, .12909287E-01, .90359412E-01, .24254294E-01, .13902598E-01, 3.7563698
.79367481E-01, .67970678E-01, .74177049E-04, .42728083E-02, .11396812E-01, .86161152E-01, .32264162E-01, .14808960E-01, 3.7180145
.73416799E-01, .62924020E-01, .73517404E-04, .41587399E-02, .10492779E-01, .86971708E-01, .41592997E-01, .14319598E-01, 3.6873877
.10308085, .88389665E-01, .72880015E-04, .48858407E-02, .14691191E-01, .94016410E-01, .44528373E-01, .13699496E-01, 3.6561253
.12525302, .10736390, .72260133E-04, .43449281E-02, .17889107E-01, .86193033E-01, .33146866E-01, .14824698E-01, 3.6250420
.95884502E-01, .82191430E-01, .71924667E-04, .36598477E-02, .13693078E-01, .56509659E-01, .31618364E-01, .14640139E-01, 3.6186032
.98158658E-01, .84157676E-01, .71790389E-04, .47811517E-02, .14000990E-01, .53249139E-01, .30388927E-01, .13673077E-01, 3.6133833
.96039131E-01, .82354881E-01, .71793787E-04, .53812354E-02, .13684244E-01, .42510204E-01, .30436024E-01, .13519574E-01, 3.6180315
.93392916E-01, .80102652E-01, .71964074E-04, .58204792E-02, .13290261E-01, .35678063E-01, .31894110E-01, .13633780E-01, 3.6301370
.87715395E-01, .75260237E-01, .72304669E-04, .60826344E-02, .12455155E-01, .27828353E-01, .35220336E-01, .13967723E-01, 3.6523209
.15917408, .13652878, .72339426E-04, .59869546E-02, .22645302E-01, .76338664E-01, .31487819E-01, .13731912E-01, 3.6325474
.18038405, .15447214, .71862007E-04, .59365677E-02, .25911894E-01, .74400723E-01, .16508792E-01, .13732586E-01, 3.6030505
.17373954, .14853407, .71303490E-04, .58269119E-02, .25205463E-01, .68653248E-01, .13004627E-01, .13876608E-01, 3.5751998
.19567126, .16697879, .70689399E-04, .64092833E-02, .28692471E-01, .73171295E-01, .10478671E-01, .13632078E-01, 3.5432105
.20018782, .17046683, .70196744E-04, .77247093E-02, .29720940E-01, .57647541E-01, .90008508E-02, .13602084E-01, 3.5249820
.18160243, .15433897, .69920861E-04, .79234000E-02, .27263474E-01, .48494171E-01, .10190748E-01, .13745803E-01, 3.5144413
.18718497, .15881866, .69691589E-04, .53220149E-02, .28366301E-01, .56285474E-01, .11411748E-01, .15215797E-01, 3.5010333
.20905668, .17701788, .42446624E-01, .45385817E-02, .32038774E-01, .64971045E-01, .85137049E-02, .15180278E-01, 3.4381213
.19929101, .16839509, .42170241E-01, .40622060E-02, .30895941E-01, .56209911E-01, .62015099E-02, .15489931E-01, 3.3812683
.21049310, .17748642, .18201176E-01, .44049458E-02, .33006664E-01, .54797824E-01, .58777332E-02, .14643761E-01, 3.3512404
.19831017, .16686366, .23244392E-01, .39809030E-02, .31446479E-01, .54033667E-01, .66524534E-02, .15450549E-01, 3.3165717
.19573759, .16439119, .18712799E-02, .39409744E-02, .31346399E-01, .56955382E-01, .74176136E-02, .15209559E-01, 3.3010597
.19598095, .16429751, .31944942E-01, .38687338E-02, .31683434E-01, .58212105E-01, .69198967E-02, .15010061E-01, 3.2541299
.20044187, .16771309, .43674782E-02, .40867426E-02, .32728765E-01, .57268102E-01, .67265220E-02, .14857439E-01, 3.2363546
.19226006, .16056988, .64466483E-04, .46315687E-02, .31690195E-01, .62108938E-01, .71207713E-02, .14390863E-01, 3.2168522
.18990767, .15834047, .34508906E-01, .43607159E-02, .31567208E-01, .57466272E-01, .80827232E-02, .14499136E-01, 3.1686578
.22037357, .18335579, .37130333E-01, .47389129E-02, .37017796E-01, .66439644E-01, .71082707E-02, .14364139E-01, 3.1129653
.20982131, .17417574, .62035389E-04, .49573244E-02, .35645578E-01, .62825128E-01, .71737557E-02, .14246050E-01, 3.0964317
.17739056, .14699377, .61667903E-04, .47474550E-02, .30396814E-01, .55302832E-01, .84459782E-02, .14543608E-01, 3.0836546
.15627585, .12935597, .61359293E-04, .49212086E-02, .26919886E-01, .53572610E-01, .11612566E-01, .14561853E-01, 3.0721238
.13140453, .10870739, .61124258E-04, .47562113E-02, .22697132E-01, .46261333E-01, .14905313E-01, .14737133E-01, 3.0671396
.13332546, .11027862, .60988968E-04, .47120904E-02, .23046851E-01, .54545127E-01, .19511800E-01, .14543364E-01, 3.0588701
.18807286, .15541522, .60580449E-04, .50208196E-02, .32657642E-01, .75090453E-01, .14991081E-01, .14420583E-01, 3.0348396
.21873549, .18041250, .37022587E-02, .59047774E-02, .38323000E-01, .73452570E-01, .10115650E-01, .14529672E-01, 3.0087101
.22553749, .18557784, .31362735E-01, .44512255E-02, .39959680E-01, .59713826E-01, .70607588E-02, .15804378E-01, 2.9686942
.21342431, .17524256, .59229878E-04, .43904926E-02, .38181748E-01, .61187226E-01, .71111266E-02, .15434805E-01, 2.9568412
.19121777, .15673099, .58946574E-04, .45381072E-02, .34486793E-01, .54941252E-01, .71925526E-02, .15343375E-01, 2.9474742
.15984799, .13087209, .58730864E-04, .44477065E-02, .28975915E-01, .50620701E-01, .97893849E-02, .15212777E-01, 2.9396048
.16600099, .13578914, .58453319E-04, .53517688E-02, .30211855E-01, .58249634E-01, .12446112E-01, .14649113E-01, 2.9270947
.16473383, .13462676, .58166803E-04, .56913430E-02, .30107087E-01, .58991674E-01, .13958944E-01, .14602259E-01, 2.9149120
.21160166, .17267983, .57744706E-04, .59425943E-02, .38921826E-01, .78398444E-01, .12671439E-01, .14654293E-01, 2.8905964
.20417652, .16630736, .57357905E-04, .62213112E-02, .37869163E-01, .64409494E-01, .10466528E-01, .14723993E-01, 2.8767352
.19837946, .16131884, .57134475E-04, .62422464E-02, .37060656E-01, .58486719E-01, .10073628E-01, .14785432E-01, 2.8675747
.27349317, .22184888, .19834490E-01, .59761973E-02, .51644210E-01, .74749425E-01, .70708836E-02, .14845844E-01, 2.8342216
.27663448, .22365049, .56687579E-04, .63775461E-02, .52984010E-01, .60649537E-01, .50970963E-02, .14877502E-01, 2.8337092
.27080554, .21821506, .56690948E-04, .67898775E-02, .52590467E-01, .52427903E-01, .45878030E-02, .14882333E-01, 2.8401046
.25302291, .20327191, .56759149E-04, .66990359E-02, .49750987E-01, .54414533E-01, .59752804E-02, .14908240E-01, 2.8431528
.27898437, .22346759, .14592621E-01, .64429366E-02, .55516783E-01, .67943670E-01, .60640322E-02, .14985065E-01, 2.8242447
.29133168, .23254427, .94003417E-02, .66411998E-02, .58787435E-01, .64870946E-01, .59004636E-02, .14994992E-01, 2.8165112
.26835066, .21348980, .44118259E-01, .57142074E-02, .54860830E-01, .61348118E-01, .60928613E-02, .15369525E-01, 2.7747753
.23973168, .19022326, .92534602E-01, .46061487E-02, .49508419E-01, .56270901E-01, .62210001E-02, .15937217E-01, 2.6855836
.23787780, .18834688, .53684900E-04, .48984610E-02, .49530927E-01, .63159257E-01, .68310085E-02, .15612980E-01, 2.6823270
.22091201, .17455111, .53554133E-04, .48700576E-02, .46360925E-01, .60900092E-01, .77997977E-02, .15544585E-01, 2.6791542
.19819269, .15636384, .53434178E-04, .48740413E-02, .41828852E-01, .55427488E-01, .81409775E-02, .15864311E-01, 2.6772614
.17826457, .14049381, .53358504E-04, .50792205E-02, .37770770E-01, .51692255E-01, .94409799E-02, .15378028E-01, 2.6761396
.17141657, .13499229, .53308180E-04, .58354582E-02, .36424290E-01, .49422760E-01, .11868601E-01, .15289670E-01, 2.6776118
.21944022, .17263958, .17650580E-02, .56961449E-02, .46800628E-01, .61563797E-01, .13026116E-01, .15270204E-01, 2.6769061
.26896027, .21107100, .16297521, .53475033E-02, .57889245E-01, .66304825E-01, .66014254E-02, .15346357E-01, 2.5152612
.26943487, .21084717, .70953224E-03, .54084463E-02, .58587693E-01, .62431701E-01, .59699528E-02, .15370131E-01, 2.5197611
.25712144, .20067157, .50418188E-04, .53388346E-02, .56449905E-01, .62088341E-01, .68527805E-02, .15416071E-01, 2.5240769
.25520125, .19868462, .17828470E-01, .50693890E-02, .56516614E-01, .61648387E-01, .69563189E-02, .15559773E-01, 2.5114970
.25220555, .19588464, .50252886E-04, .49406919E-02, .56320928E-01, .63040771E-01, .68068206E-02, .15565985E-01, 2.5150838
.26705414, .20690635, .39916742E-02, .54148063E-02, .60147785E-01, .62916532E-01, .68232189E-02, .15508968E-01, 2.5182230
.28310382, .21872252, .31896658E-01, .59376741E-02, .64381264E-01, .64395919E-01, .58763684E-02, .15543137E-01, 2.4947417
.29158786, .22458635, .15023105E-02, .63978480E-02, .67001477E-01, .59114944E-01, .50209644E-02, .15575523E-01, 2.5082414
.27418733, .21056575, .50362272E-04, .69989413E-02, .63621528E-01, .46723586E-01, .46510035E-02, .15597651E-01, 2.5312324
.23756270, .18201545, .50742150E-04, .70747808E-02, .55547252E-01, .42504568E-01, .58735232E-02, .15608320E-01, 2.5515146
.23642860, .18084262, .55379323E-02, .77659795E-02, .55586014E-01, .45196738E-01, .68497113E-02, .15617334E-01, 2.5639410
.31756774, .24221966, .51512117E-04, .78879287E-02, .75348049E-01, .56638230E-01, .47829580E-02, .15641185E-01, 2.5879860
.27419928, .20848823, .51948504E-04, .71188794E-02, .65711059E-01, .51777992E-01, .54221279E-02, .15672000E-01, 2.6086619
.28767896, .21815324, .60122769E-01, .65646628E-02, .69525719E-01, .60876831E-01, .59617427E-02, .15714450E-01, 2.5650773
.28963444, .21900071, .51491214E-04, .71689626E-02, .70633702E-01, .55988256E-01, .50023240E-02, .15721895E-01, 2.5859959
.26932794, .20310402, .51923813E-04, .77268938E-02, .66223972E-01, .45750152E-01, .50682686E-02, .15740631E-01, 2.6122508
.23184024, .17448664, .52335028E-04, .74961013E-02, .57353646E-01, .44031642E-01, .64782351E-02, .15751725E-01, 2.6329937
.20835440, .15661173, .52669151E-04, .79414696E-02, .51742669E-01, .39637994E-01, .77488907E-02, .15761459E-01, 2.6533446
.18086015, .13584818, .53036547E-04, .80467174E-02, .45011967E-01, .34596387E-01, .98636523E-02, .15761817E-01, 2.6740150
.15707250, .11796298, .53421369E-04, .81014028E-02, .39109547E-01, .30539826E-01, .13296259E-01, .15756050E-01, 2.6962178
.13625325, .10236509, .53851363E-04, .75058220E-02, .33888161E-01, .30667454E-01, .18627098E-01, .15747074E-01, 2.7189972
.12612942, .94826259E-01, .54292730E-04, .72929109E-02, .31303149E-01, .31703204E-01, .23820788E-01, .15763108E-01, 2.7435625
.11936909, .89824244E-01, .54816097E-04, .76335776E-02, .29544841E-01, .28298736E-01, .28202573E-01, .15899204E-01, 2.7738135
.13075522, .98482698E-01, .55392968E-04, .79792179E-02, .32272525E-01, .41299377E-01, .32639954E-01, .15836004E-01, 2.7978837
.12033614, .90693951E-01, .55856523E-04, .77903233E-02, .29642191E-01, .32416981E-01, .33000868E-01, .16020373E-01, 2.8287556
.19186826, .14470114, .56468431E-04, .70577958E-02, .47167122E-01, .58252677E-01, .33170924E-01, .15881674E-01, 2.8522184
.28415549, .21386068, .38787134E-01, .67327539E-02, .70294790E-01, .73174365E-01, .11002900E-01, .15788538E-01, 2.8233132
.28110263, .21100406, .13866055, .64068604E-02, .70098527E-01, .66074982E-01, .63167522E-02, .15833892E-01, 2.6970778
.27364168, .20489101, .33707431, .55588000E-02, .68750635E-01, .58272582E-01, .58312509E-02, .15861705E-01, 2.3792446
.26734343, .19970985, .19317040, .48840316E-02, .67633539E-01, .51017735E-01, .43201069E-02, .15901815E-01, 2.2106173
.27697673, .20643243, .16235609E-01, .50504534E-02, .70544325E-01, .52246131E-01, .49886508E-02, .15898723E-01, 2.2211087
.28436396, .21140897, .16891196E-01, .54541198E-02, .72954975E-01, .59713542E-01, .56866235E-02, .15925793E-01, 2.2261837
.29422677, .21817824, .96762943E-03, .61691995E-02, .76048508E-01, .57983868E-01, .52368115E-02, .15955772E-01, 2.2508380
.30518597, .22565222, .45381799E-04, .65372786E-02, .79533771E-01, .52241303E-01, .44388543E-02, .15980583E-01, 2.2844782
.30526796, .22506213, .16737936E-01, .65931361E-02, .80205776E-01, .46954550E-01, .38675608E-02, .15999312E-01, 2.3067579
.30349952, .22311583, .87724337E-02, .62605492E-02, .80383681E-01, .52850977E-01, .48766965E-02, .16004398E-01, 2.3326254
.29789779, .21839768, .12594253E-01, .62747402E-02, .79500116E-01, .61566509E-01, .57337717E-02, .16033826E-01, 2.3459160
.29828566, .21810028, .20736985E-01, .62610982E-02, .80185428E-01, .59802894E-01, .54418128E-02, .16066311E-01, 2.3532336
.29872152, .21784751, .70722159E-02, .62167533E-02, .80874003E-01, .58937237E-01, .54794005E-02, .16095728E-01, 2.3758521
.29422170, .21402028, .24330188E-03, .63313283E-02, .80201447E-01, .57690397E-01, .50523197E-02, .16124260E-01, 2.4053314
.29321179, .21276960, .74626310E-04, .64346166E-02, .80442220E-01, .54983899E-01, .50457260E-02, .16146664E-01, 2.4378171
.28958595, .20963679, .49007875E-04, .64934064E-02, .79949148E-01, .55631466E-01, .49088281E-02, .16171476E-01, 2.4689927
.26710629, .19295596, .49572296E-04, .66760466E-02, .74150316E-01, .50310332E-01, .51051192E-02, .16196193E-01, 2.4997041
.23891963, .17234397, .50131446E-04, .70595820E-02, .66575669E-01, .43060474E-01, .56051281E-02, .16216220E-01, 2.5302055
.23496528, .16931590, .50665789E-04, .72556408E-02, .65649398E-01, .46196423E-01, .63704709E-02, .16212994E-01, 2.5572145
.29829714, .21457499, .29131573E-01, .69920518E-02, .83722174E-01, .50857011E-01, .39594173E-02, .16227448E-01, 2.5664070
.30528486, .21905342, .10033106, .71856240E-02, .86231418E-01, .41802328E-01, .32620309E-02, .16229575E-01, 2.5150740
.29145402, .20863149, .88863231E-01, .64710472E-02, .82822546E-01, .48472717E-01, .39540539E-02, .16236555E-01, 2.4665356
.28349426, .20250331, .17949840E-01, .60605770E-02, .80990963E-01, .51010050E-01, .47865859E-02, .16266268E-01, 2.4857845
.28341287, .20205094, .48980117E-01, .61395536E-02, .81361957E-01, .49699351E-01, .38929828E-02, .16274147E-01, 2.4747121
.28664270, .20394202, .19831488E-01, .62309043E-02, .82700692E-01, .42402502E-01, .33764110E-02, .16268229E-01, 2.5008154
.27593607, .19594811, .20209404E-01, .61177267E-02, .79988003E-01, .48461471E-01, .45117922E-02, .16302096E-01, 2.5190191
.25079259, .17782693, .50662245E-04, .60509257E-02, .72965667E-01, .53916905E-01, .56588659E-02, .16409427E-01, 2.5461161
.23139006, .16391316, .51106079E-04, .63090292E-02, .67476884E-01, .52089479E-01, .64632227E-02, .16355852E-01, 2.5700977
.23938048, .16944498, .51507988E-04, .68489024E-02, .69935530E-01, .54052696E-01, .66808243E-02, .16333129E-01, 2.5942531
.26730996, .18896019, .52055435E-04, .72780256E-02, .78349769E-01, .50078195E-01, .48921946E-02, .16355261E-01, 2.6285787
.24376167, .17209738, .52725547E-04, .74302806E-02, .71664289E-01, .43938544E-01, .52946080E-02, .16363360E-01, 2.6626084
.22355561, .15771013, .53305765E-04, .77091232E-02, .65845452E-01, .44016019E-01, .64636990E-02, .16371181E-01, 2.6916296
.21694633, .15297464, .53865781E-04, .84513957E-02, .63971676E-01, .39222617E-01, .67261891E-02, .16376814E-01, 2.7230906
.21502081, .15157323, .54458043E-04, .82730334E-02, .63447602E-01, .41634612E-01, .70029921E-02, .16375681E-01, 2.7520704
.23044334, .16234072, .55052566E-04, .84320530E-02, .68102673E-01, .42676143E-01, .62439162E-02, .16382707E-01, 2.7837458
.20566300, .14482309, .55658882E-04, .86235041E-02, .60839899E-01, .36284469E-01, .68863728E-02, .16383935E-01, 2.8149989
.17831261, .12558053, .56248569E-04, .84240707E-02, .52732080E-01, .30476430E-01, .77703586E-02, .16385965E-01, 2.8450363
.16388431, .11548476, .56853711E-04, .91296984E-02, .48399523E-01, .25035495E-01, .90879677E-02, .16357729E-01, 2.8767927
.14440596, .10185312, .57476191E-04, .92665181E-02, .42552866E-01, .20727413E-01, .11292905E-01, .16338112E-01, 2.9090774
.13340536, .94211228E-01, .58131984E-04, .95187975E-02, .39194107E-01, .17431546E-01, .13256207E-01, .16353270E-01, 2.9430099
.12525752, .88584431E-01, .58818128E-04, .96173976E-02, .36673080E-01, .15600570E-01, .15682518E-01, .16457474E-01, 2.9785807
.13821368, .97899504E-01, .59516446E-04, .95482478E-02, .40314149E-01, .26132120E-01, .17461581E-01, .16501697E-01, 3.0091085
.15629043, .11079500, .59987746E-04, .85316841E-02, .45495417E-01, .39995719E-01, .14730064E-01, .16262382E-01, 3.0292392
.15511246, .11004815, .60387334E-04, .88184597E-02, .45064319E-01, .38039446E-01, .14287940E-01, .16230792E-01, 3.0501652
.14864364, .10555176, .60825419E-04, .92893317E-02, .43091882E-01, .33506211E-01, .15091179E-01, .16226491E-01, 3.0739834
.14017543, .99638641E-01, .61331630E-04, .95809540E-02, .40536787E-01, .28079517E-01, .15892338E-01, .16220396E-01, 3.1011820
.17279907, .12292384, .61718674E-04, .85616624E-02, .49875233E-01, .58199387E-01, .17085560E-01, .16228963E-01, 3.1098115
.16560686, .11786282, .61862309E-04, .73660961E-02, .47744028E-01, .57922561E-01, .15628655E-01, .16349955E-01, 3.1163249
.16591293, .11815114, .61988925E-04, .75436216E-02, .47761802E-01, .54303534E-01, .13668600E-01, .16315332E-01, 3.1243379
.17344469, .12357400, .62247011E-04, .93583064E-02, .49870670E-01, .41187197E-01, .11423544E-01, .16308557E-01, 3.1435156
.27993101, .19932699, .20874069E-03, .93774470E-02, .80604039E-01, .75469136E-01, .80066640E-02, .16347647E-01, 3.1555626
.28043672, .19927368, .13966081E-01, .79531278E-02, .81163019E-01, .59297204E-01, .48698275E-02, .16400682E-01, 3.1688712
.26357388, .18697764, .47756055, .64077587E-02, .76596260E-01, .49236357E-01, .39312821E-02, .16454101E-01, 2.7246857
.25298715, .17922400, .63138381E-01, .56044660E-02, .73763140E-01, .31635907E-01, .24579943E-02, .16525954E-01, 2.7090187
.23985289, .16973643, .97681567E-01, .51051746E-02, .70116438E-01, .33466421E-01, .28582567E-02, .16594477E-01, 2.6542325
.23854834, .16865976, .33606958E-01, .49739648E-02, .69888555E-01, .42442065E-01, .36012763E-02, .16557947E-01, 2.6551907
.24723777, .17463811, .53439791E-04, .57293982E-02, .72599635E-01, .46733867E-01, .43571703E-02, .16678058E-01, 2.6881218
.22783852, .16080274, .53991302E-04, .57991138E-02, .67035750E-01, .45833617E-01, .49037230E-02, .16793614E-01, 2.7168667
.21781610, .15364380, .54475524E-04, .61568739E-02, .64172298E-01, .46357255E-01, .55014673E-02, .16424421E-01, 2.7424631
.22902507, .16146798, .54984019E-04, .75575798E-02, .67557067E-01, .39164096E-01, .47956384E-02, .16420679E-01, 2.7765317
.20392516, .14370175, .55661083E-04, .71795359E-02, .60223438E-01, .32986742E-01, .52706758E-02, .16509490E-01, 2.8102958
.18425004, .12985615, .56236269E-04, .71335877E-02, .54393884E-01, .31240329E-01, .58115246E-02, .16545847E-01, 2.8405626
.16926323, .11934974, .56809287E-04, .72174259E-02, .49913488E-01, .26726576E-01, .61145928E-02, .16501455E-01, 2.8710814
.15802744, .11150583, .57393947E-04, .75060446E-02, .46521608E-01, .25715761E-01, .77835149E-02, .16479526E-01, 2.9006000
.14049295, .99233113E-01, .57941477E-04, .73404559E-02, .41259814E-01, .25104053E-01, .10586283E-01, .16584741E-01, 2.9284346
.12524121, .88586226E-01, .58474809E-04, .72981506E-02, .36654979E-01, .24388272E-01, .14158475E-01, .16584646E-01, 2.9559941
.11917271, .84424108E-01, .59018013E-04, .75008944E-02, .34748603E-01, .24166590E-01, .16599799E-01, .16376376E-01, 2.9841077
.11781965, .83605513E-01, .59591137E-04, .80713695E-02, .34214150E-01, .22198122E-01, .18234430E-01, .16429858E-01, 3.0147190
.11585282, .82347579E-01, .60210641E-04, .86105829E-02, .33505235E-01, .19857727E-01, .19024888E-01, .16421203E-01, 3.0472109
.10733873, .76421872E-01, .60890656E-04, .81709940E-02, .30916860E-01, .16483638E-01, .21592520E-01, .16683917E-01, 3.0834970
.97548924E-01, .69595918E-01, .61650717E-04, .77002454E-02, .27953008E-01, .14559987E-01, .26315773E-01, .17296145E-01, 3.1239355
.94529934E-01, .67588188E-01, .62497857E-04, .81278654E-02, .26941743E-01, .12126881E-01, .30118506E-01, .17616652E-01, 3.1691694
.89734718E-01, .64302728E-01, .63446394E-04, .82552806E-02, .25432002E-01, .91421362E-02, .34252208E-01, .18126855E-01, 3.2198853
.87385871E-01, .62769584E-01, .64520100E-04, .83903475E-02, .24616282E-01, .63104127E-02, .37113871E-01, .18782310E-01, 3.2753420
.88024877E-01, .63382030E-01, .65630629E-04, .89716213E-02, .24642859E-01, .48667160E-02, .38573913E-01, .19043883E-01, 3.3331475
.11849017, .85492291E-01, .66523091E-04, .84465947E-02, .32997906E-01, .47399320E-01, .38485304E-01, .16343273E-01, 3.3572097
.15557502, .11236222, .66679779E-04, .78646028E-02, .43212820E-01, .75152695E-01, .26014592E-01, .16184498E-01, 3.3518455
.19381164, .13999386, .66523964E-04, .77038929E-02, .53817768E-01, .72198063E-01, .12907832E-01, .16300300E-01, 3.3470948
.19541454, .14110640, .66624190E-04, .78300079E-02, .54308154E-01, .50160181E-01, .77193766E-02, .16243070E-01, 3.3595579
.20320845, .14669687, .66945700E-04, .85809520E-02, .56511577E-01, .44309132E-01, .68767471E-02, .16303377E-01, 3.3784804
.23172720, .16716279, .67314395E-04, .78711258E-02, .64564385E-01, .55050146E-01, .57412731E-02, .16366921E-01, 3.3942885
.23597614, .17003329, .49955796E-01, .62322132E-02, .65942883E-01, .52182458E-01, .41495268E-02, .16563592E-01, 3.3645020
.24233152, .17441653, .44625644E-01, .64667496E-02, .67914993E-01, .46735618E-01, .38563744E-02, .16807806E-01, 3.3469369
.25635660, .18427026, .67306020E-04, .73002274E-02, .72086342E-01, .43689143E-01, .39673224E-02, .17192665E-01, 3.3804262
.27081260, .19435813, .57441365E-01, .78496384E-02, .76454468E-01, .45269731E-01, .42088926E-02, .17548382E-01, 3.3590193
.22569251, .16175708, .59953973E-01, .57652905E-02, .63935444E-01, .44217940E-01, .43645278E-02, .17900251E-01, 3.3258729
.18272944, .13095376, .66777131E-04, .40511624E-02, .51775672E-01, .36746338E-01, .41883406E-02, .18914418E-01, 3.3494635
.17276005, .12387724, .29900207E-02, .36916030E-02, .48882838E-01, .36018625E-01, .41145873E-02, .18985013E-01, 3.3682532
.17389905, .12476721, .10546631E-02, .37564738E-02, .49131840E-01, .37955131E-01, .43628598E-02, .18936248E-01, 3.3874745
.16075113, .11540761, .86521946E-01, .32699569E-02, .45343533E-01, .37384044E-01, .42826352E-02, .18889308E-01, 3.3184154
.14312506, .10286516, .87704333E-02, .26622515E-02, .40259920E-01, .34424871E-01, .41433773E-02, .18959306E-01, 3.3254533
.14683273, .10565940, .66666769E-04, .28159493E-02, .41173331E-01, .36903061E-01, .43700775E-02, .18908333E-01, 3.3397026
.15212871, .10959017, .66860157E-04, .30619148E-02, .42538546E-01, .39111614E-01, .47071860E-02, .18930124E-01, 3.3531992
.15756367, .11361127, .67074143E-04, .33128022E-02, .43952413E-01, .37710693E-01, .44951560E-02, .18856393E-01, 3.3690464
.15656446, .11298682, .67409172E-04, .33234162E-02, .43577652E-01, .26762854E-01, .32105208E-02, .18891800E-01, 3.3941717
.15894391, .11480626, .67886249E-04, .34615574E-02, .44137631E-01, .26921391E-01, .30973847E-02, .18684944E-01, 3.4194477
.16126071, .11656534, .68334950E-04, .36506022E-02, .44695377E-01, .29453784E-01, .39140321E-02, .18966516E-01, 3.4433758
.15651058, .11322615, .68705602E-04, .36498376E-02, .43284416E-01, .35175640E-01, .48981244E-02, .19124186E-01, 3.4611552
.15462969, .11196283, .69001813E-04, .37350857E-02, .42666882E-01, .38158070E-01, .52123554E-02, .18666834E-01, 3.4755628
.15352379, .11125883, .69275993E-04, .38043284E-02, .42264946E-01, .36649596E-01, .54549119E-02, .18984910E-01, 3.4912503
.14862151, .10781178, .69572568E-04, .37498414E-02, .40809702E-01, .36016531E-01, .53926487E-02, .18892413E-01, 3.5061078
.14982267, .10878689, .69872258E-04, .39429427E-02, .41035786E-01, .35072900E-01, .53031235E-02, .18611370E-01, 3.5218525
.14865030, .10803619, .70166716E-04, .39926246E-02, .40614113E-01, .33781070E-01, .55999765E-02, .18869087E-01, 3.5387146
.14463945, .10522922, .70484843E-04, .38779231E-02, .39410245E-01, .35510067E-01, .58293710E-02, .18785100E-01, 3.5529869
.14219831, .10356332, .70729300E-04, .38275251E-02, .38634993E-01, .38094319E-01, .56896578E-02, .18156633E-01, 3.5638096
.14616968, .10655379, .70929731E-04, .40527335E-02, .39615881E-01, .38643565E-01, .49582645E-02, .17123012E-01, 3.5741079
.15031861, .10966083, .71158676E-04, .43114438E-02, .40657777E-01, .37005275E-01, .49561309E-02, .17243793E-01, 3.5868258
.14926793, .10897586, .71437884E-04, .43768180E-02, .40292077E-01, .26932251E-01, .44091661E-02, .18665349E-01, 3.6086383
.12215811, .89318760E-01, .72125818E-04, .32124352E-02, .32839347E-01, .58785873E-03, .65028276E-02, .26384065E-01, 3.6526000
.10165634, .74519545E-01, .72896932E-04, .25223636E-02, .27136795E-01, .10288463E-01, .11518171E-01, .25319256E-01, 3.6868634
.96806772E-01, .71148910E-01, .73456213E-04, .24943652E-02, .25657866E-01, .26889006E-01, .15023869E-01, .23251042E-01, 3.7065794
.93718618E-01, .69049567E-01, .73856674E-04, .25301473E-02, .24669072E-01, .25634727E-01, .15822731E-01, .22969270E-01, 3.7273233
.92451639E-01, .68276092E-01, .74130221E-04, .26141107E-02, .24175560E-01, .32354970E-01, .14579256E-01, .21180587E-01, 3.7395270
.89852355E-01, .66514403E-01, .74469273E-04, .25882444E-02, .23337953E-01, .24519974E-01, .14150802E-01, .21915065E-01, 3.7583234
.89342646E-01, .66296980E-01, .74833515E-04, .26798004E-02, .23045661E-01, .29672723E-01, .15032353E-01, .21156875E-01, 3.7724662
.88663876E-01, .65942258E-01, .75051190E-04, .28007652E-02, .22721611E-01, .34133635E-01, .14576284E-01, .20130629E-01, 3.7812467
.89074887E-01, .66390984E-01, .75183249E-04, .29347930E-02, .22683898E-01, .36221728E-01, .13573082E-01, .19205503E-01, 3.7867637
.10110869, .75519368E-01, .53689415E-02, .30741978E-02, .25589328E-01, .36716610E-01, .12013662E-01, .19613255E-01, 3.7876995
.14578599, .10902048, .18390428E-01, .30596848E-02, .36765505E-01, .48376273E-01, .72784699E-02, .19853575E-01, 3.7704082
.14682992, .10988837, .75391967E-04, .31954334E-02, .36941539E-01, .42554330E-01, .53669298E-02, .18835496E-01, 3.7753828
.14689015, .11001209, .75469739E-04, .33136487E-02, .36878057E-01, .38384315E-01, .49071675E-02, .18922925E-01, 3.7838862
.15137348, .11344131, .43351408E-01, .34226251E-02, .37932180E-01, .35068925E-01, .40243007E-02, .18456357E-01, 3.7524912
.14399195, .10798781, .66583268E-01, .29500278E-02, .36004111E-01, .42557376E-02, .38797928E-02, .23666156E-01, 3.7270784
.12078575, .90738051E-01, .74841388E-04, .22594151E-02, .30047694E-01, .37918291E-02, .74465084E-02, .26346397E-01, 3.7669375
.11208058, .84372595E-01, .75443553E-04, .20879507E-02, .27707990E-01, .17983079E-01, .11643337E-01, .24510248E-01, 3.7946346
.11155970, .84142663E-01, .75867058E-04, .21822196E-02, .27417032E-01, .27495679E-01, .12279886E-01, .22542581E-01, 3.8130693
.11254490, .85031234E-01, .76137105E-04, .23270731E-02, .27513653E-01, .26344420E-01, .10131276E-01, .22034185E-01, 3.8304584
.11357496, .85952953E-01, .76407450E-04, .24610141E-02, .27621999E-01, .33370540E-01, .92734685E-02, .21098386E-01, 3.8399367
.11768930, .89194365E-01, .76466647E-04, .26695528E-02, .28494935E-01, .38485557E-01, .70151063E-02, .19314626E-01, 3.8427050
.14003712, .10623585, .85094711E-02, .29788855E-02, .33801284E-01, .37480034E-01, .44471533E-02, .18501597E-01, 3.8404760
.14129618, .10726131, .41529010E-02, .29421193E-02, .34034874E-01, .11737343E-01, .36432778E-02, .21400424E-01, 3.8678136
.11898182, .90448163E-01, .77652170E-04, .22810088E-02, .28533656E-01, .21193358E-02, .62132566E-02, .25401117E-01, 3.9065733
.10897746, .83004706E-01, .78273297E-04, .20565237E-02, .25972761E-01, .10618767E-01, .10280805E-01, .25349893E-01, 3.9385655
.10464742, .79867139E-01, .78776000E-04, .20135907E-02, .24780277E-01, .19902263E-01, .13356009E-01, .23810888E-01, 3.9631984
.10322220, .78932077E-01, .79199905E-04, .20649054E-02, .24290131E-01, .19669639E-01, .14106760E-01, .23493480E-01, 3.9882739
.10402085, .79690866E-01, .79599253E-04, .21902518E-02, .24329975E-01, .28334234E-01, .13496935E-01, .21975113E-01, 4.0039797
.10487990, .80483057E-01, .79845035E-04, .23259916E-02, .24396852E-01, .24025809E-01, .11044160E-01, .21844860E-01, 4.0214682
.10254236, .78826867E-01, .80173719E-04, .23606156E-02, .23715498E-01, .26343014E-01, .10953995E-01, .22263560E-01, 4.0358329
.10208762, .78608841E-01, .80384336E-04, .24365031E-02, .23478776E-01, .25712131E-01, .92262849E-02, .21138301E-01, 4.0487885
.10280749, .79289675E-01, .80575512E-04, .25741830E-02, .23517825E-01, .30288707E-01, .84026465E-02, .19818427E-01, 4.0562449
.10130659, .78251831E-01, .80795711E-04, .26498870E-02, .23054751E-01, .19231759E-01, .82605006E-02, .21382079E-01, 4.0740771
.97278982E-01, .75270504E-01, .81125552E-04, .26195974E-02, .22008482E-01, .25378712E-01, .10070816E-01, .21023910E-01, 4.0865545
.10642727, .82482055E-01, .81360588E-04, .26500882E-02, .23945216E-01, .19308440E-01, .79833539E-02, .21289522E-01, 4.1049237
.10879433, .84438339E-01, .81823120E-04, .24678947E-02, .24356004E-01, .78558130E-02, .74946037E-02, .23385052E-01, 4.1348495
.10173477, .79098344E-01, .82358732E-04, .22873702E-02, .22636442E-01, .21681326E-01, .10253862E-01, .22470437E-01, 4.1521707
.10699797, .83315060E-01, .82549159E-04, .25164855E-02, .23682913E-01, .37999984E-01, .80234045E-02, .18896375E-01, 4.1517568
.13550666, .10559756, .46825703E-01, .28819242E-02, .29909112E-01, .29875208E-01, .43200469E-02, .19102877E-01, 4.1148825
.12771536, .99598870E-01, .40561863E-03, .26260992E-02, .28116481E-01, .58682277E-02, .42496319E-02, .22502325E-01, 4.1468291
.10900821, .85131019E-01, .83188141E-04, .20945189E-02, .23877202E-01, .10661776E-02, .82957326E-02, .25489468E-01, 4.1842365
.99392794E-01, .77763520E-01, .83763254E-04, .18775957E-02, .21629237E-01, .11697846E-01, .12982561E-01, .24330270E-01, 4.2136674
.98115660E-01, .76900743E-01, .84208848E-04, .19293464E-02, .21214936E-01, .28261311E-01, .15055527E-01, .21163238E-01, 4.2281413
.10438482, .81928015E-01, .84227118E-04, .21909564E-02, .22456795E-01, .32001238E-01, .92692403E-02, .20645993E-01, 4.2340722
.10304188, .80991171E-01, .84460393E-04, .22087265E-02, .22050720E-01, .20069005E-01, .94433762E-02, .22172699E-01, 4.2516813
.10325634, .81277102E-01, .84733030E-04, .23262857E-02, .21979222E-01, .30817775E-01, .95530394E-02, .19949356E-01, 4.2584653
.11297195, .89022726E-01, .10810025E-03, .26332906E-02, .23949217E-01, .30784605E-01, .66274395E-02, .19193662E-01, 4.2639952
.11796864, .93059376E-01, .45219180E-02, .23308625E-02, .24909278E-01, .0000000, .59100231E-02, .25197530E-01, 4.2964411
.10130385, .80042057E-01, .86133943E-04, .18393977E-02, .21261809E-01, .0000000, .83371168E-02, .25384240E-01, 4.3325958
.90475008E-01, .71621478E-01, .86783184E-04, .15732108E-02, .18853534E-01, .0000000, .12795111E-01, .25209997E-01, 4.3710656
.88429682E-01, .70144720E-01, .87514345E-04, .15326836E-02, .18284962E-01, .0000000, .17914008E-01, .25036981E-01, 4.4141245
.93997166E-01, .74699074E-01, .88235633E-04, .16875591E-02, .19298090E-01, .13505336E-01, .21087414E-01, .23137210E-01, 4.4477110
.92038766E-01, .73264137E-01, .88848166E-04, .16919351E-02, .18774631E-01, .11879764E-01, .20980643E-01, .23449788E-01, 4.4822884
.89314923E-01, .71220867E-01, .89504269E-04, .16863314E-02, .18094052E-01, .11876484E-01, .23107413E-01, .23453480E-01, 4.5183177
