.10840353, .89241005E-01, .14300435E-03, .34547208E-02, .19162528E-01, .16240317E-01, .29418016E-01, .15320510E-01, 7.1695132
.11692612, .96228056E-01, .14330891E-03, .39567263E-02, .20698071E-01, .21632161E-01, .11248645E-01, .11557214E-01, 7.1855922
.11916634, .98036632E-01, .14337958E-03, .40104729E-02, .21129705E-01, .25358312E-01, .53254790E-02, .11547476E-01, 7.1923985
.12399940, .10196652, .13197239E-01, .43205041E-02, .22032883E-01, .23070786E-01, .30098802E-02, .11538553E-01, 7.1867185
.12745835, .10475069, .87090284E-01, .43347948E-02, .22707667E-01, .18612059E-01, .20573223E-02, .11525966E-01, 7.1113110
.14530370, .11932468, .63590971E-02, .53905537E-02, .25979016E-01, .22572000E-01, .16069333E-02, .11511338E-01, 7.1144404
.12895447, .10579772, .14235295E-03, .44881781E-02, .23156732E-01, .11303961E-01, .16052044E-02, .11497256E-01, 7.1331348
.11881445, .97440720E-01, .14257629E-03, .40353993E-02, .21373723E-01, .16284436E-01, .24908888E-02, .11464474E-01, 7.1464033
.10460403, .85757062E-01, .14272692E-03, .32791728E-02, .18846963E-01, .30726977E-02, .22811149E-02, .12935386E-01, 7.1709008
.99148616E-01, .81317946E-01, .14309864E-03, .30988937E-02, .17830662E-01, .51604388E-02, .38237455E-02, .14737556E-01, 7.1940169
.98842554E-01, .81089348E-01, .14342218E-03, .33382154E-02, .17753201E-01, .10331322E-01, .52546393E-02, .14309014E-01, 7.2130756
.10152441, .83321474E-01, .14368734E-03, .38963824E-02, .18202921E-01, .17473659E-01, .61504054E-02, .14632778E-01, 7.2257800
.96919201E-01, .79539463E-01, .14381661E-03, .36936572E-02, .17379751E-01, .15052890E-01, .51701041E-02, .11276635E-01, 7.2393036
.67939170E-01, .55791944E-01, .14416722E-03, .23890100E-02, .12147228E-01, .0000000, .60577737E-02, .19363733E-01, 7.2648396
.54049026E-01, .44461664E-01, .14462241E-03, .19380056E-02, .95873596E-02, .0000000, .71617211E-02, .19968646E-01, 7.2893715
.52563604E-01, .43319784E-01, .14508356E-03, .20756316E-02, .92438217E-02, .0000000, .81049651E-02, .19832475E-01, 7.3143649
.60804445E-01, .50193321E-01, .14552928E-03, .29401926E-02, .10611126E-01, .58128908E-02, .94120223E-02, .14637628E-01, 7.3353543
.89010686E-01, .73523074E-01, .14588539E-03, .38611332E-02, .15487609E-01, .18258128E-01, .90337116E-02, .10973361E-01, 7.3474746
.12708099, .10493708, .45145676E-02, .49185692E-02, .22143910E-01, .31267826E-01, .53950241E-02, .10976125E-01, 7.3441768
.11754207, .96992970E-01, .25520690E-01, .38898438E-02, .20549104E-01, .16687367E-01, .32498522E-02, .10973960E-01, 7.3317442
.11277048, .93021862E-01, .29069839E-01, .36346822E-02, .19748610E-01, .15380893E-01, .37853033E-02, .10948062E-01, 7.3170571
.11899627, .98110601E-01, .61116889E-01, .39208257E-02, .20885671E-01, .19956913E-01, .33075437E-02, .10936165E-01, 7.2661228
.12172978, .10031111, .28697206E-01, .40684775E-02, .21418681E-01, .21115145E-01, .29464227E-02, .10923645E-01, 7.2464700
.12498679, .10292746, .11720875, .42194850E-02, .22059327E-01, .19870428E-01, .24616458E-02, .10916412E-01, 7.1395564
.11183776, .92053793E-01, .82408622E-01, .34625777E-02, .19783977E-01, .83495425E-02, .28082884E-02, .10894528E-01, 7.0777912
.93097523E-01, .76631755E-01, .38560692E-01, .25388515E-02, .16465770E-01, .54365926E-04, .36548362E-02, .18084418E-01, 7.0666199
.89611977E-01, .73828049E-01, .14141698E-03, .24316302E-02, .15783936E-01, .0000000, .55291052E-02, .18687155E-01, 7.0952253
.90411559E-01, .74538633E-01, .14184594E-03, .25887934E-02, .15872924E-01, .16176694E-02, .79961251E-02, .17498495E-01, 7.1246109
.83463304E-01, .68865277E-01, .14229455E-03, .24663287E-02, .14598025E-01, .22530428E-02, .10033200E-01, .17396891E-01, 7.1542459
.82909621E-01, .68463631E-01, .14275734E-03, .26506742E-02, .14445987E-01, .50692596E-02, .11616427E-01, .15887739E-01, 7.1823115
.91734596E-01, .75789914E-01, .14317060E-03, .33932717E-02, .15944695E-01, .15626412E-01, .11743505E-01, .13002369E-01, 7.2007017
.76978952E-01, .63620731E-01, .14352218E-03, .28880825E-02, .13358219E-01, .55667188E-03, .10542043E-01, .14721858E-01, 7.2308788
.71336649E-01, .59009574E-01, .14402912E-03, .30575406E-02, .12327069E-01, .62230187E-02, .12475582E-01, .13949364E-01, 7.2561216
.85670136E-01, .70902139E-01, .38564438E-03, .33276477E-02, .14767996E-01, .14349663E-01, .12028016E-01, .10410947E-01, 7.2747202
.11764403, .97334445E-01, .25457500E-01, .38198021E-02, .20309599E-01, .29805299E-01, .78617055E-02, .10411147E-01, 7.2536721
.12181159, .10071859, .20798449E-02, .40497305E-02, .21092998E-01, .28465169E-01, .50722859E-02, .10416642E-01, 7.2551112
.11979572, .98982528E-01, .69334410E-01, .39339382E-02, .20813197E-01, .23084234E-01, .38246606E-02, .10419954E-01, 7.1932616
.10169496, .83992459E-01, .63026331E-01, .29696969E-02, .17702496E-01, .10822425E-02, .39848019E-02, .13195659E-01, 7.1577373
.90626895E-01, .74885182E-01, .14324322E-03, .25039017E-02, .15741710E-01, .0000000, .59312647E-02, .18693445E-01, 7.1866274
.97285017E-01, .80436468E-01, .10761713E-01, .28156135E-02, .16848555E-01, .48221112E-02, .76738722E-02, .14078576E-01, 7.2026167
.11301515, .93416497E-01, .96961129E-02, .36280525E-02, .19598654E-01, .15303635E-01, .78497911E-02, .10230949E-01, 7.2113004
.10999689, .90901710E-01, .46054635E-01, .34640094E-02, .19095179E-01, .16392937E-01, .75381408E-02, .13314857E-01, 7.1818862
.11247697, .92902854E-01, .10975955, .34792258E-02, .19574113E-01, .15123811E-01, .49504009E-02, .10194825E-01, 7.0879130
.98623924E-01, .81451967E-01, .17229445E-01, .27807625E-02, .17171944E-01, .0000000, .53753722E-02, .17040908E-01, 7.1003146
.10027254, .82843415E-01, .14212115E-03, .29219051E-02, .17429123E-01, .65944619E-02, .73473193E-02, .14548954E-01, 7.1252971
.10699916, .88412717E-01, .14241019E-03, .35557286E-02, .18586451E-01, .17461624E-01, .85389363E-02, .13127035E-01, 7.1411271
.93629591E-01, .77341184E-01, .14257856E-03, .31371717E-02, .16288390E-01, .86150067E-02, .74983495E-02, .11741759E-01, 7.1628823
.93682386E-01, .77414975E-01, .14286951E-03, .37843769E-02, .16267400E-01, .18089062E-01, .91936877E-02, .13061212E-01, 7.1761923
.10083649, .83307564E-01, .14281695E-03, .49616965E-02, .17528942E-01, .31254794E-01, .72268490E-02, .10003503E-01, 7.1744566
.86462632E-01, .71427375E-01, .14278713E-03, .45379233E-02, .15035264E-01, .23174249E-01, .72006807E-02, .10009385E-01, 7.1787019
.81817418E-01, .67601569E-01, .14284205E-03, .48258319E-02, .14215847E-01, .23001628E-01, .80789719E-02, .10007366E-01, 7.1828923
.79195067E-01, .65444358E-01, .14276979E-03, .50755111E-02, .13750708E-01, .26127085E-01, .78036557E-02, .10017794E-01, 7.1829648
.80514200E-01, .66555373E-01, .14277332E-03, .57248063E-02, .13958837E-01, .26656574E-01, .79162950E-02, .10021464E-01, 7.1821823
.10069437, .83230749E-01, .14264221E-03, .97761061E-02, .17463617E-01, .29527128E-01, .71804663E-02, .10037504E-01, 7.1772447
.62324949E-01, .51524445E-01, .14278479E-03, .32218799E-02, .10800498E-01, .24600103E-02, .71017416E-02, .11388848E-01, 7.1991873
.53767398E-01, .44501107E-01, .14325697E-03, .28352928E-02, .92662852E-02, .0000000, .91218911E-02, .13706732E-01, 7.2244616
.62691972E-01, .51931370E-01, .14374916E-03, .32585002E-02, .10760612E-01, .65893633E-02, .11505286E-01, .10262177E-01, 7.2466006
.10333055, .85616767E-01, .97305728E-02, .43695746E-02, .17713794E-01, .27567968E-01, .10973912E-01, .99137630E-02, 7.2434845
.11761829, .97391061E-01, .78196470E-02, .38162393E-02, .20227227E-01, .28414726E-01, .68873754E-02, .99225258E-02, 7.2404137
.13405311, .11091112, .14467796E-03, .50846413E-02, .23141984E-01, .29855907E-01, .66608670E-02, .99291001E-02, 7.2449961
.12100486, .10002040, .14458522E-03, .48673931E-02, .20984452E-01, .28656833E-01, .60037491E-02, .99398559E-02, 7.2481823
.12034830, .99399894E-01, .14439812E-03, .55745221E-02, .20948384E-01, .34700219E-01, .53719920E-02, .99574691E-02, 7.2439456
.91819607E-01, .75806350E-01, .14429269E-03, .43800161E-02, .16013250E-01, .24723666E-01, .67455661E-02, .99674799E-02, 7.2473216
.86370908E-01, .71315967E-01, .14433362E-03, .52858936E-02, .15054923E-01, .25998255E-01, .10120236E-01, .99647744E-02, 7.2509327
.85736863E-01, .70790708E-01, .14413412E-03, .62377257E-02, .14946146E-01, .35732642E-01, .11278700E-01, .99889981E-02, 7.2449088
.67888498E-01, .56072675E-01, .14425292E-03, .33883927E-02, .11815825E-01, .99051381E-02, .13614479E-01, .99904863E-02, 7.2667646
.62398933E-01, .51578283E-01, .14469461E-03, .33431910E-02, .10820656E-01, .11239983E-01, .18452208E-01, .12677107E-01, 7.2911754
.56451052E-01, .46706636E-01, .14518210E-03, .35300315E-02, .97444253E-02, .14031141E-01, .24197254E-01, .12979632E-01, 7.3172760
.64039215E-01, .53024691E-01, .14553792E-03, .53761182E-02, .11014521E-01, .30155240E-01, .27250398E-01, .99276816E-02, 7.3297267
.56041189E-01, .46431262E-01, .14574449E-03, .47050524E-02, .96099274E-02, .27820945E-01, .28075140E-01, .99506294E-02, 7.3446074
.51940523E-01, .43069486E-01, .14610888E-03, .45315344E-02, .88710431E-02, .22790426E-01, .31234147E-01, .99838758E-02, 7.3671088
.51996402E-01, .43155979E-01, .14664070E-03, .51642582E-02, .88404259E-02, .23047773E-01, .35997145E-01, .10082254E-01, 7.3934522
.64794376E-01, .53817201E-01, .14701203E-03, .84993318E-02, .10977174E-01, .32898854E-01, .36490873E-01, .10368521E-01, 7.4092393
.41785441E-01, .34734916E-01, .14754409E-03, .42664865E-02, .70505291E-02, .96667185E-02, .36850452E-01, .10592901E-01, 7.4489241
.59380516E-01, .49411107E-01, .14822015E-03, .42354469E-02, .99694096E-02, .28446669E-01, .38409032E-01, .99684782E-02, 7.4743361
.67666575E-01, .56334198E-01, .14864649E-03, .42339503E-02, .11332375E-01, .29843437E-01, .32633603E-01, .99776704E-02, 7.4939408
.69705240E-01, .58059398E-01, .14896104E-03, .50585270E-02, .11645842E-01, .33200633E-01, .29867794E-01, .99949241E-02, 7.5069127
.67812428E-01, .56510065E-01, .14914987E-03, .57582697E-02, .11302363E-01, .36939956E-01, .28068241E-01, .10018411E-01, 7.5133023
.72951868E-01, .60817305E-01, .14918859E-03, .75732702E-02, .12134560E-01, .42460009E-01, .25941171E-01, .10068027E-01, 7.5110602
.69729917E-01, .58155719E-01, .14919965E-03, .85015614E-02, .11574211E-01, .34180705E-01, .25006633E-01, .10218534E-01, 7.5146737
.61221570E-01, .51087517E-01, .14937448E-03, .81106555E-02, .10134060E-01, .22254018E-01, .25427500E-01, .10625113E-01, 7.5295863
.52370906E-01, .43739088E-01, .14977883E-03, .66532814E-02, .86318143E-02, .17463703E-01, .28736670E-01, .10951150E-01, 7.5525541
.81737891E-01, .68307810E-01, .15001520E-03, .68333005E-02, .13430080E-01, .41060496E-01, .27740095E-01, .10121461E-01, 7.5555453
.98065943E-01, .81940748E-01, .15008527E-03, .60716341E-02, .16125206E-01, .34735478E-01, .17623717E-01, .10131580E-01, 7.5582018
.88037036E-01, .73554277E-01, .15006671E-03, .56232391E-02, .14482767E-01, .36172982E-01, .14154566E-01, .10153600E-01, 7.5547590
.86993605E-01, .72685286E-01, .14991926E-03, .66504451E-02, .14308319E-01, .41433111E-01, .12958222E-01, .10182127E-01, 7.5436568
.66052273E-01, .55200566E-01, .14981936E-03, .50001186E-02, .10851705E-01, .25960533E-01, .13764838E-01, .10204792E-01, 7.5470281
.57870142E-01, .48396181E-01, .14999422E-03, .49625742E-02, .94739608E-02, .21486221E-01, .17792828E-01, .10208839E-01, 7.5575609
.66479407E-01, .55634368E-01, .15016586E-03, .74480320E-02, .10845032E-01, .29290726E-01, .21129690E-01, .10270397E-01, 7.5625114
.47786582E-01, .40017370E-01, .15039176E-03, .47607371E-02, .77692196E-02, .13520723E-01, .23997005E-01, .10452888E-01, 7.5857096
.46571087E-01, .39042048E-01, .15096964E-03, .52673654E-02, .75290408E-02, .12772704E-01, .30845098E-01, .10808845E-01, 7.6157556
.50892107E-01, .42707231E-01, .15154894E-03, .66727237E-02, .81848791E-02, .18462829E-01, .36842175E-01, .11249140E-01, 7.6453619
.45124095E-01, .37902653E-01, .15219027E-03, .56860084E-02, .72214436E-02, .13056516E-01, .40419277E-01, .11484209E-01, 7.6839719
.43220501E-01, .36348630E-01, .15306889E-03, .55738864E-02, .68718717E-02, .11170154E-01, .45941275E-01, .11759911E-01, 7.7297525
.49176682E-01, .41405216E-01, .15398419E-03, .73465356E-02, .77714734E-02, .14736988E-01, .49977172E-01, .12120875E-01, 7.7751274
.52940346E-01, .44619616E-01, .15488478E-03, .86801015E-02, .83207311E-02, .15087905E-01, .51601116E-01, .12447502E-01, 7.8209910
.53627282E-01, .45241404E-01, .15580317E-03, .91815609E-02, .83858771E-02, .13343810E-01, .52371252E-01, .12841221E-01, 7.8689332
.64003997E-01, .54047607E-01, .15667113E-03, .78769615E-02, .99563831E-02, .32808218E-01, .53163119E-01, .11225077E-01, 7.9010725
.73954597E-01, .62468804E-01, .15707422E-03, .74632289E-02, .11485798E-01, .40431466E-01, .42239681E-01, .10149714E-01, 7.9166126
.68558857E-01, .57931971E-01, .15726137E-03, .77541792E-02, .10626877E-01, .44366829E-01, .36774222E-01, .10257621E-01, 7.9216003
.49898826E-01, .42191695E-01, .15717885E-03, .48765764E-02, .77071264E-02, .59144162E-01, .37325736E-01, .10314693E-01, 7.9123220
.55259172E-01, .46764225E-01, .15703015E-03, .64412118E-02, .84949490E-02, .63580915E-01, .41043501E-01, .10631772E-01, 7.9015460
.50985716E-01, .43185443E-01, .15681103E-03, .79641165E-02, .78002708E-02, .63134119E-01, .44249449E-01, .12398481E-01, 7.8922043
.44160504E-01, .37446734E-01, .15670995E-03, .70582172E-02, .67137694E-02, .58028586E-01, .48672337E-01, .13749695E-01, 7.8922129
.44410411E-01, .37709858E-01, .15680268E-03, .75345156E-02, .67005549E-02, .55496048E-01, .53767815E-01, .14301375E-01, 7.8993587
.52718669E-01, .44818629E-01, .15696125E-03, .10509934E-01, .79000415E-02, .54993875E-01, .57018012E-01, .15008214E-01, 7.9084802
.50942965E-01, .43358143E-01, .15719247E-03, .10112563E-01, .75848228E-02, .52730978E-01, .60213957E-01, .15492722E-01, 7.9231410
.49559042E-01, .42233936E-01, .15754311E-03, .98867156E-02, .73251035E-02, .51507141E-01, .64074211E-01, .15728498E-01, 7.9428515
.56896407E-01, .48544873E-01, .15795309E-03, .12655241E-01, .83515393E-02, .51531941E-01, .66833347E-01, .15983220E-01, 7.9635558
.61385285E-01, .52426808E-01, .15833374E-03, .84445383E-02, .89584719E-02, .61835513E-01, .69118559E-01, .12469855E-01, 7.9810600
.78307860E-01, .66900104E-01, .15855770E-03, .66312337E-02, .11407746E-01, .62997751E-01, .53382035E-01, .10203298E-01, 7.9859266
.77881142E-01, .66541769E-01, .15849920E-03, .68276804E-02, .11339382E-01, .63268803E-01, .39063293E-01, .10212230E-01, 7.9759402
.72302386E-01, .61789375E-01, .15821372E-03, .73885322E-02, .10513017E-01, .64933203E-01, .33863325E-01, .10227455E-01, 7.9577003
.63841514E-01, .54576747E-01, .15783185E-03, .67162607E-02, .92647644E-02, .62656902E-01, .32543194E-01, .10271908E-01, 7.9398437
.59855673E-01, .51196724E-01, .15749421E-03, .68758503E-02, .86589437E-02, .63012637E-01, .34707099E-01, .10445239E-01, 7.9230304
.55667214E-01, .47645584E-01, .15719318E-03, .71108900E-02, .80216378E-02, .63428864E-01, .38485039E-01, .10905096E-01, 7.9087052
.67163333E-01, .57523243E-01, .15690720E-03, .82597900E-02, .96400734E-02, .67304276E-01, .41754950E-01, .10722674E-01, 7.8942437
.99185459E-01, .84943764E-01, .15648674E-03, .12418285E-01, .14241701E-01, .77613160E-01, .34673464E-01, .10312103E-01, 7.8628368
.10131849, .86733118E-01, .15578767E-03, .11847819E-01, .14585364E-01, .76397464E-01, .27988046E-01, .10332875E-01, 7.8268747
.98985337E-01, .84700845E-01, .15509484E-03, .97666951E-02, .14284490E-01, .70833430E-01, .23762314E-01, .10360554E-01, 7.7940297
.87556370E-01, .74903838E-01, .15444240E-03, .91772443E-02, .12652553E-01, .69039091E-01, .22319591E-01, .10383124E-01, 7.7604938
.77238113E-01, .66077322E-01, .15376700E-03, .93479715E-02, .11160800E-01, .69265597E-01, .23882031E-01, .10521634E-01, 7.7266359
.72060369E-01, .61663464E-01, .15308741E-03, .10372556E-01, .10396898E-01, .71690395E-01, .27029546E-01, .11012401E-01, 7.6917100
.79999968E-01, .68481714E-01, .15239084E-03, .12457576E-01, .11518257E-01, .73797643E-01, .29200803E-01, .11624502E-01, 7.6558857
.19195235, .16410962, .52721735E-01, .95984377E-02, .27842721E-01, .71190752E-01, .15344282E-01, .10484124E-01, 7.5742741
.19537866, .16660157, .21845307E-02, .91677448E-02, .28777104E-01, .69572978E-01, .56639235E-02, .10501380E-01, 7.5362711
.19649841, .16711143, .29722989E-01, .91702696E-02, .29386982E-01, .69691911E-01, .40345206E-02, .10520132E-01, 7.4695883
.19651659, .16668421, .14888335E-03, .91975722E-02, .29832412E-01, .69827281E-01, .35208454E-02, .10538216E-01, 7.4322500
.20025629, .16939822, .14923263E-01, .95173474E-02, .30858072E-01, .70468843E-01, .35220005E-02, .10558580E-01, 7.3801994
.18714155, .15789957, .53373058E-02, .88765249E-02, .29241975E-01, .68766721E-01, .38161110E-02, .10576053E-01, 7.3387575
.16783139, .14129724, .14643921E-03, .91675306E-02, .26534144E-01, .44673599E-01, .42940304E-02, .10601806E-01, 7.3240790
.14441830, .12138736, .14594535E-03, .99189142E-02, .23030955E-01, .45716699E-01, .51363115E-02, .10639828E-01, 7.3049431
.12386024, .10399238, .14542200E-03, .10225919E-01, .19867849E-01, .43603808E-01, .68906401E-02, .10679143E-01, 7.2862058
.12668449, .10626934, .14488465E-03, .11944982E-01, .20415140E-01, .46444021E-01, .84007392E-02, .10721854E-01, 7.2649703
.11061192, .92719898E-01, .14442952E-03, .11783788E-01, .17892016E-01, .39075412E-01, .99651525E-02, .10759368E-01, 7.2503052
.10276500, .86106867E-01, .14409874E-03, .12119500E-01, .16658135E-01, .35470016E-01, .11786196E-01, .10791686E-01, 7.2394967
.97366259E-01, .81563428E-01, .14385955E-03, .12002668E-01, .15802836E-01, .34473591E-01, .13677142E-01, .10830113E-01, 7.2308350
.11625561, .97349480E-01, .14348968E-03, .11398801E-01, .18906143E-01, .52353922E-01, .14171431E-01, .10849453E-01, 7.2084961
.11424191, .95602557E-01, .14302552E-03, .11953453E-01, .18639354E-01, .49168933E-01, .13394463E-01, .10901399E-01, 7.1877456
.10596840, .88639393E-01, .14268780E-03, .13576860E-01, .17329037E-01, .36137044E-01, .13691535E-01, .10980918E-01, 7.1773877
.88937990E-01, .74379489E-01, .14258502E-03, .12992661E-01, .14558500E-01, .23251155E-01, .15657818E-01, .11403813E-01, 7.1796961
.74432492E-01, .62268335E-01, .14273505E-03, .11463717E-01, .12164149E-01, .16237045E-01, .19704958E-01, .12158100E-01, 7.1922035
.72579354E-01, .60752403E-01, .14305442E-03, .12485005E-01, .11826960E-01, .11844466E-01, .24244571E-01, .13148313E-01, 7.2122827
.67691848E-01, .56698970E-01, .14351930E-03, .11943544E-01, .10992882E-01, .86720809E-02, .28737906E-01, .13932792E-01, 7.2397346
.71938358E-01, .60303017E-01, .14411303E-03, .14017099E-01, .11635344E-01, .72885370E-02, .33156477E-01, .14557231E-01, 7.2715559
.72788432E-01, .61057363E-01, .14478354E-03, .14935720E-01, .11731071E-01, .51235245E-02, .36564127E-01, .15163369E-01, 7.3081269
.64725503E-01, .54341059E-01, .14557647E-03, .12401760E-01, .10384450E-01, .48193960E-02, .40206619E-01, .15280819E-01, 7.3498311
.75216129E-01, .63193060E-01, .14611767E-03, .98637566E-02, .12023062E-01, .41996136E-01, .42816143E-01, .11359844E-01, 7.3611450
.88336177E-01, .74229859E-01, .14620484E-03, .93846302E-02, .14106310E-01, .49108811E-01, .39169252E-01, .10902110E-01, 7.3642607
.17697114, .14856745, .49316201E-01, .80236085E-02, .28403690E-01, .47409721E-01, .19227980E-01, .10925523E-01, 7.3156228
.21059561, .17636503, .14611964E-03, .11027980E-01, .34230586E-01, .48943259E-01, .63040908E-02, .10959728E-01, 7.3045211
.19213408, .16047618, .14559508E-03, .11722074E-01, .31657923E-01, .54539196E-01, .40619317E-02, .11006922E-01, 7.2823138
.17452395, .14545333, .14503940E-03, .13168192E-01, .29070590E-01, .47394473E-01, .40929820E-02, .11052602E-01, 7.2632513
.16627581, .13833536, .99807329E-01, .86426688E-02, .27940461E-01, .40447284E-01, .46454431E-02, .11088848E-01, 7.1554198
.20351292, .16894776, .66449873E-01, .92401244E-02, .34565181E-01, .51096231E-01, .39254939E-02, .11121313E-01, 7.0756030
.23483637, .19437426, .15754821E-01, .12482685E-01, .40462103E-01, .56040797E-01, .32705220E-02, .11165210E-01, 7.0435362
.20959234, .17295910, .14054331E-03, .12628359E-01, .36633216E-01, .53213522E-01, .35402589E-02, .11213522E-01, 7.0262094
.19023396, .15660092, .14003794E-03, .13867559E-01, .33633050E-01, .49371749E-01, .40913704E-02, .11259323E-01, 7.0090351
.17321944, .14230847, .13955381E-03, .14238186E-01, .30910980E-01, .46153095E-01, .48536099E-02, .11301141E-01, 6.9927497
.14690147, .12051343, .13912267E-03, .12480759E-01, .26388045E-01, .45876753E-01, .62939953E-02, .11336519E-01, 6.9754128
.22069167, .18069781, .23833950, .11109108E-01, .39993897E-01, .57661571E-01, .52551553E-02, .11388231E-01, 6.7220321
.22570996, .18426599, .79648895E-02, .10592349E-01, .41443944E-01, .53915638E-01, .37498758E-02, .11434651E-01, 6.7032347
.22554974, .18359868, .13377960E-03, .10968071E-01, .41951034E-01, .54369695E-01, .36104617E-02, .11478525E-01, 6.6918035
.22704417, .18427588, .14146122E-01, .10666560E-01, .42768311E-01, .52067183E-01, .35831302E-02, .11523149E-01, 6.6697555
.22377975, .18110968, .87183043E-02, .10316241E-01, .42670038E-01, .50918955E-01, .29042275E-02, .11562208E-01, 6.6538534
.23628612, .19066882, .41390501E-03, .12404697E-01, .45617305E-01, .55768792E-01, .32321920E-02, .11603070E-01, 6.6425967
.22635590, .18211627, .13258636E-03, .15305104E-01, .44239614E-01, .49589537E-01, .34335763E-02, .11649004E-01, 6.6337233
.20238386, .16241430, .13229487E-03, .17207259E-01, .39969549E-01, .41074201E-01, .39751697E-02, .11682801E-01, 6.6277332
.25477886, .20392430, .16351566E-01, .17036745E-01, .50854526E-01, .60087036E-01, .39393203E-02, .11719002E-01, 6.5978780
.26322490, .20990908, .30085746E-01, .13581811E-01, .53315826E-01, .52446544E-01, .28026639E-02, .11770878E-01, 6.5663624
.23910458, .19005471, .38227182E-01, .11588013E-01, .49049854E-01, .52997600E-01, .31298285E-02, .11811520E-01, 6.5242095
.22811505, .18080492, .43870099E-01, .10607342E-01, .47310177E-01, .52080136E-01, .32228387E-02, .11852398E-01, 6.4766645
.21689142, .17146747, .13153865E-01, .97001372E-02, .45423958E-01, .49548563E-01, .36056121E-02, .11891688E-01, 6.4617724
.23748600, .18726107, .35542327, .11006267E-01, .50224952E-01, .56837216E-01, .36742638E-02, .11931748E-01, 6.1008873
.24350217, .19143972, .23778187, .10916959E-01, .52062444E-01, .51469877E-01, .30150502E-02, .11973098E-01, 5.8642783
.24751456, .19401242, .17663804, .10912396E-01, .53502105E-01, .52996352E-01, .32457355E-02, .12011644E-01, 5.6889596
.22446345, .17545831, .28649053, .88693397E-02, .49005143E-01, .49610484E-01, .36479349E-02, .12049077E-01, 5.4051228
.28014132, .21831979, .67072730E-02, .13447962E-01, .61821558E-01, .53175189E-01, .30355188E-02, .12087557E-01, 5.4055901
.28140366, .21847878, .10820477E-03, .16888848E-01, .62924869E-01, .38071088E-01, .25049555E-02, .12118191E-01, 5.4250078
.23892514, .18490292, .10846753E-03, .18378785E-01, .54022226E-01, .27329735E-01, .26828996E-02, .12128432E-01, 5.4443765
.19144438, .14782919, .10871520E-03, .18056028E-01, .43615207E-01, .20371737E-01, .33758038E-02, .12125052E-01, 5.4613109
.15530789, .11978295, .10892865E-03, .18038586E-01, .35524942E-01, .16175549E-01, .49196244E-02, .12115162E-01, 5.4759130
.13160610, .10144969, .10913495E-03, .17139774E-01, .30156393E-01, .13858139E-01, .68836669E-02, .12175241E-01, 5.4903250
.11341375, .87422758E-01, .10937902E-03, .16200779E-01, .25991010E-01, .10722190E-01, .94087915E-02, .12570295E-01, 5.5071740
.97944207E-01, .75529993E-01, .10971697E-03, .15281065E-01, .22414219E-01, .62723821E-02, .13101092E-01, .13591415E-01, 5.5295067
.16563210, .12775896, .11000012E-03, .14203048E-01, .37873134E-01, .48526824E-01, .15599835E-01, .12815721E-01, 5.5286207
.29288426, .22529240, .65439041E-02, .14967962E-01, .67591853E-01, .70862584E-01, .50980165E-02, .12095323E-01, 5.5181108
.27118877, .20785613, .24732941, .12831997E-01, .63332662E-01, .53043563E-01, .29983444E-02, .12146783E-01, 5.2798314
.28940964, .22103995, .85242866E-02, .14181651E-01, .68369687E-01, .45402478E-01, .25244702E-02, .12182078E-01, 5.2917328
.30804706, .23437186, .40334720E-01, .15623093E-01, .73675163E-01, .41605271E-01, .21158739E-02, .12205940E-01, 5.2792492
.33286601, .25214431, .10597651E-03, .18098174E-01, .80721691E-01, .31613298E-01, .15570974E-02, .12221122E-01, 5.3215752
.27899337, .21047841, .10664103E-03, .17176177E-01, .68514973E-01, .29474307E-01, .20704176E-02, .12223417E-01, 5.3546343
.22388749, .16844106, .10704434E-03, .16977433E-01, .55446427E-01, .28019464E-01, .30120583E-02, .12227444E-01, 5.3764672
.18423994, .13837902, .10732489E-03, .16732428E-01, .45860916E-01, .23221828E-01, .38749403E-02, .12227346E-01, 5.3946204
.15686381, .11771113, .10756809E-03, .15795127E-01, .39152697E-01, .22377796E-01, .51258756E-02, .12220110E-01, 5.4090934
.22148699, .16603157, .63449785E-01, .13193658E-01, .55455405E-01, .55483047E-01, .53346213E-02, .12231069E-01, 5.3464093
.25710773, .19223243, .63903242E-01, .11022192E-01, .64875312E-01, .55446908E-01, .32770694E-02, .12279978E-01, 5.2926679
.25779131, .19221506, .89962430E-01, .10933248E-01, .65576270E-01, .53623006E-01, .31420069E-02, .12320651E-01, 5.2153497
.27348244, .20332296, .10448763E-03, .12960733E-01, .70159487E-01, .47318306E-01, .27061878E-02, .12356848E-01, 5.2367153
.26206458, .19425625, .10486557E-03, .15367273E-01, .67808345E-01, .35083167E-01, .24641796E-02, .12379400E-01, 5.2650857
.22102688, .16345060, .10529321E-03, .16593052E-01, .57576239E-01, .26095705E-01, .28005564E-02, .12384981E-01, 5.2911468
.17918773, .13232218, .10566256E-03, .16492411E-01, .46865519E-01, .20673709E-01, .36994098E-02, .12379374E-01, 5.3129201
.15100685, .11144400, .10598345E-03, .17575566E-01, .39562859E-01, .15483186E-01, .49629924E-02, .12370305E-01, 5.3327608
.12893826, .95151797E-01, .10630750E-03, .16860662E-01, .33786446E-01, .12254730E-01, .65247081E-02, .12434605E-01, 5.3523278
.11576784, .85461169E-01, .10665634E-03, .16850982E-01, .30306658E-01, .92839617E-02, .85115507E-02, .12802584E-01, 5.3733840
.10496157, .77534147E-01, .10706953E-03, .17167209E-01, .27427437E-01, .47315187E-02, .10963282E-01, .13776916E-01, 5.3982491
.94633304E-01, .69976702E-01, .10758892E-03, .16689716E-01, .24656598E-01, .43243071E-03, .13879539E-01, .15031489E-01, 5.4280343
.92726685E-01, .68652265E-01, .10818497E-03, .17466510E-01, .24074428E-01, .0000000, .17040549E-01, .15919691E-01, 5.4600534
.89279473E-01, .66191792E-01, .10882806E-03, .17707601E-01, .23087688E-01, .0000000, .20461170E-01, .16927063E-01, 5.4942656
.85987441E-01, .63850164E-01, .10952419E-03, .17811758E-01, .22137284E-01, .0000000, .24266236E-01, .17922249E-01, 5.5312271
.85191958E-01, .63364714E-01, .11028248E-03, .18474394E-01, .21827240E-01, .0000000, .28444596E-01, .18770490E-01, 5.5713935
.82691774E-01, .61614238E-01, .11111543E-03, .16224025E-01, .21077543E-01, .43357871E-02, .33211578E-01, .17647246E-01, 5.6134906
.11695688, .87219454E-01, .11154848E-03, .14834785E-01, .29737428E-01, .46875026E-01, .30428225E-01, .12074858E-01, 5.6203136
.10721038, .79983614E-01, .11181297E-03, .17197710E-01, .27226781E-01, .21999685E-01, .26021501E-01, .13286836E-01, 5.6427331
.91793276E-01, .68549834E-01, .11244233E-03, .17449090E-01, .23243442E-01, .49690539E-02, .26807023E-01, .15536142E-01, 5.6787324
.11557850, .86378835E-01, .11289024E-03, .15907632E-01, .29199678E-01, .36980402E-01, .26044449E-01, .12179242E-01, 5.6894574
.11082926, .82861640E-01, .11315139E-03, .16087215E-01, .27967634E-01, .29336695E-01, .23536224E-01, .12330978E-01, 5.7039037
.13905220, .10398646, .11329726E-03, .15721826E-01, .35065729E-01, .53248517E-01, .19797051E-01, .12031759E-01, 5.6981654
.15569064, .11637075, .11310870E-03, .16571844E-01, .39319914E-01, .45735408E-01, .11706254E-01, .12050608E-01, 5.6952534
.19258767, .14384256, .11311960E-03, .16128037E-01, .48745137E-01, .54060239E-01, .84295236E-02, .12077693E-01, 5.6906056
.26950416, .20082426, .13145908E-02, .14165339E-01, .68679862E-01, .62612712E-01, .36413572E-02, .12134894E-01, 5.6937189
.26607627, .19766140, .53287972E-01, .12595358E-01, .68414837E-01, .51660769E-01, .27027933E-02, .12178666E-01, 5.6557713
.24410793, .18085168, .11324538E-03, .11468362E-01, .63256219E-01, .49185935E-01, .28324756E-02, .12230467E-01, 5.6695728
.21996392, .16262232, .11333743E-03, .11440911E-01, .57341605E-01, .47201980E-01, .32898183E-02, .12280783E-01, 5.6799297
.19949311, .14724346, .11339360E-03, .12323713E-01, .52249648E-01, .44510134E-01, .40920544E-02, .12277829E-01, 5.6878047
.17714201, .13059622, .11342458E-03, .13225189E-01, .46545766E-01, .38136207E-01, .47501079E-02, .12304415E-01, 5.6961069
.15271911, .11252131, .11351301E-03, .14080743E-01, .40197801E-01, .29996196E-01, .57184491E-02, .12317817E-01, 5.7063122
.13376249, .98544396E-01, .11366308E-03, .15362971E-01, .35218105E-01, .22816021E-01, .70156576E-02, .12319981E-01, 5.7187352
.12459378, .91804549E-01, .11387733E-03, .16251439E-01, .32789249E-01, .18966887E-01, .83467355E-02, .12349194E-01, 5.7330184
.11037361, .81361882E-01, .11413662E-03, .15400491E-01, .29011715E-01, .16207203E-01, .10525253E-01, .12527448E-01, 5.7493143
.10035821, .74034706E-01, .11446131E-03, .15246749E-01, .26323508E-01, .13131387E-01, .13504161E-01, .13002668E-01, 5.7691298
.93581155E-01, .69101490E-01, .11488187E-03, .15605351E-01, .24479656E-01, .87302392E-02, .16660003E-01, .13888340E-01, 5.7942986
.88536993E-01, .65460674E-01, .11543003E-03, .16049473E-01, .23076322E-01, .45211911E-02, .19844517E-01, .14897215E-01, 5.8250132
.11756199, .87016739E-01, .11587672E-03, .14243626E-01, .30545229E-01, .43068130E-01, .21420347E-01, .13254355E-01, 5.8280301
.14390838, .10650888, .11566289E-03, .14620906E-01, .37399508E-01, .52260730E-01, .13859438E-01, .12251316E-01, 5.8207731
.12074923, .89374125E-01, .11565836E-03, .12975398E-01, .31375080E-01, .35923429E-01, .12252581E-01, .12278093E-01, 5.8238649
.14357716, .10629509, .11561665E-03, .11484352E-01, .37282057E-01, .57180531E-01, .12300981E-01, .12305986E-01, 5.8131490
.17856862, .13211629, .11531152E-03, .11556210E-01, .46452288E-01, .67606315E-01, .82130432E-02, .12373787E-01, 5.7970190
.18972482, .14022659, .11511400E-03, .12602607E-01, .49498212E-01, .57593923E-01, .61373422E-02, .12427536E-01, 5.7908239
.24838121, .18325233, .65293580E-01, .11420342E-01, .65128900E-01, .66788785E-01, .40131072E-02, .12486180E-01, 5.7249441
.26564899, .19548775, .77925943E-01, .12841035E-01, .70161253E-01, .53513274E-01, .27715510E-02, .12534203E-01, 5.6623659
.24130103, .17712401, .21622604E-01, .10780159E-01, .64177029E-01, .51212475E-01, .28826918E-02, .12574508E-01, 5.6542931
.23423764, .17157646, .27030660E-01, .10299918E-01, .62661186E-01, .53462241E-01, .31180158E-02, .12650918E-01, 5.6377592
.20992261, .15350451, .56186993E-01, .84752738E-02, .56418099E-01, .48164036E-01, .30448183E-02, .12931392E-01, 5.5928755
.23300231, .17009874, .11193419E-03, .10693214E-01, .62903598E-01, .53152818E-01, .31719806E-02, .12750719E-01, 5.6034732
.22330241, .16271138, .11205816E-03, .11728339E-01, .60591038E-01, .46151377E-01, .32215756E-02, .12715454E-01, 5.6177731
.19011518, .13834769, .11216716E-03, .11610225E-01, .51767517E-01, .43340780E-01, .41535757E-02, .12755740E-01, 5.6271091
.17538504, .12752803, .11221483E-03, .12159325E-01, .47857013E-01, .41496709E-01, .48531238E-02, .12760627E-01, 5.6345296
.18183640, .13212755, .11224808E-03, .11819161E-01, .49708825E-01, .47555216E-01, .51437272E-02, .12778722E-01, 5.6383758
.18249041, .13249867, .11225576E-03, .12104987E-01, .49991719E-01, .46290834E-01, .50759721E-02, .12811670E-01, 5.6434174
.15414883, .11186787, .11232997E-03, .11920154E-01, .42280942E-01, .36481347E-01, .57164971E-02, .12835518E-01, 5.6513796
.13220710, .95957667E-01, .11244592E-03, .12023606E-01, .36249422E-01, .31365376E-01, .72443378E-02, .12849487E-01, 5.6598492
.11438972, .83069824E-01, .11259578E-03, .11462253E-01, .31319890E-01, .26952961E-01, .88106506E-02, .12862969E-01, 5.6699300
.13170984, .95709518E-01, .11270229E-03, .11527059E-01, .36000315E-01, .42504407E-01, .98041082E-02, .12867113E-01, 5.6700702
.15842256, .11512131, .11260898E-03, .11539708E-01, .43301240E-01, .53319044E-01, .81092641E-02, .12895564E-01, 5.6649904
.13794260, .10023409, .11258660E-03, .11333433E-01, .37708476E-01, .38134206E-01, .75546014E-02, .12932243E-01, 5.6691556
.11667438, .84823444E-01, .11269519E-03, .10655774E-01, .31850927E-01, .32837246E-01, .93345186E-02, .12953478E-01, 5.6752157
.16172197, .11760974, .11265639E-03, .10889914E-01, .44112254E-01, .58747213E-01, .81847180E-02, .13001542E-01, 5.6662440
.16762158, .12184301, .11258495E-03, .12177718E-01, .45778569E-01, .45857616E-01, .61615692E-02, .12998930E-01, 5.6685166
.14086451, .10238349, .11266498E-03, .11451437E-01, .38481034E-01, .35959490E-01, .66681812E-02, .13030970E-01, 5.6746235
.11790181, .85729368E-01, .11279562E-03, .10235037E-01, .32172445E-01, .31014677E-01, .80023324E-02, .13080618E-01, 5.6819158
.10929758, .79539351E-01, .11293300E-03, .10081527E-01, .29758237E-01, .30728990E-01, .96893813E-02, .13091475E-01, 5.6889210
.10847703, .79012573E-01, .11305304E-03, .10336267E-01, .29464476E-01, .32983340E-01, .11274571E-01, .13096669E-01, 5.6947107
.10161550, .74083142E-01, .11319771E-03, .10858082E-01, .27532376E-01, .27917827E-01, .12648293E-01, .13070442E-01, 5.7044816
.92854358E-01, .67771457E-01, .11343147E-03, .10794255E-01, .25082894E-01, .23107719E-01, .14284267E-01, .13171499E-01, 5.7183142
.84653303E-01, .61870929E-01, .11374115E-03, .10244005E-01, .22782383E-01, .20746114E-01, .16892698E-01, .13369332E-01, 5.7353640
.81547841E-01, .59687149E-01, .11410513E-03, .10332393E-01, .21860685E-01, .19812306E-01, .19698385E-01, .13573348E-01, 5.7551441
.10127996, .74235536E-01, .11438439E-03, .10198212E-01, .27044415E-01, .44903472E-01, .20433821E-01, .13204131E-01, 5.7558866
.12034163, .88267945E-01, .11423355E-03, .10262995E-01, .32073684E-01, .56248307E-01, .16049702E-01, .13105078E-01, 5.7458634
.20143600, .14770751, .12492342, .86100716E-02, .53728469E-01, .72198406E-01, .85294107E-02, .13421637E-01, 5.6108694
.21866798, .16012551, .64949632E-01, .90901610E-02, .58542471E-01, .61917100E-01, .40549594E-02, .13313020E-01, 5.5459881
.23210661, .16968346, .42988099E-01, .10002306E-01, .62423188E-01, .48744220E-01, .27128968E-02, .13244703E-01, 5.5178690
.20749095, .15143986, .89242950E-01, .82326494E-02, .56051087E-01, .35481162E-01, .21054230E-02, .13598908E-01, 5.4515476
.19811171, .14444320, .10916894E-03, .80190720E-02, .53668514E-01, .41876014E-01, .28042891E-02, .13773426E-01, 5.4664936
.17510489, .12758066, .10928114E-03, .78045642E-02, .47524221E-01, .40884070E-01, .34405843E-02, .14060357E-01, 5.4771409
.16184820, .11788540, .10935046E-03, .88551575E-02, .43962810E-01, .38470522E-01, .41602915E-02, .13746577E-01, 5.4863119
.12878869, .93812786E-01, .10942059E-03, .71569420E-02, .34975916E-01, .32104045E-01, .47876369E-02, .14030500E-01, 5.4951844
.11533847, .84083527E-01, .10947834E-03, .69394764E-02, .31254940E-01, .34610458E-01, .68934294E-02, .14318556E-01, 5.5001545
.10728077, .78287415E-01, .10948603E-03, .75050211E-02, .28993359E-01, .35457656E-01, .91437232E-02, .14063587E-01, 5.5036998
.11287361, .82447909E-01, .10946512E-03, .76881368E-02, .30425703E-01, .43688193E-01, .10160541E-01, .13884610E-01, 5.5012794
.14403668, .10527323, .10929280E-03, .67382064E-02, .38763460E-01, .54452121E-01, .66671195E-02, .14317513E-01, 5.4938898
.15152162, .11075054, .10923846E-03, .79273973E-02, .40771063E-01, .43996707E-01, .51804134E-02, .13972430E-01, 5.4962873
.12511599, .91486804E-01, .10928752E-03, .72975471E-02, .33629186E-01, .36140062E-01, .61266483E-02, .14367560E-01, 5.5009761
.10340114, .75679965E-01, .10937831E-03, .67120744E-02, .27721170E-01, .31317487E-01, .80801798E-02, .14733162E-01, 5.5071201
.92689842E-01, .67927353E-01, .10948900E-03, .69482722E-02, .24762483E-01, .29628852E-01, .10768538E-01, .14527073E-01, 5.5144448
.85481577E-01, .62734731E-01, .10964599E-03, .73624821E-02, .22746852E-01, .27264019E-01, .13532847E-01, .14223285E-01, 5.5244689
.81329592E-01, .59780855E-01, .10986241E-03, .75996127E-02, .21548742E-01, .26250023E-01, .16223989E-01, .14150310E-01, 5.5367622
.79720072E-01, .58691964E-01, .11012611E-03, .80952160E-02, .21028107E-01, .25189228E-01, .18630043E-01, .14041863E-01, 5.5515065
.77051505E-01, .56814563E-01, .11043301E-03, .81375809E-02, .20236935E-01, .24954289E-01, .21479655E-01, .13909680E-01, 5.5685000
.68474308E-01, .50574053E-01, .11080436E-03, .71841921E-02, .17900249E-01, .20983486E-01, .24251489E-01, .14555425E-01, 5.5908537
.58104265E-01, .43006260E-01, .11134439E-03, .60722539E-02, .15098007E-01, .14657311E-01, .28394364E-01, .15734017E-01, 5.6219869
.53768937E-01, .39891552E-01, .11205324E-03, .58781421E-02, .13877384E-01, .10836825E-01, .33730600E-01, .16639497E-01, 5.6612458
.56139439E-01, .41749895E-01, .11288736E-03, .69172666E-02, .14389534E-01, .10240343E-01, .38581055E-01, .16619368E-01, 5.7054267
.57898924E-01, .43154366E-01, .11379739E-03, .77221124E-02, .14744561E-01, .93842288E-02, .41691635E-01, .16571475E-01, 5.7531219
.58992233E-01, .44066567E-01, .11476786E-03, .82598515E-02, .14925668E-01, .85837310E-02, .43560833E-01, .16628316E-01, 5.8031321
.58363147E-01, .43690894E-01, .11578142E-03, .83807744E-02, .14672247E-01, .72358046E-02, .45153398E-01, .16850343E-01, 5.8557076
.55104133E-01, .41346412E-01, .11686747E-03, .79086907E-02, .13757721E-01, .48398487E-02, .47170907E-01, .17447954E-01, 5.9122529
.53261627E-01, .40062379E-01, .11803708E-03, .78159925E-02, .13199240E-01, .29745288E-02, .49819421E-01, .18105803E-01, 5.9728427
.59844017E-01, .45116495E-01, .11925024E-03, .97028241E-02, .14727520E-01, .39163991E-02, .51596325E-01, .17588880E-01, 6.0339074
.65809257E-01, .49713593E-01, .12032446E-03, .88134566E-02, .16095657E-01, .25596559E-01, .50747693E-01, .15195275E-01, 6.0746989
.69266602E-01, .52409470E-01, .12087750E-03, .79291267E-02, .16857136E-01, .37303343E-01, .44805855E-01, .14144940E-01, 6.0994883
.55911601E-01, .42379446E-01, .12149862E-03, .64983745E-02, .13532154E-01, .19257870E-01, .43662127E-01, .15924396E-01, 6.1392841
.48008114E-01, .36477044E-01, .12249137E-03, .61815097E-02, .11531077E-01, .48732804E-02, .47682773E-01, .18095512E-01, 6.1958017
.51080100E-01, .38907953E-01, .12368316E-03, .75951898E-02, .12172149E-01, .30613553E-02, .51715150E-01, .18277241E-01, 6.2573905
.66360563E-01, .50647531E-01, .12458733E-03, .75240443E-02, .15713025E-01, .39067786E-01, .49105361E-01, .14433119E-01, 6.2839723
.82187593E-01, .62814437E-01, .12476362E-03, .69943145E-02, .19373158E-01, .62291417E-01, .37565552E-01, .14382174E-01, 6.2799826
.13933219, .10656851, .12466456E-03, .60576955E-02, .32763682E-01, .56831777E-01, .17548529E-01, .15190978E-01, 6.2757592
.14798102, .11317666, .12449788E-03, .62661269E-02, .34804367E-01, .57627682E-01, .60188184E-02, .15130498E-01, 6.2610440
.16096754, .12305790, .63424208E-02, .60601206E-02, .37909664E-01, .37421815E-01, .27442365E-02, .15276403E-01, 6.2603545
.13918716, .10639831, .12448321E-03, .50497903E-02, .32788835E-01, .29828049E-01, .30832749E-02, .16571090E-01, 6.2697048
.13399747, .10246001, .12464479E-03, .51784655E-02, .31537458E-01, .28614448E-01, .30660958E-02, .16392577E-01, 6.2788692
.13829355, .10576954, .12478972E-03, .59804497E-02, .32524001E-01, .36342595E-01, .37382941E-02, .15557729E-01, 6.2811623
.13133363, .10045123, .12478503E-03, .62513202E-02, .30882388E-01, .36037866E-01, .41783308E-02, .15102716E-01, 6.2822866
.10972419, .83969310E-01, .12485382E-03, .52308277E-02, .25754901E-01, .27214803E-01, .45422651E-02, .16274534E-01, 6.2884946
.10318605, .79036973E-01, .12496428E-03, .52839774E-02, .24149079E-01, .28069410E-01, .57714614E-02, .16428797E-01, 6.2934189
.90222545E-01, .69193490E-01, .12509756E-03, .48795701E-02, .21029059E-01, .26226426E-01, .79518734E-02, .17215161E-01, 6.2996502
.85545748E-01, .65698273E-01, .12520948E-03, .50521595E-02, .19847464E-01, .26142880E-01, .88650007E-02, .16845385E-01, 6.3055205
.68693370E-01, .52837446E-01, .12540538E-03, .39129257E-02, .15855921E-01, .11874610E-01, .10134200E-01, .18728400E-01, 6.3240762
.63136838E-01, .48665449E-01, .12582823E-03, .38098171E-02, .14471386E-01, .10788882E-01, .13658807E-01, .19205578E-01, 6.3459616
.57167161E-01, .44166669E-01, .12628164E-03, .38401717E-02, .13000487E-01, .13751606E-01, .19253794E-01, .19691547E-01, 6.3689780
.53875323E-01, .41718356E-01, .12678769E-03, .38599363E-02, .12156966E-01, .13252828E-01, .24458330E-01, .19357096E-01, 6.3968329
.50739307E-01, .39382812E-01, .12739070E-03, .37629695E-02, .11356489E-01, .12575028E-01, .29640155E-01, .19623654E-01, 6.4298434
.49466744E-01, .38486779E-01, .12808481E-03, .38871504E-02, .10979969E-01, .13292563E-01, .34684721E-01, .19441308E-01, 6.4666805
.48030186E-01, .37459336E-01, .12886855E-03, .40331865E-02, .10570854E-01, .14064685E-01, .39742753E-01, .19324690E-01, 6.5084581
.48184197E-01, .37667178E-01, .12973275E-03, .43507647E-02, .10517021E-01, .15014571E-01, .43752708E-01, .18665116E-01, 6.5530968
.47224443E-01, .37002012E-01, .13065703E-03, .45592352E-02, .10222428E-01, .14199271E-01, .47063001E-01, .18546326E-01, 6.6013575
.48808206E-01, .38328279E-01, .13163114E-03, .52360399E-02, .10479921E-01, .15129107E-01, .49061745E-01, .17657679E-01, 6.6502681
.47084548E-01, .37055045E-01, .13262626E-03, .53623770E-02, .10029498E-01, .11807548E-01, .49803223E-01, .17948825E-01, 6.7026625
.45332216E-01, .35753790E-01, .13368456E-03, .53131022E-02, .95784282E-02, .96686343E-02, .50776955E-01, .17861836E-01, 6.7577677
.38973261E-01, .30807985E-01, .13485110E-03, .42989766E-02, .81652747E-02, .15527242E-02, .52599568E-01, .19815998E-01, 6.8224082
.37075687E-01, .29387876E-01, .13617777E-03, .41429293E-02, .76878071E-02, .20291568E-02, .56859184E-01, .20729708E-01, 6.8905125
.46665095E-01, .37082031E-01, .13751280E-03, .63503026E-02, .95830578E-02, .98869549E-02, .59293777E-01, .18079827E-01, 6.9528785
.59655353E-01, .47488090E-01, .13853383E-03, .75348131E-02, .12167261E-01, .33534266E-01, .55201985E-01, .15160713E-01, 6.9889030
.57884797E-01, .46150103E-01, .13903934E-03, .53707180E-02, .11734689E-01, .36876172E-01, .43790217E-01, .16161062E-01, 7.0119081
.73358484E-01, .58581900E-01, .13932562E-03, .56080259E-02, .14776589E-01, .49280483E-01, .34237079E-01, .15858350E-01, 7.0157557
.87345786E-01, .69823235E-01, .13918332E-03, .61972397E-02, .17522544E-01, .57707414E-01, .21623107E-01, .15266956E-01, 7.0007215
.98094888E-01, .78473255E-01, .13887489E-03, .82703251E-02, .19621633E-01, .50189357E-01, .14527158E-01, .14301208E-01, 6.9861364
.81859991E-01, .65543249E-01, .13875331E-03, .54214043E-02, .16316749E-01, .32500453E-01, .11074235E-01, .16189871E-01, 6.9853330
.84859185E-01, .68017170E-01, .13873838E-03, .51648328E-02, .16842019E-01, .30073419E-01, .94368039E-02, .16575573E-01, 6.9860997
.95648311E-01, .76746278E-01, .13887534E-03, .37639900E-02, .18902037E-01, .17242949E-01, .73935031E-02, .19429117E-01, 7.0011139
.96767023E-01, .77729404E-01, .13922794E-03, .38243397E-02, .19037602E-01, .16800735E-01, .66445009E-02, .19278733E-01, 7.0158973
.10555066, .84859312E-01, .13943466E-03, .43064021E-02, .20691337E-01, .23657341E-01, .52094855E-02, .18072398E-01, 7.0235581
.13512537, .10867096, .59290428E-01, .48317951E-02, .26454393E-01, .33538423E-01, .36084149E-02, .17027801E-01, 6.9658284
.13380904, .10759743, .10490000, .46582823E-02, .26211625E-01, .21647066E-01, .25122147E-02, .17197900E-01, 6.8732104
.13275203, .10674542, .51455576E-01, .45626997E-02, .26006602E-01, .19467756E-01, .24123671E-02, .17294645E-01, 6.8360071
.12466644, .10025471, .43600537E-01, .40846234E-02, .24411745E-01, .11292357E-01, .22638172E-02, .18209478E-01, 6.8135700
.99656574E-01, .80192305E-01, .18990204E-01, .28260155E-02, .19464264E-01, .0000000, .28873435E-02, .21677827E-01, 6.8239698
.86188875E-01, .69452517E-01, .13658444E-03, .22804649E-02, .16736360E-01, .0000000, .56474390E-02, .22261690E-01, 6.8538008
.91734856E-01, .74035048E-01, .13699957E-03, .26794206E-02, .17699800E-01, .10503621E-01, .89826686E-02, .20944754E-01, 6.8770285
.10937881, .88348411E-01, .39172973E-01, .33264174E-02, .21030400E-01, .14265748E-01, .86077945E-02, .19988991E-01, 6.8597646
.11196818, .90506017E-01, .11829381, .33895161E-02, .21462159E-01, .18093651E-01, .84187984E-02, .19673554E-01, 6.7597322
.12045550, .97403027E-01, .24912788E-01, .37897620E-02, .23052488E-01, .28246824E-01, .60912929E-02, .18350249E-01, 6.7417908
.11928557, .96492775E-01, .13557045E-01, .37466877E-02, .22792783E-01, .21582538E-01, .49094209E-02, .18432220E-01, 6.7404737
.11772515, .95261849E-01, .36641754E-01, .36595026E-02, .22463305E-01, .16408758E-01, .44367770E-02, .18656395E-01, 6.7205300
.91289394E-01, .73924936E-01, .20225815E-01, .23893381E-02, .17364439E-01, .0000000, .53618057E-02, .21680176E-01, 6.7305064
.82796954E-01, .67145705E-01, .13473741E-03, .20758631E-02, .15651260E-01, .0000000, .86319186E-02, .21669639E-01, 6.7624459
.84186047E-01, .68372108E-01, .13522094E-03, .22567068E-02, .15813960E-01, .51154853E-02, .12867136E-01, .21077991E-01, 6.7934852
.87434664E-01, .71102574E-01, .13572157E-03, .25712322E-02, .16332094E-01, .91979951E-02, .16776497E-01, .20641403E-01, 6.8245544
.71614735E-01, .58313709E-01, .13631444E-03, .20469730E-02, .13301024E-01, .0000000, .20137122E-01, .21290919E-01, 6.8656745
.67559257E-01, .55107091E-01, .13707712E-03, .21159882E-02, .12452176E-01, .0000000, .25172224E-01, .21105250E-01, 6.9109111
.67478262E-01, .55134092E-01, .13793260E-03, .23616275E-02, .12344170E-01, .28316074E-02, .30585414E-01, .20732313E-01, 6.9583731
.64344980E-01, .52658204E-01, .13885292E-03, .25245242E-02, .11686782E-01, .43195318E-02, .35572950E-01, .20502783E-01, 7.0085130
.61643690E-01, .50535820E-01, .13976086E-03, .28534769E-02, .11107861E-01, .13325602E-01, .38934600E-01, .19456757E-01, 7.0521021
.57994843E-01, .47623266E-01, .14061996E-03, .29398846E-02, .10371572E-01, .11189897E-01, .40318649E-01, .19502962E-01, 7.0983872
.64673908E-01, .53195495E-01, .14142456E-03, .41790958E-02, .11478418E-01, .27164921E-01, .40943135E-01, .17382221E-01, 7.1291871
