3.1253932,2.971756,-0.15363753,3.1899397,13.354636,1.2278922,2.2385426,0.73321319,2.0508547
2.7358673,3.1142571,0.37838989,3.1906767,9.0478048,1.9404565,2.414088,0.70016903,3.370187
2.82776,3.1233001,0.29554015,3.1922009,6.8641515,2.1847682,2.4598036,0.66349673,4.323245
2.9388986,3.1477482,0.20884991,3.1932881,5.6184034,2.0486035,2.5588436,0.58890474,5.0743737
2.9954057,3.1397409,0.1443353,3.1935942,5.0831609,1.7851539,2.6292653,0.51047629,5.7154984
3.2561469,3.539042,0.28289494,3.1946342,4.4966788,2.0188694,2.9958982,0.54314339,6.2965946
3.7016633,3.0695212,-0.63214272,3.1935461,5.4161081,1.3450935,2.6571598,0.41236109,6.8710938
3.5133109,2.9351406,-0.57817018,3.1931579,5.5749559,1.5781972,2.4476364,0.48750401,7.5607696
2.2783315,2.423815,0.14548373,3.186914,6.1578445,0.55028355,2.154439,0.2693764,8.2276726
3.3213952,2.385242,-0.93615299,3.1777401,7.3745594,0.67240959,2.0426376,0.34260482,9.0512447
3.7356412,2.4761741,-1.2594668,3.1701689,8.1298008,0.98126805,2.0367222,0.4394519,9.9982328
4.0076842,2.6380703,-1.3696138,3.1632957,7.8698401,1.4449475,2.0925226,0.54554766,11.014612
3.7340121,2.5437443,-1.190268,3.1626422,8.0037766,1.5439771,1.9975959,0.54614806,11.957757
2.3133035,1.6642427,-0.6490609,3.1430156,8.9295359,2.09E-02,1.400896,0.2633467,12.969671
1.9142526,1.3946744,-0.51957828,3.1221485,9.37216,0,1.1157378,0.27893654,14.062585
2.2591152,1.3814349,-0.8776806,3.1014197,10.069757,0,1.0863926,0.29504243,15.218518
3.0872855,1.6936257,-1.3936603,3.0916924,10.476071,0.67506659,1.2580725,0.43555316,16.456753
3.3679855,2.4768445,-0.891141,3.0915117,9.1067057,1.6924783,1.8424813,0.63436347,17.675343
4.0526576,3.3637795,-0.68887794,3.0940554,6.9210601,2.4921739,2.6300325,0.73374695,18.646494
3.2223635,2.9554009,-0.26696277,3.0940645,6.593173,1.6350185,2.4315319,0.52386922,19.428215
3.6029217,2.8389277,-0.76399422,3.0936532,6.819118,1.5004178,2.3323081,0.50661975,20.260677
3.2953727,3.0160336,-0.27933902,3.0942698,6.3270407,1.826161,2.4603322,0.55570149,21.044977
3.4665248,3.0765388,-0.38998637,3.0950987,5.9441428,1.8939028,2.5160053,0.56053334,21.791307
3.4405096,3.1139655,-0.32654381,3.0956924,5.7335763,1.8199371,2.582237,0.53172863,22.481195
3.1975696,2.7130799,-0.4844895,3.0941365,6.2707863,1.1372877,2.3098607,0.40321964,23.202112
2.1799228,2.1326437,-4.73E-02,3.0763927,7.2856021,7.54E-02,1.9228662,0.2097773,24.002945
2.7953205,2.1012053,-0.69411528,3.0573115,8.7698183,2.24E-02,1.8519266,0.24927874,24.957436
3.1429093,2.201216,-0.94169348,3.0408521,10.063553,0.21679923,1.8692853,0.3319304,26.083372
2.9028895,2.0971279,-0.80576158,3.0245888,10.879748,0.25422916,1.7265249,0.37060282,27.334415
3.1597812,2.1581912,-1.0015906,3.0116491,11.444215,0.49861535,1.715977,0.44221401,28.674734
3.2154286,2.4940054,-0.72142285,3.0062342,10.307433,1.3332032,1.8992789,0.59472656,30.025761
3.058614,1.9661729,-1.0924408,2.9944563,11.255219,0.24217911,1.594156,0.37201691,31.312792
3.4824176,1.9779263,-1.5044913,2.9852931,11.747993,0.71630442,1.4781779,0.49974859,32.706402
2.964196,2.3962772,-0.56791902,2.9846489,10.674273,1.434278,1.7758235,0.62045372,34.08144
3.2947288,3.1960106,-9.87E-02,2.9871879,8.3318768,2.3717351,2.4381442,0.75786656,35.216194
3.8853934,3.2216816,-0.66371179,2.9894741,7.1338654,2.2931423,2.5234919,0.69818932,36.153526
3.7941065,3.080617,-0.71348965,2.9907551,6.8476758,1.976076,2.4806147,0.60000241,36.982327
2.3190587,2.3699918,5.09E-02,2.9818437,7.5816288,0.32490176,2.1052654,0.26472643,37.819191
2.788882,2.1310444,-0.65783727,2.9620464,9.0415478,0,1.8766828,0.25436151,38.810699
2.7074518,2.4059665,-0.30148527,2.9522502,9.3568735,0.59700173,2.0153544,0.39061189,39.927025
4.1373305,2.9037378,-1.2335932,2.9516678,8.9786091,1.3704602,2.3408222,0.56291538,41.055927
3.7160585,2.8195233,-0.89653516,2.9454656,8.3885136,1.3328625,2.2779863,0.54153669,42.165108
2.7299991,2.8528478,0.12284906,2.9452965,7.5483184,1.4917986,2.3285704,0.52427739,43.081287
2.260155,2.2837689,2.36E-02,2.9283028,8.4954672,3.87E-02,2.0416415,0.24212739,44.026348
3.506829,2.4854822,-1.0213467,2.9175239,9.5644779,0.63152236,2.0762374,0.40924492,45.111168
4.2434826,2.7936847,-1.4497982,2.9114983,8.9064713,1.3761852,2.2157099,0.57797456,46.27486
3.7465725,2.4126565,-1.3339156,2.9065056,9.7474213,0.94020438,1.9384791,0.47417769,47.372726
4.4747677,2.5384595,-1.9363086,2.9004376,9.3759241,1.421546,1.9400787,0.59838086,48.578445
5.0692835,2.8516679,-2.2176147,2.9025795,8.7734957,2.4103956,2.0879455,0.76372224,49.66143
4.8831477,2.4543738,-2.4287734,2.9032176,9.0644598,1.9352664,1.790271,0.66410285,50.741554
4.9449463,2.3665872,-2.5783591,2.9036615,9.4242449,1.9023651,1.6943218,0.67226529,51.878181
4.6736631,2.3474994,-2.3261638,2.904592,9.4147911,2.1033332,1.6402105,0.70728838,52.997822
4.6399088,2.3786705,-2.2612376,2.905551,9.3230515,2.1329942,1.6679211,0.71074975,54.125206
4.4347181,2.8219028,-1.6128154,2.9068813,8.8446341,2.2989502,2.0859096,0.73599279,55.206264
2.9416146,1.6568178,-1.284797,2.9009404,9.6313143,0.47400144,1.2912498,0.36556801,56.281532
2.7942593,1.4512507,-1.3430084,2.8900919,10.478755,0.21965782,1.1148164,0.3364343,57.486374
3.1396291,1.789376,-1.3502532,2.88678,11.790009,0.75455689,1.3006173,0.48875886,57.693672
3.2899678,2.8941836,-0.39578447,2.8885047,9.6389036,2.1864443,2.1441309,0.75005293,57.693672
3.2174377,3.1493289,-6.81E-02,2.8908529,8.6685543,2.2557533,2.4395692,0.70976013,57.693672
5.3739161,3.5206466,-1.8532698,2.8933744,8.1933899,2.3369942,2.7790163,0.7416299,57.693672
5.1660652,3.2218993,-1.9441664,2.8954782,8.3241539,2.2642856,2.5069637,0.71493596,57.693672
4.739665,3.2557282,-1.4839369,2.8984554,8.1987057,2.6149576,2.4920969,0.76363122,57.693672
4.9615536,2.5813026,-2.3802505,2.8994694,9.5790377,2.0260179,1.9008626,0.68044001,57.693672
5.3602195,2.5274208,-2.832799,2.9003193,10.820177,2.0442908,1.7882373,0.73918331,57.693672
5.563941,2.6404033,-2.9235389,2.9027381,11.702688,2.659466,1.7751151,0.86528826,57.693672
3.391854,1.9954475,-1.3964068,2.9010539,12.862469,1.1246483,1.4059267,0.58952105,57.693672
4.2214847,1.9276804,-2.2938044,2.8941474,14.83702,0.99808615,1.2929215,0.63475913,57.693672
4.3464565,1.8999934,-2.4464629,2.8870773,16.492403,1.1751919,1.1704404,0.72955298,57.693672
5.1185679,2.3165355,-2.8020325,2.8884258,16.847553,2.3258829,1.3284644,0.98807108,57.693672
4.8142438,2.1319125,-2.6823311,2.8893602,17.499762,2.1906466,1.1630611,0.96885145,57.693672
4.8936644,2.0178592,-2.8758049,2.8894532,18.611273,1.9000187,1.0785818,0.93927759,57.693672
4.9257421,2.0640495,-2.8616931,2.8893793,19.644878,1.9195418,1.0804423,0.98360717,57.693672
4.3360443,2.4516659,-1.8843784,2.8902922,19.242191,2.5057259,1.3470597,1.1046057,57.693672
3.6943102,1.6824288,-2.0118814,2.8873849,20.170444,1.1729857,0.86920643,0.81322259,57.693672
4.2694445,2.2742193,-1.995225,2.8885419,19.332296,2.2309763,1.2360804,1.038139,57.693672
4.2691674,2.4301856,-1.8389823,2.8900518,18.07365,2.3157721,1.409068,1.0211176,57.693672
5.3109226,2.5092123,-2.8017111,2.8920135,17.55286,2.5101485,1.4520217,1.0571904,57.693672
5.1669288,2.4890544,-2.6778743,2.8944318,17.055815,2.7258036,1.4130809,1.0759736,57.693672
5.0967259,2.6414726,-2.4552538,2.897572,16.553312,3.0468318,1.5206188,1.1208537,57.693672
4.5280228,2.4800627,-2.0479598,2.8991654,16.436604,2.5731268,1.4539008,1.0261613,57.693672
4.0992727,2.1653802,-1.9338925,2.8982816,16.898661,1.9042096,1.2769915,0.88838857,57.693672
4.6108861,1.9421102,-2.668776,2.8961291,18.210939,1.6450713,1.0930246,0.84908557,57.693672
4.8219905,2.8045583,-2.0174317,2.8992627,15.729875,2.9711668,1.7066783,1.09788,57.693672
4.7081137,2.983973,-1.7241414,2.9017878,12.886058,2.6155918,2.0474358,0.93653703,57.693672
5.4723697,2.7727816,-2.6995878,2.904453,12.55652,2.6985033,1.8379744,0.93480742,57.693672
5.0185547,2.789592,-2.2289624,2.9077842,12.098228,3.0022368,1.8162726,0.97331923,57.693672
4.9356432,2.1895137,-2.7461293,2.9085677,13.299631,2.1011732,1.3792876,0.81022602,57.693672
5.0558596,2.0163403,-3.0395195,2.9085553,14.933501,1.8391281,1.2090206,0.80731994,57.693672
4.6926789,2.3243208,-2.3683581,2.9095671,15.46643,2.2938435,1.38956,0.93476087,57.693672
4.7132483,1.7831088,-2.93014,2.9078858,17.303862,1.3892798,0.99930394,0.78380442,57.693672
4.9847412,1.8186905,-3.1660514,2.9054506,19.320251,1.365698,0.97462201,0.84406835,57.693672
4.9790387,2.0108056,-2.9682333,2.9031034,20.726942,1.7200916,1.0657878,0.94501799,57.693672
4.1894426,1.8605499,-2.3288922,2.8995631,21.710676,1.4204706,0.94560885,0.91494119,57.693672
4.5997858,1.8687602,-2.7310252,2.8952596,23.122961,1.3269119,0.90648723,0.96227306,57.693672
4.1535087,2.0714357,-2.0820723,2.8908598,23.709343,1.5538294,1.0322194,1.039216,57.693672
4.0268602,2.1737897,-1.8530707,2.8859591,24.103188,1.5926969,1.1119957,1.0617942,57.693672
3.8918569,2.1822014,-1.7096556,2.8801429,24.476797,1.5142471,1.1271529,1.0550483,57.693672
5.4477744,2.5939424,-2.853832,2.8800187,23.326183,2.5517209,1.346143,1.2477995,57.693672
5.6907415,2.824713,-2.8660295,2.8829589,21.143269,2.9341042,1.5557644,1.2689478,57.693672
5.7963066,2.7166317,-3.0796747,2.886281,20.586643,3.1662905,1.4426363,1.2739952,57.693672
4.5661259,1.8755647,-2.6905608,2.9171839,21.361763,2.8393922,1.0504681,0.82509655,57.693672
5.242054,2.0732577,-3.1687958,2.9481649,22.188789,3.1151588,1.1640134,0.90924436,57.693672
4.1500225,2.0225806,-2.1274416,2.9761107,22.987307,3.1907599,1.0746452,0.94793522,57.693672
3.9863656,1.8683211,-2.1180439,3.001055,24.205748,2.9732835,0.93150318,0.93681812,57.693672
3.6330981,1.8872665,-1.7458317,3.0246828,25.166862,2.8588192,0.93763661,0.94962972,57.693672
3.2604249,2.0879967,-1.1724278,3.0470347,25.73517,2.8709073,1.1139539,0.97404289,57.693672
3.4584625,2.053025,-1.4054377,3.0682199,26.608311,2.7680621,1.0772516,0.97577327,57.693672
3.3411753,2.0393939,-1.3017815,3.0887907,27.380987,2.7110205,1.0488802,0.9905141,57.693672
3.0479088,2.2177167,-0.83019197,3.1088953,27.830227,2.7274652,1.205134,1.012583,57.693672
5.4255328,2.3820784,-3.0434544,3.1362743,26.888023,3.1244733,1.3010801,1.0809983,57.693672
5.6246023,2.6404545,-2.9841475,3.1676166,22.747475,3.0642464,1.6601288,0.98032612,57.693672
5.9473572,2.54144,-3.4059174,3.1989396,20.570015,3.0809219,1.6512157,0.89022428,57.693672
5.4673834,2.3788176,-3.0885658,3.2304018,19.58341,3.1780663,1.5332019,0.84561568,57.693672
5.5852776,2.171988,-3.4132895,3.2613897,19.866186,3.0476849,1.3541126,0.8178755,57.693672
5.569047,2.1221731,-3.4468737,3.2920856,20.649252,3.078347,1.2700547,0.85211837,57.693672
5.3443408,2.0744886,-3.2698512,3.3220313,21.640715,3.1291757,1.1817292,0.89275944,57.805691
5.6611891,2.37624,-3.2849483,3.3528605,21.420355,3.3462625,1.4264365,0.94980323,57.805691
5.5007224,3.121825,-2.3788967,3.3859804,18.92503,3.9277565,2.1064734,1.0153512,57.805691
6.0144958,3.0830638,-2.9314318,3.4189205,17.322428,3.8596375,2.1511769,0.93188667,57.805691
6.519434,2.9348755,-3.584558,3.4510198,16.234049,3.5378711,2.1010823,0.8337934,57.805691
6.195859,2.6550047,-3.5408547,3.4827356,16.228268,3.4331834,1.8582251,0.79677975,57.805691
5.9546256,2.4545972,-3.5000277,3.5141733,17.159016,3.4531908,1.639275,0.8153218,57.805691
5.0456572,2.407537,-2.6381202,3.5451005,17.944563,3.6227794,1.5296711,0.87786597,57.805691
4.1482983,2.6263468,-1.5219517,3.5753369,17.464855,3.7825925,1.6986349,0.92771178,57.805691
6.5400906,4.8029246,-1.7371669,3.6079764,9.6308107,3.5908282,4.0722828,0.73064101,57.805691
6.600203,4.7055931,-1.8946092,3.640367,7.4250097,3.4991672,4.1376433,0.56795013,57.805691
6.6711588,4.688324,-1.9828352,3.6727333,6.8289623,3.5083122,4.1538959,0.53442758,57.805691
6.495986,4.673245,-1.8227416,3.7050648,6.6561241,3.5180111,4.1468577,0.52638674,57.805691
6.5684037,4.7446685,-1.8237349,3.7374656,6.6012383,3.5583963,4.2180891,0.5265792,57.805691
6.9444818,4.4547415,-2.4897406,3.7694454,7.0815482,3.4568081,3.9350576,0.51968366,57.805691
6.7508626,4.4095311,-2.341332,3.7728324,7.533494,3.288913,3.523833,0.88569903,57.805691
6.2954888,3.9425521,-2.3529358,3.7758877,8.2439842,3.3380485,3.0289297,0.91362244,57.805691
6.5754752,3.5156126,-3.0598626,3.7782502,9.5926123,3.2049739,2.5958412,0.91977143,57.805691
6.0048828,3.6318448,-2.3730376,3.7809503,10.106523,3.3718238,2.6534712,0.97837406,57.805691
5.870492,3.2302725,-2.6402202,3.7823269,11.053484,2.934428,2.3157203,0.91455215,57.866367
5.2575297,3.0420098,-2.2155199,3.7830536,11.737885,2.7213094,2.1508694,0.89114034,57.866367
5.2169948,2.9346118,-2.2823834,3.7835612,12.436913,2.6636233,2.0375638,0.89704806,57.866367
6.3491769,3.5596614,-2.7895155,3.7870917,12.226704,3.7249634,2.4322534,1.1274083,57.866367
5.7462249,3.468857,-2.2773676,3.7900627,12.038495,3.5384881,2.3891265,1.0797305,57.866367
5.0492463,3.1451182,-1.9041287,3.7908099,12.397617,2.7710505,2.2154629,0.92965567,57.866367
4.8132706,2.6653628,-2.1479075,3.788851,13.595924,2.0351169,1.8591874,0.80617559,57.866367
4.6455941,2.3338447,-2.3117487,3.7845757,15.105652,1.6660094,1.556308,0.77753657,57.866367
4.1912704,2.308646,-1.8826244,3.7780037,16.377754,1.4655395,1.518146,0.79049999,57.866367
4.236022,2.2212644,-2.0147579,3.7696548,17.827505,1.3249992,1.4165463,0.80471814,57.866367
3.7893879,2.3408759,-1.4485121,3.760051,18.83091,1.2801191,1.506197,0.83467877,57.866367
3.617177,2.3701921,-1.246985,3.7491107,19.748772,1.1884356,1.5246857,0.84550631,57.866367
3.6559312,2.2101676,-1.4457632,3.7378993,20.675804,1.1773255,1.3565716,0.85359603,57.866367
6.1487193,2.8425057,-3.3062134,3.7386878,20.681671,3.1318405,1.5771924,1.2653136,57.866367
6.4981966,3.1705551,-3.3276415,3.7415674,18.969521,3.5288198,1.8525627,1.3179922,57.866367
6.3753791,4.8179293,-1.5574501,3.7456932,10.052979,3.3849518,3.7090163,1.1089137,57.866367
6.7902031,5.3911662,-1.3990359,3.7503309,7.2850075,3.5652921,4.4065089,0.98465794,57.866367
6.386941,5.014761,-1.3721796,3.7554917,7.0365577,3.8975613,4.0130286,1.0017326,57.866367
5.6766081,4.5512004,-1.1254079,3.7589548,7.2027931,3.4620273,3.6399415,0.91125858,57.866367
6.7436066,4.3124318,-2.431175,3.7618532,7.0996399,3.070329,3.4638369,0.84859461,57.866367
6.8448615,5.19314,-1.6517216,3.7671299,6.4361315,3.7215576,4.2333908,0.95974982,57.866367
6.6740746,5.8801074,-0.79396743,3.7731323,6.0660357,4.014617,4.8752656,1.0048417,57.899307
6.8638492,5.3170252,-1.5468245,3.7781262,6.6769047,3.8341999,4.3424344,0.97459024,57.899307
6.301446,4.8714404,-1.4300053,3.7819996,7.2716365,3.5950816,3.9349182,0.93652284,57.899307
6.0042405,4.4916754,-1.5125656,3.7850842,7.8444967,3.3993587,3.5781782,0.91349685,57.899307
6.3535366,3.9635928,-2.3899441,3.7879655,8.7068377,3.3804247,3.0316296,0.93196344,57.947014
6.7156539,5.6115942,-1.1040595,3.7942553,6.6966419,4.1256604,4.5485644,1.0630295,57.947014
7.0016141,5.6291208,-1.3724918,3.8000216,6.3307981,3.9097953,4.6428914,0.98623025,57.947014
7.0172253,5.6153851,-1.4018397,3.8057692,6.2686234,3.9368804,4.6305618,0.98482311,57.947014
7.1550183,5.613359,-1.5416589,3.8111999,6.2649865,3.8054035,4.6521592,0.96120012,57.947014
5.9135413,5.5049334,-0.40860757,3.8164384,5.7380953,3.7399542,4.5765696,0.92836398,57.9813
6.9935312,5.8220129,-1.1715192,3.8223066,6.150847,4.0249748,4.8228602,0.99915177,57.9813
6.002564,5.5387492,-0.46381652,3.8264823,6.3977232,3.6415737,4.6110816,0.9276669,57.9813
5.5111933,4.9524846,-0.55870724,3.8287704,6.9226713,3.1245379,4.1157565,0.83672887,57.9813
5.6978116,6.2402406,0.5424298,3.8351355,5.5874009,4.282001,5.1722298,1.0680108,58.010864
6.6304622,6.2793498,-0.35111225,3.8406515,5.7039795,3.845113,5.3305955,0.94875449,58.010864
6.898932,5.7915125,-1.1074197,3.8462343,5.9135599,3.8798442,4.8316746,0.95983791,58.010864
6.7895689,5.5550227,-1.2345471,3.8516562,6.0185485,3.8279788,4.6009197,0.95410269,58.010864
7.2372828,5.300312,-1.9369723,3.8566239,6.2992687,3.6794865,4.3670974,0.93321395,58.047062
6.8384252,5.7869005,-1.0515254,3.8629467,5.8793344,4.1189861,4.7735367,1.0133634,58.047062
6.0638542,5.8196063,-0.24424702,3.8682747,5.6040373,3.8003075,4.8849163,0.93468994,58.047062
6.5328932,5.9118876,-0.62100506,3.873879,5.6189227,3.8942356,4.9555798,0.95630842,58.047062
6.9025798,5.4100361,-1.4925443,3.8788586,5.9858646,3.6940656,4.4858589,0.92417753,58.084641
5.280961,6.5408854,1.2599255,3.8843222,5.0948915,3.904918,5.5873985,0.95348668,58.084641
4.6829381,6.3596044,1.6766655,3.8866286,5.0538201,2.991009,5.5986156,0.76098764,58.084641
4.0879884,5.3788433,1.2908547,3.8866818,5.3980737,2.3400216,4.7434072,0.63543665,58.084641
3.8996203,4.3625407,0.46292001,3.8853569,6.1692872,1.9201224,3.7952108,0.56732947,58.084641
3.889734,3.6236923,-0.26604202,3.8832157,7.2716198,1.667006,3.0764401,0.54725254,58.084641
3.677093,3.1590996,-0.51799315,3.8805232,8.3186693,1.5317657,2.6060565,0.55304307,58.084641
3.7042761,2.8022907,-0.90198511,3.8766389,9.5843668,1.3690628,2.2457688,0.55652171,58.084641
3.7917328,2.5010061,-1.2907265,3.8703578,11.171739,1.1664573,1.9399856,0.56102055,58.084641
5.277009,4.3591413,-0.91786826,3.87274,8.8917522,3.6398044,3.2812004,1.0779407,58.084641
5.1974344,6.9952331,1.7977993,3.8814092,5.5867209,4.962471,5.7915606,1.2036724,58.084641
5.5564051,6.2962003,0.73979485,3.8869061,5.0085392,3.9022529,5.3498793,0.94632125,58.084641
5.2872157,6.546864,1.2596489,3.8909125,4.8856163,3.4445119,5.6960793,0.85078543,58.084641
4.5603185,6.8415756,2.2812567,3.894299,4.3893981,3.221149,6.0475874,0.79398757,58.084641
3.866838,7.1745481,3.3077104,3.8958056,4.1266298,2.6225402,6.5159841,0.65856349,58.084641
4.8203459,6.0936165,1.2732704,3.8965456,5.0085788,2.4832888,5.446846,0.64677101,58.084641
4.6233935,5.0142136,0.39082038,3.8966753,5.8101034,2.385932,4.3631225,0.6510914,58.084641
4.1543684,4.1953583,4.10E-02,3.8958046,6.5320754,2.0949986,3.5865157,0.60884303,58.113689
4.0394683,3.67348,-0.36598817,3.8946893,7.2166438,2.0412366,3.0518007,0.62167925,58.113689
5.1652861,5.3315754,0.16628954,3.9001746,5.6794472,4.0402451,4.3061242,1.0254517,58.113689
6.1205816,5.9753485,-0.14523253,3.906229,5.3102512,4.0589809,4.9901452,0.98520374,58.113689
6.2102838,5.9545889,-0.2556957,3.9119427,5.2481761,3.9524448,4.9944344,0.96015459,58.113689
5.3736014,6.1660724,0.79247093,3.9163051,4.9860582,3.5713885,5.2883744,0.87769902,58.144085
4.5866766,5.7813025,1.1946266,3.9180431,5.1005445,2.8284941,5.0577545,0.72354847,58.144085
4.1305537,4.8816547,0.75110054,3.9178538,5.576108,2.2820451,4.2591701,0.62248427,58.144085
4.0397148,4.0258856,-1.38E-02,3.9165518,6.4327955,1.9533404,3.449734,0.57615191,58.144085
3.4807022,3.4440331,-3.67E-02,3.9142849,7.1683288,1.6417326,2.9060419,0.53799117,58.144085
3.3893018,3.0073664,-0.3819356,3.91132,8.0607691,1.4531107,2.4812543,0.5261119,58.144085
3.307483,2.7522686,-0.55521405,3.9072292,9.0613899,1.2986356,2.2282934,0.52397549,58.144085
3.0800209,2.5342429,-0.54577839,3.9008017,10.103867,1.0872895,2.0211411,0.5131014,58.144085
2.875998,2.3333046,-0.54269361,3.891614,11.163383,0.90459323,1.8234594,0.50984544,58.144085
2.8019016,2.3156245,-0.48627666,3.8805921,12.203238,0.83020961,1.7881366,0.52748793,58.144085
2.7039406,2.2618923,-0.44204858,3.8674498,13.244274,0.72556973,1.7231734,0.5387187,58.144085
2.6480117,2.2112153,-0.43679652,3.8521943,14.331366,0.61661685,1.6612623,0.54995298,58.144085
2.5598557,2.2128,-0.34705609,3.8351254,15.402801,0.52454513,1.6476154,0.56518453,58.144085
2.8956513,2.273349,-0.62230253,3.8208632,16.205807,0.87934655,1.6010464,0.67230225,58.144085
4.6072001,3.4344625,-1.1727383,3.823169,14.846555,3.4661314,2.2657042,1.168758,58.144085
3.2671962,2.9347219,-0.33247471,3.8197293,14.320806,2.0722311,2.0774498,0.85727209,58.144085
2.8932624,2.4584372,-0.43482497,3.8098693,14.82289,1.1375122,1.7798398,0.67859775,58.144085
4.2873263,3.2650263,-1.0223,3.8104801,14.080778,2.8888414,2.2421362,1.0228899,58.144085
3.7142067,3.065449,-0.64875728,3.8096952,13.47249,2.4475129,2.1505575,0.91489184,58.144085
4.0305734,3.8545096,-0.17606413,3.8133514,11.102058,3.8458848,2.6986165,1.1558924,58.144085
3.8524225,4.0108447,0.15842173,3.8159897,9.3832932,3.4069428,3.0205426,0.99030167,58.144085
3.9772007,4.7826724,0.80547237,3.82061,6.8148513,3.9202423,3.7345784,1.0480952,58.144085
5.306181,6.2972059,0.99102527,3.8278418,5.1278596,4.4669738,5.2181869,1.0790187,58.144085
5.991293,6.0701528,7.89E-02,3.8332994,5.1258249,3.8220272,5.1414766,0.92867565,58.144085
6.0278139,5.6101327,-0.4176811,3.8381114,5.3891129,3.6724048,4.7086492,0.90148407,58.144085
6.0657358,5.1269507,-0.93878615,3.8421619,5.8664794,3.5458653,4.2371192,0.88983011,58.144085
6.0475121,4.7105985,-1.336913,3.8453782,6.5652499,3.37289,3.8386416,0.87195718,58.144085
5.2166839,4.2138104,-1.002874,3.8472028,7.0005918,2.9865227,3.4060125,0.8077969,58.144085
4.8262124,3.6624994,-1.1637139,3.8474586,7.7613778,2.4979861,2.935245,0.72725439,58.144085
4.0202031,3.2335021,-0.78670061,3.846427,8.3341961,2.069443,2.5707362,0.66276628,58.144085
3.8487482,3.0316644,-0.81708342,3.8446739,9.0504646,1.8422462,2.3947825,0.63688213,58.144085
4.1037087,2.7573862,-1.3463223,3.8421474,10.208724,1.6889499,2.122062,0.635324,58.144085
3.9269702,2.5702717,-1.3566989,3.8383238,11.365676,1.5349218,1.9304497,0.63982177,58.144085
3.5435326,2.4331548,-1.110378,3.8323448,12.395687,1.3275517,1.8012069,0.63194746,58.144085
3.1508665,2.3309951,-0.81987125,3.8240402,13.261698,1.1390861,1.7055237,0.62547141,58.144085
4.4426241,3.3361449,-1.1064794,3.8244863,11.999545,3.3188124,2.2662487,1.0698963,58.144085
4.4770975,3.8714151,-0.60568249,3.8281622,10.258605,3.8044443,2.7739823,1.0974334,58.144085
4.7908492,3.2043455,-1.5865039,3.8291574,10.337589,2.8383763,2.3276691,0.87667644,58.144085
6.0289407,3.8945496,-2.1343906,3.8339355,9.3369684,4.1081901,2.7681456,1.1264039,58.144085
6.1450477,4.653101,-1.4919472,3.8408942,7.8930387,4.7444549,3.4413495,1.2117509,58.144085
5.6634059,4.7171602,-0.9462446,3.8462605,6.9688644,4.1562395,3.653909,1.0632515,58.144085
6.256031,5.9208622,-0.33516794,3.8545401,5.5755773,4.747613,4.7780037,1.1428593,58.144085
5.680181,6.0622783,0.38209817,3.8603442,5.0289884,3.9554253,5.1015897,0.96068895,58.176826
6.4143987,5.5613046,-0.85309434,3.8657188,5.4028754,3.8206353,4.6264033,0.93490118,58.176826
6.2877712,5.4472241,-0.84054673,3.8714416,5.3861933,3.9601908,4.4848008,0.96242362,58.176826
6.0696406,4.9181833,-1.1514564,3.8757925,5.5512309,3.6600575,4.0147953,0.90338826,58.176826
6.1124105,5.4177485,-0.69466186,3.881243,5.4463515,3.9434245,4.4513741,0.96637446,58.206783
5.9094191,5.1416836,-0.76773483,3.8851502,5.8224192,3.5112886,4.2608423,0.88084155,58.206783
6.0625272,4.4891524,-1.573375,3.8881085,6.5950155,3.3331678,3.6244988,0.86465317,58.206783
5.3413334,4.1934562,-1.1478771,3.890552,6.8072839,3.2168827,3.3419566,0.85149974,58.206783
5.8404417,4.3964915,-1.4439498,3.8941278,6.9557648,3.5810754,3.4633241,0.93316782,58.206783
5.5723815,4.3913403,-1.1810415,3.89747,6.9492888,3.5074954,3.4740009,0.91733944,58.206783
5.4645338,3.7440774,-1.7204565,3.8988924,7.6697249,2.9180832,2.9335642,0.81051391,58.249435
4.9954476,3.2853391,-1.7101089,3.8992863,8.398737,2.6100526,2.5162184,0.76912034,58.249435
4.6991196,2.92135,-1.7777702,3.8988647,9.1907816,2.3469849,2.1778629,0.74348694,58.249435
5.0204015,3.4501863,-1.5702144,3.9010332,8.8837976,3.2702799,2.5086715,0.94151515,58.249435
5.5095019,4.0657501,-1.4437523,3.9052608,8.1154118,3.9216058,3.0174718,1.0482783,58.249435
5.2716517,3.4870253,-1.7846264,3.9068131,8.4903336,3.0182357,2.6273015,0.85972428,58.249435
5.314949,3.0394025,-2.275547,3.9073515,9.3543577,2.7015986,2.22296,0.81644225,58.249435
5.0986395,4.1887884,-0.90985119,3.9125531,7.6772933,4.2544699,3.0818491,1.106939,58.249435
5.4115701,4.1255121,-1.2860574,3.915633,7.5128417,3.4878211,3.1932957,0.93221647,58.249435
5.2747188,3.5056043,-1.769115,3.9168622,8.0953112,2.8965147,2.6833816,0.82222271,58.249435
5.060554,3.0164158,-2.0441377,3.917104,8.8908358,2.6028993,2.2465606,0.76985538,58.249435
4.966929,2.8772697,-2.0896599,3.9172196,9.5802259,2.5845349,2.0837376,0.79353166,58.249435
5.0694938,2.9186883,-2.150806,3.9176607,10.129863,2.7171202,2.0692899,0.84939849,58.249435
4.6704164,2.7447088,-1.9257075,3.9172955,10.713205,2.4143467,1.9395634,0.8051458,58.249435
4.319272,2.541249,-1.7780232,3.9159713,11.337132,2.1351016,1.7736241,0.76762474,58.249435
4.5167632,2.3814569,-2.1353068,3.9139194,12.311017,2.0066221,1.6184219,0.76303482,58.249435
4.301229,2.3415761,-1.9596525,3.9113538,13.086471,1.9629647,1.5605091,0.78106713,58.249435
4.7464962,3.007719,-1.7387774,3.9133933,12.090416,3.4256845,1.9399023,1.0678161,58.249435
5.5255103,3.478725,-2.0467858,3.9176285,10.858665,4.0958223,2.3060389,1.1726859,58.312248
6.0686793,5.1431394,-0.92554003,3.9261975,6.6696281,5.125968,3.8592906,1.2838485,58.312248
6.1451888,5.2731647,-0.872024,3.9333379,5.5508671,4.5103884,4.185709,1.0874556,58.312248
5.1422467,5.3365879,0.19434151,3.9382033,4.8752375,3.7168241,4.4381146,0.89847386,58.312248
4.5163398,4.6948843,0.17854533,3.940074,4.762177,2.942966,3.9631953,0.73168957,58.312248
5.801549,4.6126242,-1.1889254,3.9427168,5.3166032,3.3325698,3.7814448,0.83117932,58.312248
5.6878667,4.1757727,-1.5120938,3.9443991,5.8174887,3.2797503,3.34077,0.83500314,58.312248
5.5308695,3.9052458,-1.6256236,3.9457843,6.4037914,3.1047583,3.0872045,0.81804121,58.312248
5.0004678,3.2056553,-1.7948129,3.9454505,7.0052109,2.7368691,2.4567094,0.74894571,58.312248
5.9872994,3.024328,-2.9629714,3.9449143,8.2896137,2.8977613,2.2012804,0.82304794,58.312248
5.6342239,2.9051108,-2.7291133,3.9447665,9.1314545,2.927372,2.0488083,0.8563025,58.312248
5.2880597,3.1121337,-2.1759255,3.9463255,8.8896284,3.406363,2.1569569,0.95517743,58.312248
4.3658628,3.7917087,-0.57415414,3.949753,6.719985,4.0935078,2.7535076,1.0382007,58.355556
5.7185864,3.8020518,-1.9165349,3.9518728,6.9470372,3.4468601,2.8966889,0.90536314,58.355556
5.5164614,3.2192812,-2.2971811,3.951776,7.6365829,2.9945138,2.392489,0.82679224,58.355556
5.6433697,2.7797844,-2.8635852,3.9501035,8.8165913,2.7236879,1.9784499,0.80133426,58.355556
5.5168633,2.5876327,-2.9292312,3.9483469,9.9904079,2.6067784,1.7749686,0.81266415,58.355556
5.1069055,2.4505131,-2.6563919,3.9466054,10.944939,2.4457324,1.6384532,0.81206,58.355556
4.9486446,2.3871825,-2.5614617,3.9447665,11.791681,2.3798704,1.5604497,0.82673252,58.355556
4.7288151,2.3668854,-2.3619306,3.9428949,12.484506,2.3096561,1.5311645,0.83572072,58.355556
5.0328422,2.3236487,-2.7091935,3.9411657,13.48221,2.2871182,1.4813917,0.84225708,58.355556
4.5700216,2.1586106,-2.4114108,3.937758,14.244961,2.0906363,1.3179103,0.84070039,58.355556
4.695365,1.932871,-2.7624946,3.9314363,15.51158,1.7868099,1.1198612,0.81300968,58.355556
4.4798698,1.855821,-2.6240489,3.9230173,16.731255,1.6146384,1.0378858,0.81793493,58.355556
4.222528,1.9294335,-2.2930956,3.9144821,17.687046,1.5777003,1.0853145,0.84411901,58.355556
3.7372389,1.97542,-1.7618194,3.9058456,18.203148,1.5240868,1.1209402,0.85447973,58.355556
3.5354764,1.9931896,-1.5422863,3.8969467,18.5723,1.4800824,1.1437389,0.84945089,58.355556
3.5170999,1.980902,-1.5361975,3.8874371,19.000294,1.4136915,1.1331215,0.84778017,58.355556
3.4714148,1.9122517,-1.5591631,3.876549,19.502542,1.3078548,1.0714409,0.84081095,58.355556
3.5089324,1.8868155,-1.6221168,3.8641901,20.132847,1.2102599,1.0372584,0.84955716,58.355556
3.1871395,2.0291734,-1.1579661,3.8528144,20.373768,1.2613734,1.1671668,0.86200631,58.355556
3.8439329,2.3515708,-1.4923623,3.8485401,19.574123,2.3956332,1.285183,1.0663881,58.355556
4.741713,2.522604,-2.2191091,3.8477874,18.781698,3.0233195,1.3541256,1.1684784,58.355556
4.6511183,2.0861323,-2.5649862,3.8414266,19.316874,2.0659311,1.0943071,0.99182516,58.355556
4.0380435,1.8060838,-2.2319596,3.8293419,20.263752,1.3474693,0.94109547,0.86498827,58.355556
3.5718429,1.8677444,-1.7040989,3.8165381,20.908131,1.2153336,1.0029284,0.86481595,58.355556
4.2856307,2.5206904,-1.76494,3.815485,19.406668,3.1429963,1.3046366,1.2160541,58.355556
4.7025256,3.0289907,-1.6735348,3.8184171,16.15472,4.5160146,1.6172758,1.411715,58.355556
3.939045,3.9514713,1.24E-02,3.8208959,9.0082178,4.2905927,2.7430921,1.2083793,58.355556
4.6568527,4.0068913,-0.64996088,3.8238492,6.6132069,4.339757,2.9132187,1.0936726,58.355556
3.5021069,3.9562855,0.45417845,3.8233724,5.1426401,3.1538956,3.1679921,0.7882933,58.355556
5.3496609,3.4704287,-1.8792317,3.8193016,6.0727177,2.7729056,2.739145,0.7312839,58.355556
3.8990195,3.34289,-0.55612963,3.8151608,5.6934128,2.6854455,2.6374574,0.70543236,58.355556
5.6143003,3.5323248,-2.0819762,3.813566,6.3866301,3.0914359,2.7223952,0.80992895,58.355556
5.2213545,3.3900559,-1.8312994,3.8124568,6.756279,3.0397353,2.5854487,0.80460685,58.355556
4.4368505,2.8778837,-1.5589669,3.8078196,7.0268526,2.5805464,2.1608028,0.71708024,58.355556
5.3465862,2.7906661,-2.5559196,3.8029542,8.0810518,2.636559,2.0332243,0.75744182,58.355556
5.2610321,2.5532405,-2.7077918,3.7963762,9.0981207,2.5695615,1.7792126,0.77402794,58.355556
4.3898487,2.4651184,-1.9247308,3.7902775,9.2728205,2.5393882,1.6885068,0.77661198,58.355556
4.2861919,2.0080297,-2.2781622,3.7787824,10.413488,1.8056927,1.357233,0.65079683,58.355556
4.7229581,1.9334378,-2.78952,3.7661517,12.017831,1.7305374,1.2491375,0.68430018,58.355556
4.7870235,1.8396866,-2.9473372,3.752073,13.840511,1.5510329,1.1327292,0.70695728,58.355556
4.6684093,1.8383183,-2.8300903,3.7388179,15.273892,1.666901,1.0690793,0.76923931,58.355556
4.5634542,1.8003983,-2.7630548,3.7247777,16.648542,1.5703902,1.0083908,0.79200786,58.355556
4.5470672,1.8215332,-2.7255335,3.7110898,17.86375,1.6051272,0.98462307,0.83691025,58.355556
4.5272031,1.8269793,-2.700223,3.6975017,18.998013,1.5878664,0.95752841,0.86945099,58.355556
4.5658622,1.8963588,-2.6695027,3.6855083,19.825546,1.7742988,0.96205938,0.93429977,58.355556
4.481523,1.9031938,-2.5783288,3.673563,20.572239,1.729977,0.94431555,0.9588784,58.355556
4.2096109,1.9722826,-2.2373273,3.6635532,20.796928,1.8905113,0.97741032,0.99487227,58.355556
4.0194521,1.9049838,-2.1144679,3.6524634,21.130543,1.6845737,0.94423664,0.96074712,58.355556
3.9807427,1.8652009,-2.1155417,3.6412997,21.518185,1.6120789,0.91039664,0.95480442,58.355556
3.7923274,1.6652789,-2.1270485,3.6255243,22.313103,1.1748717,0.78385156,0.88142717,58.355556
3.6597717,1.6199992,-2.039773,3.6075916,23.17651,0.98928839,0.74701172,0.87298751,58.355556
3.7277994,1.9392394,-1.7885598,3.5956328,23.323723,1.5224289,0.94177032,0.99746907,58.355556
3.6936285,2.4255834,-1.2680458,3.5922658,21.537668,2.8520029,1.2053368,1.2202461,58.355556
3.6121347,2.3858879,-1.2262464,3.5879312,19.392796,3.1098516,1.170769,1.2151194,58.355556
4.1633744,2.7708752,-1.3924989,3.5863202,16.196095,3.8284826,1.4853351,1.28554,58.355556
4.3949499,3.0619278,-1.3330219,3.5872698,13.164607,4.2951298,1.7697488,1.2921791,58.355556
4.3784633,3.1078641,-1.2705992,3.5885868,11.293922,3.7933693,1.9885159,1.1193483,58.355556
3.6957712,2.5475566,-1.1482145,3.5841923,10.210628,2.8662891,1.6603833,0.88717341,58.355556
4.0535388,2.5696673,-1.4838723,3.5789115,9.6939449,2.7490163,1.722434,0.84723318,58.355556
2.6364021,2.6352093,-1.19E-03,3.5674174,8.6846933,2.174068,1.9427696,0.69243956,58.355556
3.2061613,2.6413293,-0.56483161,3.556066,8.318326,2.1387033,1.9668846,0.67444479,58.355556
2.9155002,2.8637612,-5.17E-02,3.5478656,7.1946936,2.4744296,2.1466334,0.71712798,58.355556
3.5097554,3.5416009,3.18E-02,3.5436165,5.8984628,3.0139608,2.7486537,0.79294759,58.355556
3.3433681,3.350492,7.12E-03,3.5369041,5.5299125,2.3154643,2.7215986,0.62889415,58.355556
3.526623,3.2975938,-0.22902967,3.5296106,5.5405498,2.1910484,2.700031,0.59756255,58.355556
2.8393183,3.0428319,0.20351331,3.5193148,5.5244355,1.7580833,2.5357258,0.5071066,58.355556
2.0392032,2.264725,0.22552189,3.4983475,6.8436766,0.33213466,2.0278158,0.23690924,58.355556
2.5766771,1.9999943,-0.57668304,3.4753017,9.0511379,3.39E-02,1.7553477,0.24464656,58.355556
2.8630843,2.4018676,-0.46121639,3.4581158,9.6656618,1.2165408,1.87014,0.53172779,58.355556
3.1350052,2.9169507,-0.21805438,3.4452131,9.3239441,2.0384717,2.2310181,0.68593258,58.355556
3.118603,3.0121105,-0.10649252,3.4334846,8.6606293,2.2412496,2.2848847,0.72722578,58.355556
3.5149338,3.2533765,-0.26155737,3.4257712,7.6556988,2.7723196,2.4586513,0.7947253,58.355556
3.2151299,3.1269934,-8.81E-02,3.4166679,6.9830832,2.3799345,2.4353275,0.69166577,58.355556
3.5634315,3.0254388,-0.53799206,3.4062138,7.1322083,2.0770493,2.4039574,0.62148178,58.355556
1.76459,2.1031897,0.33859956,3.3841376,8.4580173,9.45E-02,1.8650086,0.23818114,58.355556
2.4553602,1.9773829,-0.47797731,3.3616698,10.512779,0,1.6930976,0.28428528,58.355556
2.9988101,2.1740286,-0.82478154,3.3418405,12.171731,0.54917836,1.7231272,0.45090097,58.355556
3.2203529,2.3703444,-0.85000873,3.3239427,13.239572,0.963983,1.7911171,0.57922709,58.355556
2.2548075,1.889135,-0.36567259,3.3018746,14.818514,0,1.4682807,0.42085424,58.355556
2.5095284,1.866747,-0.64278162,3.2801969,16.45619,5.90E-02,1.3866994,0.4800472,58.355556
2.8665669,1.9825691,-0.88399816,3.2600691,17.821123,0.40349901,1.3865629,0.5960058,58.355556
3.0664513,1.9847251,-1.081726,3.2405825,19.102299,0.52650446,1.323561,0.66116422,58.355556
3.5867026,2.0839565,-1.5027459,3.2246034,19.376617,1.1605202,1.2694509,0.81450552,58.355556
3.4843926,2.0063839,-1.478009,3.2082162,19.899773,1.0794837,1.1956106,0.81077343,58.355556
4.1928911,2.3671272,-1.8257639,3.1983838,18.884563,2.1520848,1.3347565,1.0323707,58.355556