.82462586E-01, .69348902E-01, .72849274E-04, .81593875E-03, .13113680E-01, .0000000, .32368787E-01, .34849271E-01, 3.6940808
.81058063E-01, .68327911E-01, .73832278E-04, .83733420E-03, .12730151E-01, .65609771E-02, .29981427E-01, .34132164E-01, 3.7391896
.88342510E-01, .74638657E-01, .74356692E-04, .10180055E-02, .13703832E-01, .51155020E-01, .22737758E-01, .30889180E-01, 3.7332544
.10762839, .91089815E-01, .74106167E-04, .14410592E-02, .16538560E-01, .45417111E-01, .85825827E-02, .27976252E-01, 3.7213137
.11304151, .95807001E-01, .74128293E-04, .15512437E-02, .17234500E-01, .47727856E-02, .31948767E-02, .30096855E-01, 3.7452152
.10532662, .89418225E-01, .74662428E-04, .13784772E-02, .15908396E-01, .0000000, .34412430E-02, .33789732E-01, 3.7729828
.91387458E-01, .77733383E-01, .75217598E-04, .11248884E-02, .13654074E-01, .0000000, .59409817E-02, .33861268E-01, 3.8012490
.77793360E-01, .66314183E-01, .75774420E-04, .90023933E-03, .11479178E-01, .0000000, .67806970E-02, .33723187E-01, 3.8284042
.72438635E-01, .61891288E-01, .76299410E-04, .83879539E-03, .10547359E-01, .0000000, .70221848E-02, .33495508E-01, 3.8549304
.70633352E-01, .60487173E-01, .76839759E-04, .84693148E-03, .10146171E-01, .0000000, .91118626E-02, .33161700E-01, 3.8831351
.71297109E-01, .61194971E-01, .77425473E-04, .90239104E-03, .10102132E-01, .0000000, .11885038E-01, .32803632E-01, 3.9140124
.71687363E-01, .61664551E-01, .77991921E-04, .95558178E-03, .10022810E-01, .73032747E-02, .13917172E-01, .31730913E-01, 3.9394858
.76592416E-01, .66019580E-01, .78171441E-04, .11305674E-02, .10572835E-01, .41405395E-01, .13257775E-01, .27914073E-01, 3.9305730
.85839041E-01, .74122496E-01, .78209967E-04, .14440056E-02, .11716544E-01, .16482065E-01, .11139668E-01, .30057747E-01, 3.9452953
.94496518E-01, .81719659E-01, .78015175E-04, .17922176E-02, .12776853E-01, .56608636E-01, .83250822E-02, .22825593E-01, 3.9177890
.86500935E-01, .74914716E-01, .78077232E-04, .16175674E-02, .11586238E-01, .0000000, .73468108E-02, .31743314E-01, 3.9448957
.76092474E-01, .66026762E-01, .78552563E-04, .13745584E-02, .10065714E-01, .82395282E-02, .10480499E-01, .30272247E-01, 3.9656205
.68767190E-01, .59789415E-01, .78927093E-04, .12419419E-02, .89777764E-02, .13218535E-01, .12619696E-01, .29601345E-01, 3.9825492
.69188401E-01, .60273625E-01, .79229714E-04, .13434784E-02, .89147855E-02, .17806927E-01, .13828658E-01, .28714165E-01, 3.9959321
.75698078E-01, .66064544E-01, .79472797E-04, .16600422E-02, .96335346E-02, .20527562E-01, .13430974E-01, .27037019E-01, 4.0065966
.92625670E-01, .80968298E-01, .79780322E-04, .22432893E-02, .11657378E-01, .12126810E-01, .13788221E-01, .29263202E-01, 4.0274577
.98866567E-01, .86545765E-01, .80149242E-04, .24227840E-02, .12320786E-01, .18860588E-01, .14854160E-01, .28387560E-01, 4.0431309
.94652250E-01, .82967274E-01, .80361111E-04, .19905893E-02, .11684971E-01, .27927173E-01, .13178621E-01, .26742660E-01, 4.0478611
.85361198E-01, .74927650E-01, .80450831E-04, .17543857E-02, .10433555E-01, .24034668E-01, .10581433E-01, .25984712E-01, 4.0528693
.88684104E-01, .77959076E-01, .80611178E-04, .19769417E-02, .10725008E-01, .17005621E-01, .93052452E-02, .26107771E-01, 4.0637026
.94912454E-01, .83544962E-01, .80856335E-04, .20341545E-02, .11367486E-01, .16015535E-01, .90402933E-02, .26736272E-01, 4.0758448
.92282385E-01, .81332624E-01, .80988073E-04, .18433500E-02, .10949764E-01, .27691679E-01, .80067320E-02, .24930744E-01, 4.0750518
.91306485E-01, .80574490E-01, .80959224E-04, .18264240E-02, .10731978E-01, .28400607E-01, .69772438E-02, .24327965E-01, 4.0723143
.86938679E-01, .76813802E-01, .80948950E-04, .16503071E-02, .10124872E-01, .23629470E-01, .69828625E-02, .25317015E-01, 4.0739241
.81178710E-01, .71828887E-01, .80955891E-04, .15255265E-02, .93498267E-02, .24691734E-01, .72359415E-02, .24797169E-01, 4.0740762
.94757177E-01, .83949924E-01, .80946455E-04, .20623300E-02, .10807244E-01, .27928501E-01, .75460514E-02, .24195828E-01, 4.0722208
.11570642, .10260980, .80913196E-04, .25308377E-02, .13096629E-01, .29785030E-01, .73360885E-02, .24600806E-01, 4.0701213
.11352342, .10075092, .80875165E-04, .21450345E-02, .12772488E-01, .29684413E-01, .67684008E-02, .25146738E-01, 4.0676179
.10283309, .91356352E-01, .80796832E-04, .19213953E-02, .11476751E-01, .31427938E-01, .70628389E-02, .25498200E-01, 4.0625906
.10288568, .91495588E-01, .80821759E-04, .20029182E-02, .11390103E-01, .14298855E-01, .68170591E-02, .26230048E-01, 4.0742803
.10381264, .92415020E-01, .80891623E-04, .20776435E-02, .11397610E-01, .32642379E-01, .62173898E-02, .23450479E-01, 4.0669584
.11180616, .99612363E-01, .80739148E-04, .23859800E-02, .12193818E-01, .29616216E-01, .56898347E-02, .23270307E-01, 4.0626254
.11078081, .98776907E-01, .80622565E-04, .24887789E-02, .12003897E-01, .40826853E-01, .65943603E-02, .22095209E-01, 4.0476909
.10435775, .93122564E-01, .80555146E-04, .22132064E-02, .11235186E-01, .43336805E-02, .61519654E-02, .27195027E-01, 4.0683160
.98026559E-01, .87578893E-01, .80943952E-04, .20038988E-02, .10447649E-01, .13076847E-01, .90694278E-02, .27238397E-01, 4.0825343
.94418481E-01, .84451929E-01, .81159211E-04, .19556175E-02, .99665578E-02, .27072296E-01, .98836897E-02, .25022915E-01, 4.0831399
.14924216, .13358724, .71795531E-01, .20316083E-02, .15654916E-01, .38122710E-01, .53819339E-02, .25009036E-01, 4.0020943
.16826448, .15061001, .56625629E-03, .20858156E-02, .17654458E-01, .39635777E-01, .29042352E-02, .23643095E-01, 3.9902332
.17842793, .15966278, .81504018E-04, .23065202E-02, .18765140E-01, .35066675E-01, .21437546E-02, .22752063E-01, 3.9835589
.19911796, .17807366, .79385776E-04, .28189188E-02, .21044301E-01, .50233949E-01, .21553515E-02, .20562189E-01, 3.9634976
.18586919, .16610177, .79087076E-04, .25815219E-02, .19767419E-01, .19698659E-01, .23271013E-02, .23863222E-01, 3.9731023
.16037938, .14330636, .79282334E-04, .20652346E-02, .17073030E-01, .19205721E-01, .35978537E-02, .26398057E-01, 3.9822929
.15513818, .13864799, .79520963E-04, .19967793E-02, .16490165E-01, .21022304E-02, .44026729E-02, .28540144E-01, 4.0088768
.13772750, .12314333, .79864913E-04, .16913987E-02, .14584139E-01, .18088203E-01, .69843885E-02, .27974302E-01, 4.0204520
.13961640, .12489688, .79744445E-04, .17914854E-02, .14719486E-01, .57057999E-01, .71756784E-02, .24818124E-01, 3.9932847
.16335966, .14614746, .79073754E-04, .23933798E-02, .17212177E-01, .67747824E-01, .38078330E-02, .20554060E-01, 3.9539540
.18042892, .16134630, .78403398E-04, .28924199E-02, .19082615E-01, .53216338E-01, .22982694E-02, .19025352E-01, 3.9290173
.19414562, .17348203, .77951227E-04, .33547655E-02, .20663612E-01, .44772696E-01, .20150868E-02, .18968221E-01, 3.9133606
.16730849, .14942136, .77891891E-04, .27040096E-02, .17887147E-01, .17185729E-01, .25842232E-02, .24172198E-01, 3.9237351
.15446812, .13795893, .77961318E-04, .24548788E-02, .16509186E-01, .37076507E-01, .34761298E-02, .23038633E-01, 3.9139810
.16679621, .14894167, .77557583E-04, .28690123E-02, .17854547E-01, .51756389E-01, .29494879E-02, .19269919E-01, 3.8899522
.18873627, .16845301, .74614689E-01, .24384249E-02, .20283265E-01, .30369468E-01, .28151297E-02, .23841290E-01, 3.8154981
.17863926, .15938208, .14438181E-01, .21845112E-02, .19257173E-01, .34605779E-01, .26976820E-02, .23337226E-01, 3.7960951
.18658915, .16640522, .66075209E-02, .23560475E-02, .20183897E-01, .40578187E-01, .22673851E-02, .21784579E-01, 3.7788751
.20285836, .18078111, .26675129E-01, .26856433E-02, .22077249E-01, .26444210E-01, .14421960E-02, .21426179E-01, 3.7564607
.17105900, .15238224, .72484007E-02, .20347254E-02, .18676724E-01, .15534158E-03, .27010597E-02, .28485550E-01, 3.7782705
.15849525, .14121370, .11274117E-02, .18300936E-02, .17281547E-01, .35903409E-01, .53601344E-02, .25835333E-01, 3.7719223
.17241219, .15359850, .29755395E-01, .20748784E-02, .18813677E-01, .44772033E-01, .37579187E-02, .23288004E-01, 3.7277625
.16700236, .14875889, .22220020E-02, .19815029E-02, .18243473E-01, .35315938E-01, .38098006E-02, .24476361E-01, 3.7201679
.16847298, .15004484, .20725843E-01, .19276786E-02, .18428156E-01, .21084419E-01, .24919873E-02, .24158766E-01, 3.7072210
.16780992, .14944711, .26050894E-01, .19089545E-02, .18362796E-01, .99508939E-02, .26638871E-02, .25553929E-01, 3.7002072
.17673407, .15736908, .17166004E-01, .20737851E-02, .19364992E-01, .30919613E-01, .31608292E-02, .23952790E-01, 3.6824446
.18033481, .16052790, .15507379E-01, .21331341E-02, .19806942E-01, .39342254E-01, .38224349E-02, .23789290E-01, 3.6589618
.19262427, .17138942, .75116125E-02, .24415841E-02, .21234835E-01, .50208535E-01, .34133804E-02, .22112736E-01, 3.6333189
.18349174, .16316849, .19691752E-01, .21965581E-02, .20323265E-01, .37440605E-01, .22571250E-02, .21722499E-01, 3.6064405
.18488379, .16432041, .32506158E-03, .22029539E-02, .20563360E-01, .32651857E-01, .22305159E-02, .21890933E-01, 3.6039245
.18845332, .16742317, .71919087E-04, .24221272E-02, .21030128E-01, .44430897E-01, .33673404E-02, .22961248E-01, 3.5912671
.19357511, .17187542, .71541595E-04, .27640616E-02, .21699708E-01, .51362477E-01, .38017165E-02, .21749504E-01, 3.5724397
.20115852, .17847313, .70881717E-04, .33062063E-02, .22685343E-01, .74569397E-01, .35453925E-02, .18021818E-01, 3.5305951
.19782586, .17534724, .33507869E-03, .30629863E-02, .22478607E-01, .38502842E-01, .28728666E-02, .20717187E-01, 3.5239153
.18553743, .16436411, .59400201E-01, .21290618E-02, .21173308E-01, .25579875E-01, .33031374E-02, .24356941E-01, 3.4711525
.18448919, .16337927, .69218753E-04, .21174143E-02, .21109920E-01, .55075523E-01, .37129088E-02, .22049511E-01, 3.4485838
.19237648, .17026798, .79149231E-01, .22220388E-02, .22108521E-01, .37000161E-01, .20290557E-02, .21083305E-01, 3.3642201
.19114250, .16906802, .46927296E-01, .21438769E-02, .22074480E-01, .26999876E-01, .20632825E-02, .22018647E-01, 3.3221569
.17534815, .15504149, .86136740E-02, .18553234E-02, .20306636E-01, .30731117E-01, .32893976E-02, .23674419E-01, 3.3144236
.17642386, .15597014, .66215216E-04, .19848167E-02, .20453751E-01, .34172364E-01, .51126145E-02, .25029756E-01, 3.3136358
.17552263, .15515020, .65895059E-04, .21714822E-02, .20372443E-01, .69335684E-01, .70854775E-02, .22976141E-01, 3.2793915
.18552296, .16391958, .38920693E-01, .20429916E-02, .21603391E-01, .55921350E-01, .43704910E-02, .22350330E-01, 3.2183511
.20313397, .17938526, .64091844E-04, .24627834E-02, .23748694E-01, .68602301E-01, .44307108E-02, .21356944E-01, 3.1852727
.18990612, .16757940, .63344021E-04, .22751286E-02, .22326712E-01, .64918406E-01, .34000685E-02, .19638056E-01, 3.1536121
.23703681, .20895006, .77406946E-02, .30712797E-02, .28086731E-01, .71060263E-01, .25815438E-02, .17472524E-01, 3.1122787
.25099942, .22090480, .31523656E-01, .32454501E-02, .30094624E-01, .69309898E-01, .28003328E-02, .18485887E-01, 3.0509651
.24827299, .21815169, .60729493E-04, .33648915E-02, .30121319E-01, .72325468E-01, .32206743E-02, .18402807E-01, 3.0184276
.25333685, .22221763, .24600197E-01, .30838009E-02, .31119252E-01, .57320658E-01, .24202778E-02, .18912490E-01, 2.9768326
.23394774, .20491755, .52411806E-01, .26721281E-02, .29030185E-01, .67598827E-01, .26854773E-02, .18656693E-01, 2.8957360
.25876439, .22630239, .11891261E-01, .31417420E-02, .32462008E-01, .74550614E-01, .27972534E-02, .17682355E-01, 2.8512809
.27182180, .23727933, .89660185E-04, .34279078E-02, .34542456E-01, .77047251E-01, .29363816E-02, .17720781E-01, 2.8180659
.25374508, .22108589, .56149220E-04, .30711698E-02, .32659203E-01, .57240099E-01, .24877277E-02, .18825410E-01, 2.8027158
.21648203, .18838541, .55884513E-04, .24140358E-02, .28096631E-01, .46199884E-01, .30523161E-02, .21378081E-01, 2.7950654
.20006996, .17399061, .55594315E-04, .23542505E-02, .26079338E-01, .53820368E-01, .43873987E-02, .21866603E-01, 2.7791731
.19829163, .17233829, .54492662E-04, .25840406E-02, .25953364E-01, .12428399, .51420801E-02, .20643668E-01, 2.6932170
.17093493, .14850308, .52790409E-04, .21683199E-02, .22431854E-01, .12285081, .60618292E-02, .21024656E-01, 2.6065094
.15606141, .13557775, .51068306E-04, .18643104E-02, .20483650E-01, .11458997, .62507396E-02, .21822689E-01, 2.5266089
.16529493, .14361759, .49423772E-04, .22203785E-02, .21677341E-01, .11254789, .70020193E-02, .21779351E-01, 2.4503407
.15826230, .13752268, .48032318E-04, .22856509E-02, .20739613E-01, .12330996, .10470531E-01, .21939320E-01, 2.3657775
.19570737, .17002030, .20229185E-02, .21818099E-02, .25687065E-01, .14318021, .57369871E-02, .19111952E-01, 2.2596865
.25424272, .22060764, .32518558E-01, .22940368E-02, .33635050E-01, .11682039, .22557338E-02, .18714570E-01, 2.1538146
.24004087, .20798288, .42398522E-04, .20215539E-02, .32057978E-01, .11620186, .29791070E-02, .20178111E-01, 2.0804563
.21118079, .18280397, .11504080E-01, .15763686E-02, .28376836E-01, .10495994, .37486637E-02, .23385536E-01, 2.0044119
.19776416, .17110911, .39343689E-04, .13822466E-02, .26655041E-01, .11744563, .45612049E-02, .23217587E-01, 1.9266291
.22748254, .19669615, .37525569E-04, .18245479E-02, .30786380E-01, .14479005, .46352823E-02, .20096567E-01, 1.8252666
.22242925, .19211212, .35569650E-04, .18439360E-02, .30317113E-01, .12651137, .47348128E-02, .20605937E-01, 1.7417958
.19223410, .16594225, .33968812E-04, .16084744E-02, .26291862E-01, .12429286, .68728081E-02, .22590326E-01, 1.6588928
.18556109, .16012886, .32204560E-04, .17100057E-02, .25432236E-01, .12425168, .76959813E-02, .21697963E-01, 1.5758946
.17533781, .15127710, .30482281E-04, .17227618E-02, .24060713E-01, .13304357, .91159437E-02, .20354731E-01, 1.4841424
.17051318, .14708199, .28609735E-04, .17915473E-02, .23431206E-01, .13314362, .96643632E-02, .18952083E-01, 1.3921417
.15702634, .13543873, .26786060E-04, .15601757E-02, .21587607E-01, .13268711, .10326787E-01, .18795399E-01, 1.2996503
.17534851, .15122738, .24907940E-04, .14396963E-02, .24121108E-01, .13640118, .84310062E-02, .19107543E-01, 1.2042047
.18783467, .16194478, .23006740E-04, .13692288E-02, .25889911E-01, .14082818, .80265924E-02, .19097771E-01, 1.1057688
.18581237, .16013420, .21029016E-04, .13063361E-02, .25678186E-01, .13875991, .86842943E-02, .19245561E-01, 1.0099113
.17091002, .14726050, .19223316E-04, .11798299E-02, .23649514E-01, .13048576, .10347922E-01, .20309094E-01, .92209256
.16437931, .14163710, .17423286E-04, .91976859E-03, .22742201E-01, .14011450, .11081378E-01, .20654716E-01, .82473332
.20446095, .17611426, .15379243E-04, .82011748E-03, .28346658E-01, .14515863, .69103613E-02, .20378098E-01, .72386539
.20423248, .17581546, .13526064E-04, .80731459E-03, .28417032E-01, .13444510, .61274646E-02, .19759493E-01, .63301325
.19070922, .16408832, .11761761E-04, .74184540E-03, .26620936E-01, .12712906, .57567535E-02, .18921316E-01, .54737741
.17742807, .15260313, .10127684E-04, .64931432E-03, .24824943E-01, .12021162, .73784846E-02, .19519961E-01, .46857864
.15430054, .13271293, .85197335E-05, .48977369E-03, .21587605E-01, .12265939, .11468112E-01, .20850020E-01, .38834506
.13923526, .11980385, .68674990E-05, .38441562E-03, .19431433E-01, .13297355, .15286314E-01, .19968733E-01, .29956636
.18490227, .15911819, .49106015E-05, .32824944E-03, .25784036E-01, .16146936, .13520068E-01, .19252699E-01, .18693636
.24413122, .20989992, .26231135E-05, .15793263E-03, .34231301E-01, .15840541, .69555244E-02, .21041067E-01, .79425693E-01
.19446041, .16708083, .12718942E-05, .62600921E-04, .27379606E-01, .86541541E-01, .74322722E-02, .20788755E-01, .37500683E-01
.20691498, .17768970, .46404864E-06, .29144112E-04, .29225264E-01, .75534619E-01, .67212763E-02, .19332694E-01, .77514783E-02
.20499350, .17592627, .14150096E-06, .10616661E-04, .29067246E-01, .46415929E-01, .73469146E-02, .19067438E-01, .76074507E-02
.19648580, .16852844, .13147884E-06, .10610070E-04, .27957343E-01, .46307456E-01, .79340991E-02, .19086132E-01, .70491913E-02
.18069631, .15493396, .12510566E-06, .10483422E-04, .25762323E-01, .45936629E-01, .94207954E-02, .19132378E-01, .61535714E-02
.29935420, .25640026, .11917296E-04, .13434425E-04, .42953927E-01, .56432683E-01, .74076271E-02, .19289000E-01, .99255880E-02
.32760465, .27993453, .90392734E-06, .17033661E-04, .47670130E-01, .61266772E-01, .40614861E-02, .19229863E-01, .10240979E-01
.32603407, .27789453, .12752887E-04, .20353544E-04, .48139535E-01, .63202076E-01, .40437714E-02, .19360514E-01, .90576010E-02
.34051311, .28949159, .43552818E-05, .20157891E-04, .51021516E-01, .64627223E-01, .35220031E-02, .18913005E-01, .88178599E-02
.36905694, .31284177, .25611988E-06, .27302956E-04, .56215174E-01, .70383348E-01, .31825523E-02, .18805826E-01, .76731751E-02
.34857607, .29460558, .26040965E-06, .29143015E-04, .53970549E-01, .66940263E-01, .37212805E-02, .18997354E-01, .82638292E-02
.30699217, .25882623, .88099689E-04, .19923214E-04, .48165917E-01, .59830941E-01, .42923908E-02, .21177653E-01, .10651661E-01
.28651917, .24113795, .16112176E-03, .16208924E-04, .45381270E-01, .59415754E-01, .45187655E-02, .21068169E-01, .10827119E-01
.27259588, .22906919, .17152519E-03, .15395804E-04, .43526668E-01, .57284754E-01, .34386984E-02, .21480234E-01, .10189300E-01
.28823456, .24183702, .11458621E-03, .19354571E-04, .46397533E-01, .59073277E-01, .38724877E-02, .20173499E-01, .11120576E-01
.27190691, .22778535, .12059524E-03, .16320540E-04, .44121556E-01, .58780782E-01, .42583742E-02, .21346457E-01, .10451291E-01
.26909828, .22512881, .11056796E-04, .14580537E-04, .43969505E-01, .57657622E-01, .48563317E-02, .20947143E-01, .11462363E-01
.26905376, .22479753, .13994329E-03, .13793412E-04, .44256274E-01, .58386918E-01, .41530002E-02, .20604452E-01, .11199474E-01
.27591905, .23020506, .19085615E-04, .16614444E-04, .45714024E-01, .61242025E-01, .42900974E-02, .20333186E-01, .97943498E-02
.27216709, .22675416, .21369671E-06, .15034504E-04, .45412928E-01, .60247771E-01, .44079032E-02, .19592321E-01, .92206514E-02
.27222887, .22649395, .12649271E-03, .14702325E-04, .45734901E-01, .59063833E-01, .46807746E-02, .19706741E-01, .10299795E-01
.30389079, .25240725, .11999002E-03, .18446566E-04, .51483572E-01, .65508120E-01, .42126318E-02, .19455280E-01, .10217935E-01
.29514831, .24469204, .23873861E-06, .19016376E-04, .50456241E-01, .66098996E-01, .44154041E-02, .19230993E-01, .88398345E-02
.25971723, .21499948, .21812578E-06, .16363521E-04, .44717748E-01, .59456840E-01, .50526811E-02, .19633846E-01, .90053407E-02
.23651958, .19560133, .18480830E-06, .14706739E-04, .40918287E-01, .57874970E-01, .66930475E-02, .19627392E-01, .85953129E-02
.20693403, .17103696, .16094103E-06, .12418863E-04, .35897098E-01, .54725878E-01, .81300298E-02, .19858047E-01, .77524721E-02
.21802589, .18014666, .15854076E-06, .12245055E-04, .37879184E-01, .55644561E-01, .94077941E-02, .19545186E-01, .92509883E-02
.30657378, .25300413, .19632053E-06, .16273565E-04, .53569652E-01, .68297841E-01, .55786381E-02, .19295817E-01, .99534672E-02
.34968010, .28793392, .56876768E-04, .25279476E-04, .61746225E-01, .73748492E-01, .35348772E-02, .19390579E-01, .11272418E-01
.30906412, .25391713, .27554654E-03, .29484589E-04, .55146962E-01, .67549139E-01, .35566278E-02, .21233920E-01, .11990317E-01
.29523110, .24216148, .28680691E-06, .20673902E-04, .53069606E-01, .69125086E-01, .41631628E-02, .20660380E-01, .99455379E-02
.27313197, .22371922, .24255314E-06, .17943517E-04, .49412746E-01, .63938342E-01, .40673329E-02, .20494780E-01, .93375761E-02
.23742440, .19428672, .22779567E-06, .16399415E-04, .43137733E-01, .60275171E-01, .59058033E-02, .20278977E-01, .79578059E-02
.25225312, .20624472, .16990489E-06, .15498756E-04, .46008356E-01, .62184338E-01, .68184873E-02, .19411795E-01, .84531344E-02
.25465456, .20800389, .16992981E-06, .16565486E-04, .46650711E-01, .63511729E-01, .69726272E-02, .19304819E-01, .84164925E-02
.33954555, .27689198, .19585967E-06, .20123782E-04, .62653556E-01, .76313168E-01, .53802924E-02, .19326353E-01, .99853380E-02
.33943245, .27617034, .26882591E-06, .28911558E-04, .63262157E-01, .78627735E-01, .40531885E-02, .19375978E-01, .85122511E-02
.33589870, .27269962, .44031385E-05, .31914697E-04, .63199118E-01, .75747088E-01, .37772458E-02, .19444052E-01, .95736934E-02
.37598982, .30448383, .16043194E-03, .37957667E-04, .71505979E-01, .81830516E-01, .32035711E-02, .19496044E-01, .12122811E-01
.38232648, .30875650, .50343152E-06, .56658650E-04, .73569998E-01, .73243760E-01, .28319515E-02, .19514319E-01, .25092322E-01
.38230830, .30786526, .83652384E-06, .10038769E-03, .74442998E-01, .66649325E-01, .25968817E-02, .19503944E-01, .45250099E-01
.36519143, .29328924, .11988300E-05, .14164313E-03, .71902186E-01, .75745843E-01, .36114238E-02, .19532830E-01, .54743540E-01
.38808215, .31086013, .46427990E-03, .14481472E-03, .77222072E-01, .84561646E-01, .32990952E-02, .19633729E-01, .59962478E-01
.40071285, .32003292, .28793220E-03, .17224808E-03, .80679908E-01, .89072041E-01, .36164431E-02, .19629123E-01, .64595155E-01
.36808270, .29316077, .12466622E-02, .15551722E-03, .74921936E-01, .81551678E-01, .35643890E-02, .20177005E-01, .69996186E-01
.32888943, .26139581, .28855265E-02, .13355794E-03, .67493670E-01, .76024733E-01, .36166534E-02, .21012524E-01, .71931265E-01
.33014765, .26195389, .15534164E-05, .14086017E-03, .68193771E-01, .85534044E-01, .39574690E-02, .20521538E-01, .68274580E-01
.31374356, .24850902, .14414204E-05, .13068588E-03, .65234601E-01, .86671069E-01, .43713464E-02, .20412335E-01, .60945917E-01
.29103187, .23021904, .13272125E-05, .12034275E-03, .60812823E-01, .73499843E-01, .41137766E-02, .20884149E-01, .62119562E-01
.27178159, .21476929, .13371352E-05, .12667615E-03, .57012286E-01, .74022748E-01, .48347898E-02, .20151760E-01, .59684407E-01
.26766622, .21133199, .12692179E-05, .13860663E-03, .56334212E-01, .74315995E-01, .58864537E-02, .20021843E-01, .57317764E-01
.31950930, .25199369, .21199604E-03, .11009306E-03, .67515656E-01, .10733178, .56212903E-02, .20006843E-01, .32669328E-01
.36928570, .29064095, .32143083E-02, .95162279E-04, .78644708E-01, .76410808E-01, .29832530E-02, .20117763E-01, .44445492E-01
.37207693, .29216355, .14534626E-04, .12469382E-03, .79913355E-01, .84314659E-01, .34214284E-02, .20133521E-01, .53194884E-01
.36053813, .28246942, .12643329E-05, .13372461E-03, .78068741E-01, .90722047E-01, .39348467E-02, .20196039E-01, .54209959E-01
.35523885, .27774215, .57883555E-03, .12967634E-03, .77496722E-01, .87905094E-01, .37693800E-02, .20408275E-01, .56731001E-01
.34940115, .27264985, .12997664E-05, .12736378E-03, .76751299E-01, .90770103E-01, .38212743E-02, .20415235E-01, .56273300E-01
.37006935, .28819206, .16601561E-03, .14227310E-03, .81877284E-01, .92421375E-01, .37480306E-02, .20329015E-01, .59037507E-01
.39101759, .30379719, .96328056E-03, .17668538E-03, .87220401E-01, .84771916E-01, .32624726E-02, .20375328E-01, .73477075E-01
.40440705, .31339508, .45992081E-04, .24361612E-03, .91012061E-01, .73892474E-01, .27761036E-02, .20410899E-01, .10295169
.39090389, .30216715, .25815154E-05, .36121870E-03, .88736691E-01, .61913528E-01, .26349898E-02, .20431370E-01, .14191444
.35231709, .27175730, .32811818E-05, .45874366E-03, .80559760E-01, .62699728E-01, .33699626E-02, .20446826E-01, .17255083
.35250264, .27144369, .92336867E-03, .58666209E-03, .81058957E-01, .62632412E-01, .35217365E-02, .20466818E-01, .20285751
.44208315, .33956590, .46265936E-05, .71073155E-03, .10251728, .67973927E-01, .24897577E-02, .20487946E-01, .24904364
.39228585, .30049673, .54579973E-05, .74822205E-03, .91789141E-01, .71645290E-01, .31476892E-02, .20524535E-01, .28145006
.40084961, .30634126, .72273365E-02, .75913226E-03, .94508350E-01, .82972296E-01, .33179021E-02, .20579724E-01, .29818586
.40774119, .31084377, .64598280E-05, .90131303E-03, .96897438E-01, .70626825E-01, .26797280E-02, .20580234E-01, .33609688
.39153540, .29778084, .72778362E-05, .10848192E-02, .93754582E-01, .63179418E-01, .28232818E-02, .20600088E-01, .37827170
.34929642, .26514679, .79987894E-05, .11464405E-02, .84149644E-01, .65535039E-01, .35662444E-02, .20618688E-01, .40916651
.32171556, .24387902, .85519050E-05, .12915398E-02, .77836528E-01, .59505414E-01, .39168373E-02, .20640405E-01, .43998280
.29146686, .22074123, .91159754E-05, .13844853E-02, .70725627E-01, .57122886E-01, .47330311E-02, .20653341E-01, .46679342
.26644191, .20168076, .95798969E-05, .14536412E-02, .64761139E-01, .57780072E-01, .60629444E-02, .20666787E-01, .48824257
.23708530, .17943516, .99028075E-05, .13803168E-02, .57650127E-01, .64218655E-01, .84430883E-02, .20684445E-01, .49859560
.21611388, .16360426, .10035392E-04, .13481494E-02, .52509617E-01, .63842699E-01, .10193649E-01, .20712458E-01, .50596696
.19944508, .15106671, .10204122E-04, .14214501E-02, .48378348E-01, .55694189E-01, .11510833E-01, .20735696E-01, .51859945
.21336827, .16171384, .10395829E-04, .14972393E-02, .51654413E-01, .71316607E-01, .13033037E-01, .20751979E-01, .52033180
.20366070, .15441746, .10451678E-04, .14577949E-02, .49243238E-01, .60109571E-01, .12065087E-01, .20788394E-01, .52993119
.29675159, .22506607, .12761945E-02, .12887699E-02, .71685486E-01, .12836452, .10407538E-01, .20834608E-01, .49096373
.39216119, .29690433, .80737770E-02, .11892867E-02, .95256783E-01, .96430644E-01, .37369169E-02, .20935321E-01, .49413231
.38645360, .29197705, .25239285E-01, .11624575E-02, .94476566E-01, .83196588E-01, .31630879E-02, .20987423E-01, .49204251
.37628728, .28374580, .63327335E-01, .10530353E-02, .92541479E-01, .85122764E-01, .33149607E-02, .21018941E-01, .44826418
.36767283, .27675524, .38439326E-01, .97194238E-03, .90917572E-01, .57567276E-01, .20767839E-02, .21073686E-01, .45414850
.38163394, .28675914, .36482704E-02, .10887953E-02, .94874784E-01, .78005657E-01, .30128157E-02, .21057006E-01, .47916180
.39313892, .29482391, .37729461E-02, .12255560E-02, .98315015E-01, .82683571E-01, .31479010E-02, .21097494E-01, .50281179
.40994513, .30679014, .70651463E-03, .14598526E-02, .10315505, .73607244E-01, .27445925E-02, .21133477E-01, .54280710
.42399156, .31655234, .11509140E-04, .16592310E-02, .10743922, .66737041E-01, .23987598E-02, .21156451E-01, .59410655
.42768341, .31854275, .52764942E-02, .17989940E-02, .10914075, .57721592E-01, .19928373E-02, .21174354E-01, .65031201
.41882065, .31120718, .28068766E-02, .18351902E-02, .10761344, .78752667E-01, .30258852E-02, .21174517E-01, .68742579
.41188169, .30537814, .40458948E-02, .19034235E-02, .10650358, .86261690E-01, .32204490E-02, .21217695E-01, .71480781
.41285616, .30544618, .64236657E-02, .19686623E-02, .10740991, .81041932E-01, .29798194E-02, .21258753E-01, .74563229
.41224796, .30435529, .26714134E-02, .20255926E-02, .10789257, .84258534E-01, .30701996E-02, .21296648E-01, .77750850
.40732431, .30011150, .80135629E-04, .21308814E-02, .10721280, .77262655E-01, .27786118E-02, .21336034E-01, .81789547
.40684259, .29917449, .22415540E-03, .22478725E-02, .10766808, .77643067E-01, .28359953E-02, .21364197E-01, .85815364
.40297866, .29576585, .17753946E-04, .23497564E-02, .10721281, .73453292E-01, .26479696E-02, .21395512E-01, .90206259
.38053346, .27880794, .18602908E-04, .25024577E-02, .10172551, .66230200E-01, .26773089E-02, .21424074E-01, .94758344
.35284126, .25818911, .19466439E-04, .27405818E-02, .94652198E-01, .59995793E-01, .28510401E-02, .21449771E-01, .99219990
.35397547, .25874630, .90696783E-04, .29035965E-02, .95229171E-01, .61398890E-01, .29281909E-02, .21445289E-01, 1.0358318
.41662559, .30406228, .14525484E-01, .29078601E-02, .11256332, .54003686E-01, .17446283E-02, .21448409E-01, 1.0885702
.42218813, .30749992, .44404067E-01, .31339729E-02, .11468820, .53850796E-01, .18346803E-02, .21435121E-01, 1.1135718
.40301734, .29297954, .40563192E-01, .29289017E-02, .11003789, .64233430E-01, .22283355E-02, .21440011E-01, 1.1279804
.39144593, .28409427, .86739352E-02, .28296392E-02, .10735171, .68635985E-01, .25329804E-02, .21477103E-01, 1.1675935
.39167345, .28383219, .23870790E-01, .29454562E-02, .10784123, .53944044E-01, .17473241E-02, .21476492E-01, 1.2062893
.39601681, .28652802, .10235365E-01, .31067836E-02, .10948880, .51776763E-01, .17799812E-02, .21450391E-01, 1.2623067
.38310796, .27677330, .10376811E-01, .31469273E-02, .10633465, .64267434E-01, .23912995E-02, .21492263E-01, 1.3031090
.35501325, .25617626, .26601461E-04, .31778081E-02, .98836958E-01, .66531315E-01, .26714304E-02, .21644060E-01, 1.3447497
.33666024, .24274038, .27351040E-04, .33775552E-02, .93919843E-01, .65736637E-01, .29256700E-02, .21547858E-01, 1.3823212
.35565877, .25624964, .28065720E-04, .37332429E-02, .99409141E-01, .67155264E-01, .27258592E-02, .21498539E-01, 1.4234070
.40253603, .28962329, .29117393E-04, .40720999E-02, .11291279, .56235328E-01, .18745001E-02, .21510379E-01, 1.4877254
.37816480, .27170402, .30346237E-04, .42782035E-02, .10646075, .56487806E-01, .21908320E-02, .21507356E-01, 1.5454483
.35762832, .25666982, .31386608E-04, .45405217E-02, .10095841, .57601996E-01, .24628376E-02, .21511734E-01, 1.5965635
.35188913, .25232655, .32418924E-04, .50884732E-02, .99562593E-01, .50551258E-01, .24315468E-02, .21513259E-01, 1.6527531
.35346162, .25326139, .33465822E-04, .50849970E-02, .10020021, .54478072E-01, .24632674E-02, .21509834E-01, 1.7056878
.39126939, .28001088, .34669658E-04, .53122370E-02, .11125848, .54482989E-01, .20719122E-02, .21509042E-01, 1.7690558
.35632008, .25471133, .35858418E-04, .55577303E-02, .10160872, .49610257E-01, .22708713E-02, .21506548E-01, 1.8275992
.31423151, .22449546, .36925911E-04, .55322172E-02, .89736059E-01, .43680627E-01, .24228310E-02, .21513583E-01, 1.8803757
.30057508, .21470004, .37960075E-04, .60978783E-02, .85875049E-01, .40671855E-01, .27065508E-02, .21481091E-01, 1.9320182
.27627569, .19735602, .38901944E-04, .62736222E-02, .78919709E-01, .39769109E-01, .31699850E-02, .21464610E-01, 1.9778937
.25433859, .18175355, .39805767E-04, .65194792E-02, .72585084E-01, .33483420E-01, .33538942E-02, .21442156E-01, 2.0236597
.23382784, .16721079, .40676528E-04, .66524372E-02, .66617072E-01, .30888015E-01, .38581158E-02, .21413911E-01, 2.0664246
.25110447, .17971906, .41475832E-04, .66544563E-02, .71385413E-01, .38849868E-01, .38794926E-02, .21418991E-01, 2.1060147
.28502592, .20403010, .42322648E-04, .60198042E-02, .80995843E-01, .47863755E-01, .31001139E-02, .21427361E-01, 2.1460562
.28212690, .20197649, .43105963E-04, .62961993E-02, .80150396E-01, .48885450E-01, .32823512E-02, .21367878E-01, 2.1841342
.27612546, .19771202, .43812659E-04, .66922270E-02, .78413434E-01, .49562868E-01, .36147912E-02, .21362647E-01, 2.2197342
.26586366, .19041094, .44525430E-04, .69564111E-02, .75452723E-01, .44895977E-01, .36516662E-02, .21358047E-01, 2.2568135
.32733732, .23442565, .45142639E-04, .62618377E-02, .92911690E-01, .81089079E-01, .39399834E-02, .21381324E-01, 2.2761400
.31919223, .22847997, .45601279E-04, .54295375E-02, .90712279E-01, .72760671E-01, .32433211E-02, .21548403E-01, 2.3017311
.32312626, .23120922, .46142759E-04, .56163082E-02, .91917008E-01, .69144093E-01, .28909943E-02, .21471696E-01, 2.3316023
.34384501, .24589267, .46906760E-04, .70555052E-02, .97952344E-01, .52552868E-01, .22991197E-02, .21447066E-01, 2.3820701
.40981776, .29273775, .15173400E-01, .71579302E-02, .11708000, .66148572E-01, .20934194E-02, .21472706E-01, 2.4226348
.38828474, .27692077, .13810668E-01, .61550294E-02, .11136396, .68676792E-01, .22111987E-02, .21503136E-01, 2.4574380
.36219293, .25802517, .37320518, .50066570E-02, .10416772, .56739114E-01, .17971667E-02, .21564882E-01, 2.1383231
.34771541, .24750865, .50177909E-01, .44410927E-02, .10020683, .33324935E-01, .10857246E-02, .21660395E-01, 2.1615422
.32973650, .23457642, .78737594E-01, .41036429E-02, .95160082E-01, .46649721E-01, .15915902E-02, .21762876E-01, 2.1386738
.32831928, .23346727, .27208034E-01, .40358147E-02, .94851971E-01, .55297412E-01, .18642695E-02, .21707552E-01, 2.1587181
.34259808, .24350335, .43723143E-04, .46885186E-02, .99094681E-01, .61379269E-01, .22088354E-02, .21886257E-01, 2.2037799
.32034615, .22759214, .44516219E-04, .47822804E-02, .92754059E-01, .59633579E-01, .23277148E-02, .22057841E-01, 2.2442708
.31107876, .22094974, .45239736E-04, .51135584E-02, .90129003E-01, .60225990E-01, .25242623E-02, .21489216E-01, 2.2814097
.33173856, .23555543, .46052854E-04, .63322103E-02, .96183158E-01, .47746770E-01, .19964422E-02, .21475887E-01, 2.3353343
.29899463, .21223392, .47073587E-04, .60721124E-02, .86760722E-01, .49132966E-01, .26640503E-02, .21612164E-01, 2.3793766
.27098703, .19240081, .47806636E-04, .60652304E-02, .78586221E-01, .44439379E-01, .26033903E-02, .21679638E-01, 2.4198833
.25356293, .18012215, .48598133E-04, .61754254E-02, .73440760E-01, .37867252E-01, .25922339E-02, .21620303E-01, 2.4616950
.24185474, .17192034, .49378064E-04, .64583728E-02, .69934428E-01, .40543437E-01, .34096781E-02, .21599051E-01, 2.4978576
.22060284, .15695432, .49996808E-04, .63342308E-02, .63648514E-01, .44236422E-01, .46703904E-02, .21778869E-01, 2.5254264
.20124772, .14336073, .50440678E-04, .62951338E-02, .57886999E-01, .46745092E-01, .59664301E-02, .21805175E-01, 2.5460596
.19157910, .13665567, .50826799E-04, .64596399E-02, .54923426E-01, .44740058E-01, .64263791E-02, .21499543E-01, 2.5660291
.18859638, .13472730, .51234965E-04, .69393311E-02, .53869084E-01, .40561240E-01, .67481906E-02, .21548096E-01, 2.5889642
.18403347, .13166451, .51698480E-04, .73930579E-02, .52368943E-01, .35033409E-01, .65511409E-02, .21407116E-01, 2.6152780
.16937698, .12135901, .52256790E-04, .70124306E-02, .48017994E-01, .31853721E-01, .79709319E-02, .21585759E-01, 2.6422186
.15279269, .10968604, .52746811E-04, .65873037E-02, .43106634E-01, .32049097E-01, .10233033E-01, .22155978E-01, 2.6667395
.14706413, .10578465, .53239473E-04, .69226203E-02, .41279469E-01, .29895362E-01, .11884119E-01, .22098759E-01, 2.6929018
.13880086, .10004412, .53769876E-04, .69951164E-02, .38756751E-01, .27577432E-01, .13941254E-01, .22227023E-01, 2.7208436
.13449039, .97148605E-01, .54371692E-04, .70697460E-02, .37341796E-01, .23021549E-01, .14684866E-01, .22904411E-01, 2.7525949
.13404407, .97041398E-01, .55023091E-04, .75204321E-02, .37002668E-01, .19578565E-01, .15151648E-01, .23238521E-01, 2.7874646
.17275029, .12530778, .55420041E-04, .70366040E-02, .47442500E-01, .67579404E-01, .14939675E-01, .21498017E-01, 2.7850461
.23431265, .17015161, .55200624E-04, .65104375E-02, .64161032E-01, .92347749E-01, .81882682E-02, .21486662E-01, 2.7683537
.30441314, .22106448, .55177654E-04, .63903108E-02, .83348662E-01, .75532436E-01, .32624251E-02, .21615563E-01, 2.7828567
.30979806, .22486436, .55730317E-04, .65499004E-02, .84933706E-01, .56468431E-01, .23453110E-02, .21485936E-01, 2.8169310
.32552981, .23617049, .56414108E-04, .72320257E-02, .89359306E-01, .58371071E-01, .24369543E-02, .21564420E-01, 2.8529391
.35786173, .25938308, .35163716E-02, .66842786E-02, .98478645E-01, .64287513E-01, .19318183E-02, .21650163E-01, 2.8887320
.32430217, .23484401, .48219200E-01, .53220894E-02, .89458145E-01, .60104880E-01, .18531667E-02, .21925211E-01, 2.8762686
.33303955, .24101949, .38658924E-01, .55509014E-02, .92020057E-01, .59268683E-01, .18990632E-02, .22287944E-01, 2.8765800
.35298836, .25525358, .58111626E-04, .63033900E-02, .97734816E-01, .55585410E-01, .19448621E-02, .22872228E-01, 2.9241824
.37234151, .26897326, .50533731E-01, .68212412E-02, .10336829, .57042733E-01, .20217323E-02, .23412080E-01, 2.9250457
.31037894, .22402342, .52760214E-01, .50420174E-02, .86355492E-01, .52139409E-01, .19466686E-02, .23942631E-01, 2.9132774
.25162992, .18167908, .58716723E-04, .35619750E-02, .69950834E-01, .40940002E-01, .17688696E-02, .25488701E-01, 2.9503057
.23770985, .17178263, .31414025E-02, .32619911E-02, .65927230E-01, .41165467E-01, .17759474E-02, .25586089E-01, 2.9803109
.23941775, .17317633, .12064090E-02, .33340484E-02, .66241398E-01, .44682052E-01, .19291149E-02, .25501311E-01, 3.0091290
.22119313, .16014661, .77326737E-01, .29131712E-02, .61046515E-01, .42312760E-01, .17991966E-02, .25418701E-01, 2.9592927
.19696642, .14280072, .81170481E-02, .23796363E-02, .54165687E-01, .41142870E-01, .17725839E-02, .25517082E-01, 2.9734628
.20240526, .14696142, .59754333E-04, .25239685E-02, .55443842E-01, .43426290E-01, .18899712E-02, .25432175E-01, 2.9946578
.21041225, .15298063, .60098933E-04, .27523250E-02, .57431608E-01, .45193411E-01, .19993000E-02, .25456065E-01, 3.0159531
.21861668, .15913314, .60498904E-04, .29881233E-02, .59483543E-01, .41254867E-01, .18081320E-02, .25330516E-01, 3.0428119
.21759109, .15855893, .61120430E-04, .30134518E-02, .59032146E-01, .24089960E-01, .11587930E-02, .25370793E-01, 3.0857091
.22106363, .16127023, .61874925E-04, .31551297E-02, .59793353E-01, .32300096E-01, .13232324E-02, .25045862E-01, 3.1211784
.22501868, .16431287, .62515457E-04, .33397384E-02, .60705822E-01, .39561886E-01, .19090030E-02, .25476506E-01, 3.1506987
.21989934, .16074215, .62976113E-04, .33454311E-02, .59157200E-01, .45307182E-01, .22153312E-02, .25721280E-01, 3.1732259
.21858746, .15994982, .63383173E-04, .34309179E-02, .58637623E-01, .47430646E-01, .22507580E-02, .25015844E-01, 3.1930602
.21797939, .15966778, .63774060E-04, .35021459E-02, .58311604E-01, .45368560E-01, .23218605E-02, .25498837E-01, 3.2146306
.21229564, .15567768, .64184453E-04, .34594119E-02, .56617938E-01, .43334775E-01, .21681353E-02, .25352694E-01, 3.2364287
.21527828, .15803142, .64640750E-04, .36476972E-02, .57246849E-01, .43652665E-01, .22294454E-02, .24914838E-01, 3.2584105
.21452640, .15763904, .65055923E-04, .37017856E-02, .56887381E-01, .41076519E-01, .22913089E-02, .25306929E-01, 3.2826166
.20951757, .15412734, .65509419E-04, .36041546E-02, .55390224E-01, .44216037E-01, .23876959E-02, .25174255E-01, 3.3023789
.20663121, .15217292, .65859400E-04, .35639689E-02, .54458257E-01, .46012543E-01, .22220896E-02, .24204360E-01, 3.3192871
.21286552, .15691282, .66221066E-04, .37837238E-02, .55952732E-01, .44586957E-01, .18876300E-02, .22606671E-01, 3.3385611
.21940269, .16185588, .66617373E-04, .40362910E-02, .57546813E-01, .45252807E-01, .20116107E-02, .22783373E-01, 3.3586340
.21897081, .16165970, .67060333E-04, .41086278E-02, .57311103E-01, .30628536E-01, .16235266E-02, .24960740E-01, 3.3926356
.18074252, .13364485, .67965280E-04, .30266989E-02, .47097661E-01, .14022207E-02, .29727609E-02, .36825761E-01, 3.4480793
.15198933, .11267842, .68845584E-04, .23821499E-02, .39310891E-01, .18785229E-01, .56781122E-02, .35218745E-01, 3.4817030
.14654849, .10892703, .69278212E-04, .23523436E-02, .37621453E-01, .44671454E-01, .63934093E-02, .32070257E-01, 3.4884961
.14351925, .10693423, .69462571E-04, .23795059E-02, .36585014E-01, .37143197E-01, .54902397E-02, .31656880E-01, 3.5008492
.14222229, .10620844, .69638649E-04, .24556755E-02, .36013834E-01, .36716368E-01, .44298703E-02, .28907403E-01, 3.5119231
.13845123, .10362956, .69980175E-04, .24321815E-02, .34821671E-01, .27320534E-01, .42799101E-02, .30030904E-01, 3.5310721
.13830408, .10376076, .70281560E-04, .25166587E-02, .34543324E-01, .38922273E-01, .46360302E-02, .28865822E-01, 3.5386126
.13793255, .10370461, .70406786E-04, .26273339E-02, .34227949E-01, .40201537E-01, .42231139E-02, .27284328E-01, 3.5440357
.13935529, .10498615, .70497968E-04, .27518100E-02, .34369156E-01, .41262250E-01, .38150596E-02, .25851399E-01, 3.5480049
.15546407, .11734861, .14432210E-01, .28828641E-02, .38115460E-01, .36136407E-01, .31326781E-02, .26465263E-01, 3.5456736
.20110294, .15199336, .17462393E-01, .28738088E-02, .49109574E-01, .39141700E-01, .20297037E-02, .26793992E-01, 3.5472054
.20365173, .15407211, .71086972E-04, .30129577E-02, .49579624E-01, .44745252E-01, .19542091E-02, .25197934E-01, 3.5607810
.20495304, .15519322, .71304115E-04, .31307121E-02, .49759850E-01, .44078615E-01, .19854980E-02, .25317866E-01, 3.5751166
.21105507, .15993741, .42642877E-01, .32401115E-02, .51117662E-01, .37377197E-01, .15682227E-02, .24589747E-01, 3.5544124
.19859096, .15063070, .63123204E-01, .28005177E-02, .47960274E-01, .37190034E-02, .17223657E-02, .32580428E-01, 3.5443230
.16707620, .12697110, .71254814E-04, .21511025E-02, .40105082E-01, .65434538E-02, .41176360E-02, .36715526E-01, 3.5896499
.15586805, .11872116, .71803777E-04, .19870973E-02, .37146904E-01, .35970096E-01, .64410935E-02, .33930242E-01, 3.6050794
.15631512, .11930908, .71884846E-04, .20673641E-02, .37006035E-01, .54055154E-01, .54156976E-02, .30950032E-01, 3.6011763
.15896778, .12155537, .71876762E-04, .21967385E-02, .37412412E-01, .37791058E-01, .36400480E-02, .30193057E-01, 3.6120393
.16166276, .12383401, .72058792E-04, .23208624E-02, .37828743E-01, .41794758E-01, .32935461E-02, .28759897E-01, 3.6188445
.16849609, .12926058, .72152354E-04, .25188967E-02, .39235476E-01, .42259246E-01, .23670900E-02, .26007084E-01, 3.6254680
.19578649, .15035276, .11385061E-01, .28161425E-02, .45433681E-01, .33736773E-01, .14612098E-02, .24736553E-01, 3.6342947
.19501819, .14988643, .39479737E-02, .27905959E-02, .45131788E-01, .10941133E-01, .15958536E-02, .29172340E-01, 3.6732130
.16474128, .12681790, .73838870E-04, .21689343E-02, .37923366E-01, .34641530E-02, .32651506E-02, .35332702E-01, 3.7185650
.15161347, .11696036, .74514370E-04, .19577495E-02, .34653135E-01, .18074134E-01, .57736719E-02, .35281017E-01, 3.7487559
.14651275, .11326923, .74818556E-04, .19122866E-02, .33243511E-01, .42748015E-01, .69023264E-02, .32953266E-01, 3.7540379
.14558476, .11278288, .74876581E-04, .19520399E-02, .32801893E-01, .39122410E-01, .61245980E-02, .32507900E-01, 3.7616849
.14785959, .11476884, .74928117E-04, .20614853E-02, .33090748E-01, .48491731E-01, .51127370E-02, .30206330E-01, 3.7591307
.15036154, .11691283, .74926960E-04, .21826273E-02, .33448704E-01, .34000337E-01, .37017649E-02, .30021828E-01, 3.7698934
.14839233, .11558906, .75159289E-04, .22129263E-02, .32803252E-01, .32307841E-01, .37863350E-02, .30674789E-01, 3.7817576
.14896649, .11623244, .75403936E-04, .22855259E-02, .32734070E-01, .26776657E-01, .30845809E-02, .28936366E-01, 3.7983093
.15139456, .11831421, .75622964E-04, .24158810E-02, .33080347E-01, .35931613E-01, .27896140E-02, .26900362E-01, 3.8056273
.15083821, .11805533, .75849821E-04, .24876432E-02, .32782886E-01, .24050726E-01, .28619156E-02, .29304305E-01, 3.8245289
.14653791, .11488124, .76139848E-04, .24585142E-02, .31656664E-01, .36046136E-01, .37320366E-02, .28761139E-01, 3.8312063
.16019355, .12577844, .76374425E-04, .24876425E-02, .34415133E-01, .17696014E-01, .24543735E-02, .29170668E-01, 3.8576856
.16368078, .12869520, .77017605E-04, .23229220E-02, .34985531E-01, .66880924E-02, .26678974E-02, .32391842E-01, 3.8961205
.15413690, .12139842, .77595454E-04, .21550381E-02, .32738455E-01, .31101668E-01, .41778032E-02, .31001458E-01, 3.9095728
.16289964, .12847969, .77750046E-04, .23700884E-02, .34419954E-01, .46920311E-01, .25215175E-02, .25503835E-01, 3.9070172
.18772230, .14817402, .52335635E-01, .27150512E-02, .39548289E-01, .19948820E-01, .12773073E-02, .25796477E-01, 3.8827145
.17650567, .13944641, .38173384E-03, .24823383E-02, .37059244E-01, .41424059E-02, .18874778E-02, .31014603E-01, 3.9245253
.15118499, .11963326, .78800302E-04, .19840007E-02, .31551719E-01, .22311220E-02, .48386762E-02, .35630111E-01, 3.9664924
.13853875, .10984316, .79348814E-04, .17786163E-02, .28695580E-01, .22973379E-01, .78929290E-02, .33878323E-01, 3.9881191
.13774344, .10941923, .79350386E-04, .18176446E-02, .28324213E-01, .70229471E-01, .77467919E-02, .29056814E-01, 3.9619336
.14747350, .11731992, .78965764E-04, .20540925E-02, .30153587E-01, .32926723E-01, .31828545E-02, .28286384E-01, 3.9700801
.14646739, .11669789, .79183665E-04, .20706893E-02, .29769484E-01, .26853805E-01, .35513630E-02, .30638661E-01, 3.9842675
.14799361, .11809152, .79319041E-04, .21774687E-02, .29902084E-01, .46987839E-01, .35228948E-02, .27226325E-01, 3.9783173
.16209996, .12949181, .26811908E-02, .24630511E-02, .32608155E-01, .29450141E-01, .21729202E-02, .26055139E-01, 3.9883754
.16282389, .13022462, .58587082E-02, .21815745E-02, .32599267E-01, .0000000, .19675184E-02, .35306878E-01, 4.0247679
.13993444, .11211894, .80817023E-04, .17243852E-02, .27815491E-01, .0000000, .37327216E-02, .35621680E-01, 4.0643754
.12523219, .10054524, .81516817E-04, .14766187E-02, .24686936E-01, .0000000, .72688409E-02, .35380810E-01, 4.1046400
.12263754, .98676249E-01, .82270264E-04, .14399089E-02, .23961313E-01, .0000000, .11723735E-01, .35141625E-01, 4.1486678
.13062853, .10531475, .82769708E-04, .15819884E-02, .25313795E-01, .38884107E-01, .13313249E-01, .32255568E-01, 4.1566114
.12851310, .10379410, .82939376E-04, .15787097E-02, .24719000E-01, .25111262E-01, .11006746E-01, .32787733E-01, 4.1754303
.12544958, .10150966, .83267325E-04, .15682476E-02, .23939924E-01, .24428198E-01, .11739867E-01, .32829594E-01, 4.1948938
