.15943399, .13329779, .86022454E-04, .20765034E-02, .26136212E-01, .60739804E-01, .11107340E-01, .25081558E-01, 4.2857876
.17218359, .14396040, .85620588E-04, .23639642E-02, .28223142E-01, .32327361E-01, .30738004E-02, .17912529E-01, 4.2921734
.17575096, .14693716, .85837906E-04, .24011245E-02, .28813791E-01, .18744543E-01, .17087852E-02, .17879779E-01, 4.3113289
.18298872, .15296713, .84945653E-02, .25962803E-02, .30021571E-01, .17477406E-01, .12773236E-02, .17838933E-01, 4.3239226
.18752354, .15671802, .52537091E-01, .26144674E-02, .30805532E-01, .15446662E-01, .11047322E-02, .17796757E-01, 4.2950988
.21381055, .17860925, .39269207E-02, .32632584E-02, .35201281E-01, .22916598E-01, .96804544E-03, .17756674E-01, 4.3110271
.18984210, .15848805, .86463813E-04, .27256799E-02, .31354047E-01, .11184903E-01, .11744463E-02, .17720042E-01, 4.3394256
.17528646, .14632547, .86843909E-04, .24580841E-02, .28961010E-01, .24918659E-01, .19601716E-02, .17669886E-01, 4.3527474
.15474410, .12916823, .87110027E-04, .20010588E-02, .25575886E-01, .26642899E-02, .15917540E-02, .20493822E-01, 4.3850269
.14713217, .12290911, .87642693E-04, .18980515E-02, .24223048E-01, .90365177E-02, .33741684E-02, .23970809E-01, 4.4114704
.14870866, .12429761, .88006673E-04, .20483534E-02, .24411058E-01, .22827378E-01, .45825131E-02, .23176456E-01, 4.4253654
.15649749, .13089518, .88126028E-04, .23891455E-02, .25602302E-01, .42238947E-01, .47613294E-02, .23828728E-01, 4.4208775
.15443076, .12918039, .88084016E-04, .22622421E-02, .25250386E-01, .19379888E-01, .31017303E-02, .17419012E-01, 4.4373631
.11506625, .96325859E-01, .88532724E-04, .14668958E-02, .18740393E-01, .0000000, .42994879E-02, .32929465E-01, 4.4687119
.97770460E-01, .82001269E-01, .89116504E-04, .11942219E-02, .15769189E-01, .0000000, .61096842E-02, .34119811E-01, 4.4991732
.97403303E-01, .81853777E-01, .89711692E-04, .12836052E-02, .15549522E-01, .0000000, .76772189E-02, .33890247E-01, 4.5308924
.11526370, .97023360E-01, .90220383E-04, .18227572E-02, .18240334E-01, .17756894E-01, .87097352E-02, .23971226E-01, 4.5480404
.16235207, .13671586, .63478164E-02, .23921495E-02, .25636196E-01, .43777425E-01, .59366003E-02, .16984113E-01, 4.5369616
.19932228, .16778730, .19535853E-01, .30327851E-02, .31535018E-01, .43985248E-01, .21891589E-02, .16993934E-01, 4.5139952
.17319222, .14572339, .16342707E-01, .23957274E-02, .27468823E-01, .10233317E-01, .14892000E-02, .16975857E-01, 4.5238452
.16618261, .13981514, .17989410E-01, .22459831E-02, .26367452E-01, .18495360E-01, .23557646E-02, .16925581E-01, 4.5237041
.17536949, .14751555, .37814569E-01, .24275212E-02, .27853930E-01, .20244025E-01, .19603821E-02, .16894722E-01, 4.5028968
.17941979, .15088582, .17827176E-01, .25251079E-02, .28533952E-01, .22366097E-01, .17600660E-02, .16861625E-01, 4.5003357
.18425322, .15489320, .73138498E-01, .26247785E-02, .29360009E-01, .19086273E-01, .14295129E-02, .16833551E-01, 4.4461427
.16487475, .13857283, .51374659E-01, .21603212E-02, .26301922E-01, .90457816E-02, .17990904E-02, .16790826E-01, 4.4215260
.13720244, .11535552, .24103949E-01, .15888436E-02, .21846920E-01, .0000000, .26574894E-02, .30556366E-01, 4.4302015
.13208199, .11119638, .88819186E-04, .15273610E-02, .20885605E-01, .0000000, .50816932E-02, .31739231E-01, 4.4644198
.13355017, .11255457, .89413246E-04, .16318447E-02, .20995582E-01, .34050806E-02, .83735967E-02, .29495934E-01, 4.4985275
.12451300, .10506077, .90001631E-04, .15600715E-02, .19452233E-01, .49133115E-02, .11128227E-01, .29330807E-01, 4.5324101
.12512463, .10569636, .90572401E-04, .16818297E-02, .19428276E-01, .11470733E-01, .13283111E-01, .26474062E-01, 4.5617437
.14087972, .11909668, .90920890E-04, .21546008E-02, .21783032E-01, .43427706E-01, .12350046E-01, .20987619E-01, 4.5600696
.12439723, .10521480, .91046415E-04, .18321114E-02, .19182421E-01, .15911708E-02, .92752567E-02, .24318350E-01, 4.5948772
.12274029, .10391511, .91616108E-04, .19448855E-02, .18825185E-01, .16988916E-01, .11878239E-01, .22868821E-01, 4.6164207
.14310437, .12120821, .14000904E-01, .21174571E-02, .21896183E-01, .28384412E-01, .10092662E-01, .16123502E-01, 4.6137733
.17368305, .14708368, .18434539E-01, .24190147E-02, .26599338E-01, .46264995E-01, .50586220E-02, .16127175E-01, 4.5881753
.17985766, .15225670, .13284432E-02, .25619995E-02, .27600905E-01, .38216438E-01, .29775074E-02, .16128736E-01, 4.5865107
.17689708, .14968543, .43826427E-01, .24892220E-02, .27211655E-01, .25540270E-01, .24027717E-02, .16121581E-01, 4.5541363
.15011372, .12700324, .39922774E-01, .18833675E-02, .23110479E-01, .90890686E-03, .29322440E-02, .21436859E-01, 4.5473309
.13362372, .11314524, .91166105E-04, .15935851E-02, .20478494E-01, .0000000, .59173759E-02, .31982880E-01, 4.5819063
.14352602, .12165219, .63323448E-02, .17979541E-02, .21873815E-01, .10840829E-01, .87814126E-02, .23181252E-01, 4.6034575
.16680530, .14138031, .61984141E-02, .23158705E-02, .25424968E-01, .48209473E-01, .79746386E-02, .15852198E-01, 4.5899968
.16237561, .13763814, .28736856E-01, .22039381E-02, .24737487E-01, .43030929E-01, .64787688E-02, .21801431E-01, 4.5571065
.16624671, .14088206, .69562979E-01, .22085528E-02, .25364630E-01, .19799603E-01, .33136036E-02, .15845360E-01, 4.5040803
.14577785, .12355987, .10790311E-01, .17702539E-02, .22217961E-01, .0000000, .46125608E-02, .28978543E-01, 4.5282164
.14801022, .12554432, .90719579E-04, .18655733E-02, .22465905E-01, .13504167E-01, .78390893E-02, .24230143E-01, 4.5529256
.15811010, .13417444, .90823378E-04, .22670107E-02, .23935672E-01, .59313953E-01, .88446280E-02, .21541690E-01, 4.5339003
.14115563, .11977594, .90581634E-04, .19933840E-02, .21379679E-01, .13757254E-01, .63097863E-02, .18930646E-01, 4.5556149
.14565371, .12367114, .90725123E-04, .24021652E-02, .21982545E-01, .56887314E-01, .82748942E-02, .21491578E-01, 4.5363574
.16204335, .13756733, .90095069E-04, .31303309E-02, .24476010E-01, .57291679E-01, .45939507E-02, .15655246E-01, 4.5147786
.14190771, .12046713, .89802168E-04, .28541978E-02, .21440567E-01, .39928533E-01, .44734720E-02, .15673170E-01, 4.5076847
.13792688, .11710664, .89636647E-04, .30280054E-02, .20820254E-01, .43850306E-01, .51766308E-02, .15678372E-01, 4.4965787
.13786174, .11705892, .89296191E-04, .31747548E-02, .20802824E-01, .41379157E-01, .44313208E-02, .15700353E-01, 4.4870367
.14463949, .12283647, .89111316E-04, .35727997E-02, .21803033E-01, .46106342E-01, .43901643E-02, .15708443E-01, 4.4733267
.18977582, .16111381, .88755747E-04, .60838894E-02, .28661998E-01, .49881820E-01, .34488724E-02, .15736265E-01, 4.4592471
.11734067, .99606656E-01, .88829394E-04, .20041820E-02, .17734006E-01, .30138881E-02, .37801010E-02, .18343752E-01, 4.4855208
.10723636, .91123395E-01, .89394860E-04, .17694250E-02, .16112953E-01, .22556032E-02, .69408370E-02, .22826059E-01, 4.5143251
.12564413, .10682849, .89921028E-04, .20383312E-02, .18815650E-01, .19309316E-01, .88043027E-02, .16232362E-01, 4.5303717
.17948888, .15260245, .35392668E-01, .27191900E-02, .26886415E-01, .58329184E-01, .47444371E-02, .15585176E-01, 4.4754267
.17393722, .14780410, .50546569E-02, .23611097E-02, .26133131E-01, .21303343E-01, .22255518E-02, .15592774E-01, 4.4849305
.19851714, .16860451, .89573266E-04, .31474358E-02, .29912671E-01, .53125687E-01, .27773178E-02, .15580256E-01, 4.4711223
.18301971, .15533422, .89226283E-04, .30036406E-02, .27685460E-01, .44440798E-01, .26188942E-02, .15601600E-01, 4.4637594
.18712011, .15871748, .88958805E-04, .34346310E-02, .28402623E-01, .40619180E-01, .23435024E-02, .15617362E-01, 4.4602261
.15219326, .12904903, .88884655E-04, .26981586E-02, .23144249E-01, .31997044E-01, .32689413E-02, .15616306E-01, 4.4617229
.15168868, .12862530, .88795663E-04, .32509475E-02, .23063365E-01, .49180087E-01, .47767460E-02, .15611967E-01, 4.4469070
.15830323, .13420512, .88314111E-04, .38224051E-02, .24098141E-01, .49419787E-01, .41579260E-02, .15646944E-01, 4.4316988
.12966076, .10993189, .88331508E-04, .20747827E-02, .19728871E-01, .10927457E-01, .46527549E-02, .15641894E-01, 4.4528551
.12275674, .10413700, .88681867E-04, .20489327E-02, .18619753E-01, .20362018E-01, .70319185E-02, .20816946E-01, 4.4658713
.11518670, .97788319E-01, .88879220E-04, .21607785E-02, .17398382E-01, .29199800E-01, .90878503E-02, .21416958E-01, 4.4707708
.13663523, .11604260, .88670044E-04, .32743558E-02, .20592630E-01, .59806231E-01, .79535823E-02, .15562584E-01, 4.4460106
.11956345, .10156524, .88263012E-04, .28493991E-02, .17998213E-01, .38201738E-01, .62427782E-02, .15594795E-01, 4.4389749
.10900603, .92642561E-01, .88176566E-04, .27347472E-02, .16363474E-01, .32201983E-01, .71328338E-02, .15596646E-01, 4.4373083
.10676816, .90798661E-01, .88173460E-04, .31044977E-02, .15969509E-01, .37059546E-01, .89657046E-02, .15591849E-01, 4.4318576
.13074301, .11123401, .87875174E-04, .50792550E-02, .19509010E-01, .49762938E-01, .81828563E-02, .15614138E-01, 4.4144855
.84887549E-01, .72258532E-01, .87805653E-04, .25390750E-02, .12629015E-01, .15091069E-01, .77931401E-02, .15616888E-01, 4.4270563
.11379152, .96940845E-01, .87938657E-04, .25126878E-02, .16850684E-01, .39095249E-01, .83932821E-02, .15598208E-01, 4.4204693
.13556431, .11551610, .87725581E-04, .24987487E-02, .20048223E-01, .40055033E-01, .59328359E-02, .15613263E-01, 4.4136720
.14440675, .12306617, .87564273E-04, .29730520E-02, .21340575E-01, .50790623E-01, .54713762E-02, .15622382E-01, 4.3964996
.14786460, .12601466, .87193686E-04, .33657188E-02, .21849938E-01, .52919723E-01, .49289223E-02, .15649527E-01, 4.3767705
.16639523, .14178216, .86751417E-04, .44034179E-02, .24613064E-01, .57793342E-01, .44768937E-02, .15683800E-01, 4.3534408
.16453360, .14015511, .86326712E-04, .49186656E-02, .24378486E-01, .52104175E-01, .44394149E-02, .15718143E-01, 4.3350143
.14362909, .12233142, .85981854E-04, .46686162E-02, .21297662E-01, .46696734E-01, .56594778E-02, .15744692E-01, 4.3203831
.12086233, .10296642, .85702988E-04, .38063610E-02, .17895903E-01, .47536328E-01, .77337255E-02, .15763769E-01, 4.3044505
.17544091, .14947802, .85120169E-04, .38774090E-02, .25962885E-01, .84948637E-01, .62302011E-02, .15808506E-01, 4.2575970
.22223870, .18918023, .10638077E-03, .34136523E-02, .33058483E-01, .62814362E-01, .25816925E-02, .15873834E-01, 4.2367692
.20778525, .17670541, .84071282E-04, .31501020E-02, .31079849E-01, .58534253E-01, .27361868E-02, .15899895E-01, 4.2186799
.21794859, .18517143, .83687941E-04, .37124411E-02, .32777138E-01, .59435517E-01, .24844855E-02, .15933219E-01, 4.2005744
.17312612, .14697674, .83430838E-04, .27844775E-02, .26149394E-01, .40904071E-01, .30568847E-02, .15956208E-01, 4.1958737
.15497106, .13154009, .83261752E-04, .27545481E-02, .23430973E-01, .49033217E-01, .46562455E-02, .15966119E-01, 4.1819553
.17167935, .14570181, .82839819E-04, .41070874E-02, .25977548E-01, .67163259E-01, .54226648E-02, .15997913E-01, 4.1518683
.12097350, .10266286, .82432700E-04, .26095957E-02, .18310636E-01, .34062479E-01, .60797059E-02, .16031180E-01, 4.1493707
.11466411, .97363763E-01, .82379207E-04, .28733185E-02, .17300352E-01, .46022058E-01, .95691476E-02, .16030010E-01, 4.1371269
.12334810, .10478682, .81961320E-04, .36076009E-02, .18561307E-01, .60263682E-01, .10203578E-01, .16063029E-01, 4.1118016
.10879524, .92461623E-01, .81541089E-04, .30472805E-02, .16333621E-01, .40616855E-01, .91789179E-02, .16097886E-01, 4.1034322
.10061785, .85577346E-01, .81457867E-04, .29655271E-02, .15040488E-01, .42559970E-01, .12301192E-01, .16101219E-01, 4.0950327
.10909335, .92851840E-01, .81201913E-04, .38723913E-02, .16241526E-01, .54019254E-01, .14737128E-01, .16124792E-01, 4.0779037
.11210697, .95472962E-01, .80854465E-04, .45293481E-02, .16634017E-01, .52960467E-01, .15586577E-01, .16186008E-01, 4.0624199
.10922360, .93069114E-01, .80573438E-04, .47477572E-02, .16154485E-01, .48642281E-01, .16570522E-01, .16315386E-01, 4.0515389
.12066106, .10288177, .80236030E-04, .40336950E-02, .17779291E-01, .77491194E-01, .17052881E-01, .16292844E-01, 4.0146317
.13984910, .11926473, .79312937E-04, .37685714E-02, .20584352E-01, .79268478E-01, .11028509E-01, .16303930E-01, 3.9729974
.13539368, .11548892, .78612255E-04, .38758214E-02, .19904731E-01, .68174317E-01, .10327145E-01, .16363133E-01, 3.9409714
.10125625, .86408429E-01, .77608485E-04, .24091566E-02, .14847822E-01, .94030261E-01, .11756172E-01, .16413072E-01, 3.8809302
.11478085, .98022141E-01, .76308563E-04, .31267533E-02, .16758723E-01, .12178997, .15419393E-01, .16457094E-01, 3.7979858
.11622345, .99305369E-01, .74614203E-04, .37866696E-02, .16918086E-01, .12005037, .15945235E-01, .16541982E-01, 3.7168081
.98745994E-01, .84423445E-01, .73105424E-04, .32927811E-02, .14322529E-01, .10709898, .18559268E-01, .16647937E-01, 3.6490953
.92790440E-01, .79404667E-01, .71891918E-04, .34513085E-02, .13385779E-01, .10210470, .23816539E-01, .16945915E-01, 3.5905402
.10430193, .89328803E-01, .70722308E-04, .47321813E-02, .14973142E-01, .10211943, .25647156E-01, .17610364E-01, 3.5341084
.96897960E-01, .83052740E-01, .69683862E-04, .44824253E-02, .13845245E-01, .94292022E-01, .28312452E-01, .18452669E-01, 3.4872923
.90154968E-01, .77351935E-01, .68873524E-04, .43204254E-02, .12803021E-01, .87190032E-01, .33121224E-01, .19501574E-01, 3.4515073
.99750280E-01, .85673727E-01, .68227542E-04, .54636220E-02, .14076557E-01, .83685830E-01, .35685401E-01, .20684449E-01, 3.4219224
.10184411, .87556511E-01, .67411864E-04, .35992838E-02, .14287593E-01, .13232400, .37730128E-01, .18512307E-01, 3.3478189
.15124229, .13007499, .65098437E-04, .27231551E-02, .21167289E-01, .19063523, .20966174E-01, .16994562E-01, 3.2063999
.16757426, .14409401, .62553147E-04, .26937926E-02, .23480291E-01, .15036646, .92443889E-02, .17149772E-01, 3.0958719
.16398463, .14098370, .60568349E-04, .28268085E-02, .23000900E-01, .13221416, .73566395E-02, .17249806E-01, 3.0009990
.15002763, .12897076, .58781006E-04, .25019750E-02, .21056876E-01, .11956618, .72268406E-02, .17331617E-01, 2.9170265
.14340451, .12329137, .57095443E-04, .24921382E-02, .20113138E-01, .12188961, .87690158E-02, .17403306E-01, 2.8313413
.13027285, .11203205, .55426830E-04, .25055464E-02, .18240783E-01, .11921357, .11302195E-01, .17475702E-01, 2.7489800
.14332807, .12330142, .53692413E-04, .28242834E-02, .20026654E-01, .13927570, .13408929E-01, .17556012E-01, 2.6501319
.20639946, .17750296, .51546984E-04, .40854509E-02, .28896494E-01, .15064733, .90378905E-02, .17676141E-01, 2.5431528
.22048542, .18944718, .49551458E-04, .37679321E-02, .31038232E-01, .14403607, .66830800E-02, .17784722E-01, 2.4428911
.22931062, .19682540, .47562149E-04, .29955888E-02, .32485198E-01, .14630400, .54366481E-02, .17890755E-01, 2.3413358
.21087712, .18083295, .45653956E-04, .27113841E-02, .30044165E-01, .13412446, .53106030E-02, .17987855E-01, 2.2496789
.19600415, .16796309, .43840602E-04, .26640152E-02, .28041046E-01, .13161190, .63029872E-02, .18075671E-01, 2.1595740
.18674432, .15995072, .42046395E-04, .28472231E-02, .26793595E-01, .12864214, .74829585E-02, .18162496E-01, 2.0721900
.19581604, .16765720, .40349896E-04, .32950281E-02, .28158832E-01, .13019758, .80238655E-02, .18242242E-01, 1.9847094
.29423779, .25158003, .32210637E-01, .24115273E-02, .42657804E-01, .16103198, .41927379E-02, .18351641E-01, 1.8457729
.28562486, .24375705, .52553345E-03, .21956910E-02, .41867834E-01, .13610145, .31498072E-02, .18444227E-01, 1.7618358
.28728819, .24472322, .68879668E-02, .21070545E-02, .42565018E-01, .13574845, .31366802E-02, .18525651E-01, 1.6726620
.28740957, .24437717, .32769960E-04, .20236163E-02, .43032419E-01, .13181219, .29634985E-02, .18604439E-01, 1.5946574
.29295987, .24862757, .32087069E-02, .20059517E-02, .44332277E-01, .13396916, .30718793E-02, .18683471E-01, 1.5127450
.27477735, .23278941, .10807167E-02, .17822752E-02, .41987978E-01, .13370599, .34309081E-02, .18760188E-01, 1.4314629
.25589988, .21647781, .28489634E-04, .17840257E-02, .39422061E-01, .73313050E-01, .38936178E-02, .18825149E-01, 1.4095211
.23736687, .20056872, .28017006E-04, .19042018E-02, .36798123E-01, .68661168E-01, .44395817E-02, .18869340E-01, 1.3900326
.21303904, .17986135, .27592845E-04, .19401734E-02, .33177722E-01, .67871511E-01, .57735676E-02, .18908881E-01, 1.3690124
.22509941, .18990406, .27105058E-04, .22348484E-02, .35195366E-01, .70139654E-01, .59553566E-02, .18955633E-01, 1.3476298
.20951557, .17663179, .26707356E-04, .21791982E-02, .32883745E-01, .65544270E-01, .65633892E-02, .18995894E-01, 1.3291944
.20199974, .17020968, .26316426E-04, .22135100E-02, .31790048E-01, .64331353E-01, .71813143E-02, .19034753E-01, 1.3114616
.19608125, .16515668, .25950423E-04, .21653038E-02, .30924574E-01, .66255718E-01, .80094049E-02, .19071380E-01, 1.2918164
.21407150, .18022402, .25456204E-04, .20222350E-02, .33847470E-01, .78268819E-01, .74104802E-02, .19119682E-01, 1.2626257
.21356440, .17968433, .24946541E-04, .20852608E-02, .33880055E-01, .67332976E-01, .65790955E-02, .19171301E-01, 1.2435095
.21442664, .18030757, .24630845E-04, .23435680E-02, .34119066E-01, .60026225E-01, .65040756E-02, .19205948E-01, 1.2316061
.19452727, .16349000, .24434979E-04, .22272039E-02, .31037256E-01, .53920873E-01, .72781034E-02, .19230977E-01, 1.2236161
.16644943, .13988285, .24251322E-04, .19476830E-02, .26566595E-01, .53298496E-01, .94926339E-02, .19250393E-01, 1.2142727
.16105367, .13537395, .24063793E-04, .20997154E-02, .25679763E-01, .52303739E-01, .11447685E-01, .19270960E-01, 1.2068398
.14469832, .12166055, .23962040E-04, .19940911E-02, .23037793E-01, .46590146E-01, .13672153E-01, .19311262E-01, 1.2048088
.14647114, .12321001, .23960665E-04, .23304028E-02, .23261145E-01, .43883927E-01, .16046137E-01, .19463651E-01, 1.2077457
.14295909, .12030527, .24084646E-04, .24844911E-02, .22653822E-01, .37352715E-01, .17210448E-01, .19814797E-01, 1.2176160
.12487397, .10515594, .24315617E-04, .20714728E-02, .19718070E-01, .37645254E-01, .20523896E-01, .19999353E-01, 1.2279848
.13618574, .11476187, .24225346E-04, .16354639E-02, .21423867E-01, .76164082E-01, .22301186E-01, .19323800E-01, 1.2037534
.15699553, .13235629, .23578950E-04, .15146423E-02, .24639251E-01, .96230008E-01, .18592397E-01, .19374697E-01, 1.1590847
.26865637, .22635882, .16289098E-01, .12156179E-02, .42297550E-01, .12260116, .64040739E-02, .19488607E-01, 1.0775480
.30970123, .26051491, .21418708E-04, .16157819E-02, .49186312E-01, .82483120E-01, .34756474E-02, .19557865E-01, 1.0559571
.29139069, .24464780, .21114523E-04, .17006431E-02, .46742894E-01, .67183569E-01, .33670240E-02, .19599821E-01, 1.0470294
.27873647, .23365185, .20912441E-04, .18995064E-02, .45084629E-01, .62906586E-01, .37163573E-02, .19631550E-01, 1.0408707
.25408354, .21271746, .16581798E-01, .12324729E-02, .41366100E-01, .80110028E-01, .40873750E-02, .19663967E-01, .99826759
.29797509, .24910825, .92866095E-02, .12851513E-02, .48866875E-01, .82268693E-01, .34311973E-02, .19713184E-01, .96759409
.34502220, .28783083, .21566018E-02, .17143181E-02, .57191372E-01, .76536909E-01, .30117938E-02, .19761045E-01, .95725864
.31785175, .26457781, .19175928E-04, .17235178E-02, .53273931E-01, .73465303E-01, .34714427E-02, .19800834E-01, .94866508
.30386516, .25245643, .19008330E-04, .18833219E-02, .51408716E-01, .65955058E-01, .36040612E-02, .19838793E-01, .94568968
.28440976, .23590448, .18930526E-04, .19322973E-02, .48505247E-01, .61772361E-01, .39480994E-02, .19868270E-01, .94428867
.24892585, .20623164, .18829174E-04, .16893705E-02, .42694204E-01, .66086560E-01, .50005810E-02, .19893084E-01, .93405771
.33375958, .27608973, .34746122E-01, .14787645E-02, .57669796E-01, .89251786E-01, .35061012E-02, .19941770E-01, .87962604
.33157215, .27369222, .10461375E-02, .13957968E-02, .57879888E-01, .76207563E-01, .30212693E-02, .19985864E-01, .87174690
.33256298, .27393487, .17508271E-04, .14357215E-02, .58628168E-01, .77299796E-01, .31304238E-02, .20026308E-01, .86462152
.33385539, .27441788, .20604478E-02, .13871806E-02, .59437532E-01, .79003967E-01, .31359021E-02, .20068208E-01, .85461205
.32862175, .26956818, .12811952E-02, .13385516E-02, .59053540E-01, .64334407E-01, .24357757E-02, .20102803E-01, .85901642
.34973845, .28627583, .50837756E-04, .16188087E-02, .63462600E-01, .73187761E-01, .29496208E-02, .20129887E-01, .86044037
.34919438, .28518242, .17413671E-04, .20122279E-02, .64011954E-01, .61482698E-01, .28419143E-02, .20162484E-01, .87365121
.32791570, .26723328, .17709212E-04, .23051747E-02, .60682442E-01, .53758819E-01, .31527388E-02, .20179169E-01, .89127368
.39657879, .32246757, .51036268E-02, .23164048E-02, .74111283E-01, .72604336E-01, .26967030E-02, .20199772E-01, .89792621
.38694206, .31368622, .42654183E-02, .18874924E-02, .73255889E-01, .67081742E-01, .24540112E-02, .20223962E-01, .91027045
.35205257, .28470856, .54214210E-02, .16271551E-02, .67344002E-01, .73956788E-01, .28212152E-02, .20253872E-01, .90929949
.33597121, .27114224, .61635994E-02, .14963449E-02, .64829029E-01, .71846120E-01, .27651745E-02, .20287471E-01, .90725696
.31942883, .25732148, .20625219E-02, .13701760E-02, .62107369E-01, .77518836E-01, .31526752E-02, .20321788E-01, .90143436
.34963509, .28113467, .50350007E-01, .15497872E-02, .68500452E-01, .78795724E-01, .29527391E-02, .20363847E-01, .85206139
.35860872, .28771994, .34184851E-01, .15559364E-02, .70888773E-01, .63341595E-01, .23128120E-02, .20393744E-01, .83604974
.36468375, .29194215, .25910579E-01, .15838210E-02, .72741657E-01, .70784643E-01, .25723963E-02, .20417003E-01, .82295370
.33075449, .26424494, .42336863E-01, .13027586E-02, .66509590E-01, .71041420E-01, .28258981E-02, .20443697E-01, .78747720
.41495430, .33076105, .98407478E-03, .20138486E-02, .84193327E-01, .59932243E-01, .20236310E-02, .20473503E-01, .82063329
.42895949, .34087184, .17021950E-04, .26618945E-02, .88087589E-01, .45224473E-01, .17992075E-02, .20477155E-01, .87248588
.38634565, .30615133, .18014487E-04, .30586857E-02, .80194317E-01, .36405940E-01, .19063698E-02, .20466985E-01, .92497331
.33287337, .26321697, .18986611E-04, .31562455E-02, .69656402E-01, .31934235E-01, .22526728E-02, .20446964E-01, .97164208
.29131109, .23002984, .19806010E-04, .32830697E-02, .61281256E-01, .32240883E-01, .31358716E-02, .20424740E-01, 1.0103840
.24443668, .19286685, .20483461E-04, .32187989E-02, .51569816E-01, .29531315E-01, .41759205E-02, .20402813E-01, 1.0432264
.21049424, .16605513, .21073649E-04, .31227311E-02, .44439130E-01, .27959522E-01, .56243241E-02, .20380925E-01, 1.0720537
.18283562, .14427291, .21604177E-04, .30102816E-02, .38562715E-01, .26404189E-01, .78620836E-02, .20470422E-01, 1.0989105
.28356209, .22377484, .25454797E-02, .28205228E-02, .59787236E-01, .95737241E-01, .81286011E-02, .20449663E-01, 1.0755901
.43411022, .34177664, .35381354E-02, .29706280E-02, .92333645E-01, .65625310E-01, .21858893E-02, .20415505E-01, 1.1078430
.40115303, .31493813, .51441114E-01, .26308466E-02, .86214945E-01, .61134789E-01, .20456535E-02, .20428799E-01, 1.0907650
.42973566, .33644229, .17701419E-02, .30079135E-02, .93293339E-01, .54517820E-01, .18257266E-02, .20441486E-01, 1.1364559
.45734701, .35695297, .97260904E-02, .34498656E-02, .10039400, .49070831E-01, .14918238E-02, .20443978E-01, 1.1859630
.49456376, .38460764, .24616924E-04, .42112540E-02, .10995621, .36171585E-01, .11326519E-02, .20433545E-01, 1.2665123
.42829788, .33194256, .26069141E-04, .42019892E-02, .96355237E-01, .40883556E-01, .16624379E-02, .20413497E-01, 1.3292857
.36047873, .27871615, .27110931E-04, .43026293E-02, .81762522E-01, .41030746E-01, .22535783E-02, .20404512E-01, 1.3778088
.30917341, .23868434, .27958135E-04, .43608011E-02, .70489064E-01, .36384027E-01, .26782139E-02, .20393929E-01, 1.4200711
.27471501, .21188894, .28695036E-04, .42132651E-02, .62826052E-01, .38195014E-01, .32904206E-02, .20379307E-01, 1.4536176
.34825936, .26836306, .23021851E-01, .35692474E-02, .79896256E-01, .72613522E-01, .29623907E-02, .20384312E-01, 1.4471396
.37995434, .29218328, .17641934E-01, .30307041E-02, .87771013E-01, .66047162E-01, .22117852E-02, .20410527E-01, 1.4602702
.38116643, .29251170, .25454776E-01, .30600156E-02, .88654771E-01, .68639345E-01, .22743198E-02, .20436503E-01, 1.4639125
.40663499, .31136003, .29839668E-04, .37051521E-02, .95274903E-01, .57689883E-01, .18885729E-02, .20457057E-01, 1.5095190
.40401527, .30861169, .30823478E-04, .45219809E-02, .95403597E-01, .44473045E-01, .16952632E-02, .20461399E-01, 1.5674598
.36225078, .27613062, .31930205E-04, .50358973E-02, .86120129E-01, .36318325E-01, .18826355E-02, .20450428E-01, 1.6239443
.30836076, .23472732, .32911779E-04, .51398482E-02, .73633440E-01, .33764292E-01, .24175006E-02, .20432560E-01, 1.6709260
.27741221, .21100499, .33756001E-04, .56009786E-02, .66407233E-01, .30143613E-01, .29351234E-02, .20412451E-01, 1.7143583
.23503523, .17872180, .34541645E-04, .54804753E-02, .56313440E-01, .25587352E-01, .37083090E-02, .20385422E-01, 1.7531453
.21031755, .15995827, .35256318E-04, .55719721E-02, .50359286E-01, .23550747E-01, .47608223E-02, .20362100E-01, 1.7889752
.19233207, .14634763, .35944162E-04, .57644681E-02, .45984436E-01, .19992368E-01, .58631580E-02, .20483335E-01, 1.8248979
.17140509, .13052455, .36652105E-04, .56867334E-02, .40880524E-01, .15622661E-01, .73309476E-02, .21001449E-01, 1.8616314
.16057432, .12240189, .37404207E-04, .60402369E-02, .38172416E-01, .10060351E-01, .91764480E-02, .22318611E-01, 1.9027098
.14811458, .11305272, .38274957E-04, .62294751E-02, .35061847E-01, .32399665E-02, .11591739E-01, .24398439E-01, 1.9497236
.13946846, .10662193, .39246104E-04, .63847853E-02, .32846544E-01, .10254327E-04, .14439875E-01, .26511446E-01, 2.0004432
.13623004, .10433123, .40271421E-04, .67478037E-02, .31898808E-01, .0000000, .17782122E-01, .28379994E-01, 2.0532057
.13506413, .10363555, .41301733E-04, .60301097E-02, .31428568E-01, .13033217E-01, .21730231E-01, .26143044E-01, 2.0971310
.18465167, .14182702, .41601666E-04, .55323979E-02, .42824678E-01, .67800231E-01, .17147824E-01, .19970782E-01, 2.0935998
.17979978, .13818510, .41752388E-04, .64222417E-02, .41614696E-01, .37546791E-01, .12497606E-01, .20434536E-01, 2.1135724
.16155913, .12427502, .42313364E-04, .65668863E-02, .37284121E-01, .20587621E-01, .12197985E-01, .21561153E-01, 2.1457283
.19331005, .14880775, .42713040E-04, .60188780E-02, .44502325E-01, .51534120E-01, .11222314E-01, .19942977E-01, 2.1537278
.19330090, .14886522, .42942385E-04, .61055007E-02, .44435676E-01, .42948648E-01, .90108495E-02, .19943841E-01, 2.1679471
.25803214, .19875364, .43144821E-04, .59885830E-02, .59278511E-01, .70844360E-01, .65167714E-02, .19943232E-01, 2.1667368
.34615782, .26630250, .43434655E-04, .63677039E-02, .79855390E-01, .48622448E-01, .22244812E-02, .19977210E-01, 2.2036543
.39375663, .30234972, .12221755E-01, .63095456E-02, .91406986E-01, .49493514E-01, .15780716E-02, .19973719E-01, 2.2384858
.42088339, .32233912, .10099445E-01, .56473026E-02, .98544285E-01, .51514588E-01, .14515558E-02, .19971877E-01, 2.2810912
.39325699, .30041984, .23310382E-01, .50996616E-02, .92837214E-01, .59180956E-01, .17655584E-02, .19978503E-01, 2.2979729
.36163893, .27569485, .46433561E-04, .47030132E-02, .85944124E-01, .60258102E-01, .19691256E-02, .20025419E-01, 2.3307498
.33412847, .25432807, .46929326E-04, .47389036E-02, .79800390E-01, .60735188E-01, .22248374E-02, .20077026E-01, 2.3571236
.32072666, .24380003, .47382127E-04, .51502832E-02, .76926559E-01, .60313426E-01, .25680189E-02, .20033568E-01, 2.3809781
.29950413, .22742334, .47806399E-04, .55758287E-02, .72080761E-01, .51490389E-01, .26013106E-02, .20052267E-01, 2.4084160
.27407792, .20796801, .48301048E-04, .59934198E-02, .66109896E-01, .45068856E-01, .28818147E-02, .20057241E-01, 2.4361677
.25731754, .19516990, .48812501E-04, .66000437E-02, .62147629E-01, .39284851E-01, .31310357E-02, .20054698E-01, 2.4653823
.23917152, .18136500, .49380989E-04, .70481729E-02, .57806522E-01, .34846779E-01, .36973320E-02, .20043425E-01, 2.4948120
.20735450, .15726179, .49890587E-04, .67322548E-02, .50092734E-01, .33591356E-01, .49237688E-02, .20028351E-01, 2.5193262
.18852565, .14305644, .50322953E-04, .67038601E-02, .45469239E-01, .32702737E-01, .62571242E-02, .20021195E-01, 2.5414665
.17668647, .13416529, .50754759E-04, .68945698E-02, .42521186E-01, .29719144E-01, .74424269E-02, .20091679E-01, 2.5646372
.16610982, .12625147, .51219478E-04, .71225544E-02, .39858367E-01, .25410272E-01, .84916111E-02, .20357644E-01, 2.5902729
.21038722, .16003507, .51555802E-04, .63382350E-02, .50352156E-01, .67758769E-01, .84050801E-02, .20172864E-01, 2.5847521
.27811795, .21148580, .51492752E-04, .65107211E-02, .66632211E-01, .60514718E-01, .37111454E-02, .20005275E-01, 2.5978892
.24508178, .18628465, .51857773E-04, .58180601E-02, .58797166E-01, .50781738E-01, .36988482E-02, .20016104E-01, 2.6136043
.28857732, .21928348, .51995561E-04, .51648244E-02, .69293879E-01, .81992656E-01, .36619052E-02, .20040423E-01, 2.6092205
.36664194, .27821201, .25520899E-03, .52322452E-02, .88429898E-01, .71709476E-01, .21180292E-02, .20091781E-01, 2.6324427
.38359445, .29050684, .13640242E-01, .57810410E-02, .93087599E-01, .62818117E-01, .18305375E-02, .20111602E-01, 2.6549926
.36657536, .27709115, .36057994E-01, .52730963E-02, .89484185E-01, .65218426E-01, .19350830E-02, .20134442E-01, 2.6497324
.39222625, .29590917, .37055518E-01, .59971097E-02, .96317112E-01, .59904583E-01, .16577094E-02, .20157507E-01, 2.6546209
.35633278, .26832294, .10525881E-01, .50918418E-02, .88009804E-01, .62251374E-01, .18700792E-02, .20184573E-01, 2.6765032
.34614527, .26025632, .13312561E-01, .49101268E-02, .85888959E-01, .63203283E-01, .19068021E-02, .20278489E-01, 2.6927435
.31015390, .23293012, .27238889E-01, .40762182E-02, .77223770E-01, .56416079E-01, .18382800E-02, .20756818E-01, 2.6939440
.34575805, .25937995, .54287018E-04, .51880153E-02, .86378098E-01, .61135184E-01, .18775404E-02, .20369425E-01, 2.7256947
.34231982, .25643843, .54922431E-04, .57499069E-02, .85881338E-01, .54685123E-01, .18537252E-02, .20253940E-01, 2.7628100
.30784127, .23036289, .55508255E-04, .57473066E-02, .77478349E-01, .55314600E-01, .22696313E-02, .20291584E-01, 2.7913101
.29297045, .21907127, .55985831E-04, .60681156E-02, .73899180E-01, .53040411E-01, .24246858E-02, .20267550E-01, 2.8183408
.31459481, .23505901, .56470923E-04, .59469510E-02, .79535790E-01, .60722776E-01, .23419608E-02, .20266488E-01, 2.8433630
.32876214, .24538818, .57008285E-04, .61488147E-02, .83374023E-01, .56644697E-01, .20453383E-02, .20284932E-01, 2.8758032
.29097438, .21699388, .57618730E-04, .61154836E-02, .73980495E-01, .48955370E-01, .22477668E-02, .20295648E-01, 2.9067738
.26452953, .19720028, .58132544E-04, .62172343E-02, .67329273E-01, .48002433E-01, .26046420E-02, .20306936E-01, 2.9323008
.24430975, .18210952, .58582842E-04, .59645753E-02, .62200233E-01, .47651228E-01, .29319476E-02, .20330012E-01, 2.9536295
.27391222, .20416662, .58931339E-04, .60282946E-02, .69745593E-01, .61114248E-01, .28539472E-02, .20334795E-01, 2.9688976
.34690201, .25834131, .59385835E-04, .60867872E-02, .88560715E-01, .64750753E-01, .19729263E-02, .20342523E-01, 2.9984045
.31951073, .23766309, .60048784E-04, .60459166E-02, .81847630E-01, .53638667E-01, .19364950E-02, .20367080E-01, 3.0323129
.28540820, .21215191, .60598650E-04, .57303733E-02, .73256306E-01, .57798579E-01, .24698237E-02, .20398473E-01, 3.0543211
.35188964, .26135078, .44266945E-02, .59032016E-02, .90538874E-01, .60798921E-01, .16730853E-02, .20455392E-01, 3.0852752
.36853376, .27328822, .62209379E-04, .66976165E-02, .95245548E-01, .53024624E-01, .15281854E-02, .20378357E-01, 3.1321347
.32953843, .24405704, .62966647E-04, .63772635E-02, .85481375E-01, .53492341E-01, .17855905E-02, .20405905E-01, 3.1693387
.28949264, .21422961, .63592270E-04, .57535605E-02, .75263016E-01, .50384868E-01, .19843825E-02, .20489441E-01, 3.2002554
.27526975, .20363879, .64089043E-04, .57091615E-02, .71630970E-01, .52422944E-01, .21948603E-02, .20507401E-01, 3.2257555
.27483284, .20326351, .64503241E-04, .58885184E-02, .71569324E-01, .56967646E-01, .24223393E-02, .20516019E-01, 3.2466967
.26481414, .19580775, .64876462E-04, .62159090E-02, .69006369E-01, .55513401E-01, .26838838E-02, .20446071E-01, 3.2664635
.24307629, .17973424, .65213790E-04, .62006572E-02, .63342057E-01, .51781602E-01, .29357183E-02, .20502795E-01, 3.2845647
.22137366, .16374885, .65485343E-04, .58943792E-02, .57624798E-01, .53129505E-01, .34934017E-02, .20592533E-01, 3.2964652
.21188155, .15680858, .65682652E-04, .59453812E-02, .55072963E-01, .52521121E-01, .38418958E-02, .20623239E-01, 3.3067188
.24221814, .17935954, .65835542E-04, .58681066E-02, .62858582E-01, .64792708E-01, .32997353E-02, .20626908E-01, 3.3120205
.29013395, .21479100, .35384537E-02, .59373183E-02, .75342961E-01, .64842664E-01, .24516615E-02, .20586869E-01, 3.3253672
.30679289, .22697958, .10550091, .49749329E-02, .79813279E-01, .65847762E-01, .20354011E-02, .21088604E-01, 3.2407644
.32073680, .23712991, .37809033E-01, .52831443E-02, .83606884E-01, .64763598E-01, .19443461E-02, .20806253E-01, 3.2283301
.34054637, .25153211, .25360035E-01, .58623073E-02, .89014217E-01, .53596064E-01, .14971392E-02, .20623393E-01, 3.2438927
.30448559, .22467965, .52784510E-01, .48712259E-02, .79805873E-01, .42609181E-01, .13483682E-02, .21251563E-01, 3.2346520
.29146445, .21498509, .65057175E-04, .47798818E-02, .76479360E-01, .57799052E-01, .19262730E-02, .21560887E-01, 3.2602847
.26549962, .19580929, .65420892E-04, .46735271E-02, .69690317E-01, .55187095E-01, .20866229E-02, .22078628E-01, 3.2820065
.26301920, .19398613, .65775501E-04, .53281421E-02, .69033042E-01, .53723335E-01, .22222984E-02, .21469465E-01, 3.3040152
.21806161, .16085689, .66157285E-04, .43269251E-02, .57204716E-01, .43122020E-01, .23106097E-02, .21985669E-01, 3.3258848
.19938362, .14721014, .66402506E-04, .42095650E-02, .52173465E-01, .53526703E-01, .34394800E-02, .22516157E-01, 3.3335674
.19364922, .14311901, .66435496E-04, .45542163E-02, .50530203E-01, .57467278E-01, .40534358E-02, .22034260E-01, 3.3359346
.20726144, .15330759, .66439825E-04, .46666404E-02, .53953823E-01, .62125001E-01, .36982105E-02, .21691035E-01, 3.3365991
.26400420, .19536187, .12296690E-03, .41066897E-02, .68642311E-01, .55304896E-01, .18716840E-02, .22454223E-01, 3.3574488
.28691000, .21226701, .67145003E-04, .48737307E-02, .74643023E-01, .54078002E-01, .17843092E-02, .21751219E-01, 3.3847294
.25286782, .18707813, .67585148E-04, .45141596E-02, .65789662E-01, .51931288E-01, .20329382E-02, .22467168E-01, 3.4059091
.22060439, .16328096, .67947112E-04, .41705286E-02, .57323471E-01, .49491700E-01, .24511933E-02, .23142874E-01, 3.4218247
.20608336, .15264878, .68185327E-04, .43276921E-02, .53434607E-01, .51653404E-01, .29801426E-02, .22757100E-01, 3.4320610
.19668552, .14581153, .68344430E-04, .45896224E-02, .50873987E-01, .51378284E-01, .33789321E-02, .22195419E-01, 3.4401479
.18776986, .13933866, .68476271E-04, .47370582E-02, .48431166E-01, .50718535E-01, .37645823E-02, .22045916E-01, 3.4466894
.18280458, .13579831, .68589950E-04, .50420333E-02, .47006302E-01, .49863458E-01, .41363384E-02, .21745460E-01, 3.4527292
.17547202, .13048363, .68700996E-04, .50624129E-02, .44988398E-01, .48913307E-01, .45085568E-02, .21342229E-01, 3.4580510
.15625805, .11633460, .68785754E-04, .44602533E-02, .39923429E-01, .45514923E-01, .52025151E-02, .22228461E-01, 3.4630039
.13260789, .98898843E-01, .68863184E-04, .37554633E-02, .33709053E-01, .42977177E-01, .66605960E-02, .23755817E-01, 3.4664419
.12146987, .90777144E-01, .68939204E-04, .36158450E-02, .30692708E-01, .41566946E-01, .81978142E-02, .24553863E-01, 3.4699512
.12655374, .94767794E-01, .68979491E-04, .42253248E-02, .31785958E-01, .45679390E-01, .91679385E-02, .23367954E-01, 3.4708014
.12941033, .97077377E-01, .68981797E-04, .46799690E-02, .32332934E-01, .44923488E-01, .92067961E-02, .22219334E-01, 3.4725392
.12865888, .96679218E-01, .69038215E-04, .49677957E-02, .31979665E-01, .41673437E-01, .93095740E-02, .21693017E-01, 3.4769883
.12397084, .93312666E-01, .69146685E-04, .50049750E-02, .30658182E-01, .38152263E-01, .97814733E-02, .21559596E-01, 3.4840720
.11382402, .85835025E-01, .69315378E-04, .46901982E-02, .27988989E-01, .33969339E-01, .10881615E-01, .22175157E-01, 3.4940841
.10670484, .80633529E-01, .69556685E-04, .46044108E-02, .26071316E-01, .30823287E-01, .12677921E-01, .22939457E-01, 3.5072060
.11673181, .88379025E-01, .69800837E-04, .56780051E-02, .28352786E-01, .33217747E-01, .13546933E-01, .21732865E-01, 3.5200107
.12253471, .92932224E-01, .69983202E-04, .51267338E-02, .29602468E-01, .45799281E-01, .12509864E-01, .21533147E-01, 3.5209973
.12719245, .96624129E-01, .69910180E-04, .45857285E-02, .30568341E-01, .50002471E-01, .10639856E-01, .21982940E-01, 3.5174165
.10743001, .81758194E-01, .69924441E-04, .37401209E-02, .25671836E-01, .37127547E-01, .11276365E-01, .23870185E-01, 3.5232980
.97195759E-01, .74141629E-01, .70126393E-04, .35380230E-02, .23054142E-01, .32476954E-01, .13948960E-01, .25128916E-01, 3.5340872
.10468253, .80027252E-01, .70309856E-04, .43160147E-02, .24655275E-01, .38315110E-01, .15559037E-01, .23413820E-01, 3.5414712
.12062717, .92384465E-01, .70291033E-04, .42444300E-02, .28242705E-01, .54329563E-01, .12820560E-01, .22569437E-01, 3.5337617
.15091835, .11576293, .70036251E-04, .39265351E-02, .35155419E-01, .69603987E-01, .82714437E-02, .23247363E-01, 3.5134587
.23451573, .18002255, .15402378E-01, .33794232E-02, .54493159E-01, .61821166E-01, .25184094E-02, .24730122E-01, 3.4997373
.24048270, .18465132, .44800905E-02, .35170990E-02, .55831380E-01, .39346192E-01, .15347764E-02, .24522193E-01, 3.5196297
.23599321, .18121023, .11775489E-01, .34207010E-02, .54783002E-01, .24237784E-01, .10998360E-02, .24714196E-01, 3.5459480
.20488477, .15741402, .71159440E-04, .28707050E-02, .47470775E-01, .35369676E-01, .20032646E-02, .27156273E-01, 3.5669808
.20053914, .15421079, .71498587E-04, .29574903E-02, .46328358E-01, .28046593E-01, .16526713E-02, .26792072E-01, 3.5937569
.21158160, .16282515, .71905946E-04, .34342951E-02, .48756421E-01, .42204056E-01, .20776412E-02, .25166944E-01, 3.6087503
.20897368, .16088666, .72123512E-04, .36034181E-02, .48087019E-01, .39853711E-01, .20625358E-02, .24261773E-01, 3.6252420
.18165602, .13997066, .72447234E-04, .30290885E-02, .41685365E-01, .27921770E-01, .19935828E-02, .26472246E-01, 3.6477683
.17580855, .13561559, .72802868E-04, .30740188E-02, .40192951E-01, .33339486E-01, .25929802E-02, .26744759E-01, 3.6639385
.15792504, .12199354, .73068026E-04, .28472191E-02, .35931505E-01, .34318939E-01, .34155087E-02, .28233720E-01, 3.6759171
.15368174, .11889687, .73289797E-04, .29551871E-02, .34784872E-01, .30516600E-01, .31764421E-02, .27513398E-01, 3.6902034
.12913655, .10006837, .73640840E-04, .22962538E-02, .29068178E-01, .12014258E-01, .34714984E-02, .31095091E-01, 3.7182293
.12324844, .95717117E-01, .74132382E-04, .22437004E-02, .27531300E-01, .18925851E-01, .49817329E-02, .32013617E-01, 3.7393684
.11758938, .91540419E-01, .74461248E-04, .22635192E-02, .26048969E-01, .29991155E-01, .71908021E-02, .32965384E-01, 3.7501502
.11329732, .88400774E-01, .74679607E-04, .22729300E-02, .24896547E-01, .28743738E-01, .82030511E-02, .32356132E-01, 3.7620287
.10697318, .83664842E-01, .74917778E-04, .22124611E-02, .23308346E-01, .27024793E-01, .92887050E-02, .32884803E-01, 3.7751830
.10429591, .81768662E-01, .75161515E-04, .22805110E-02, .22527242E-01, .28688464E-01, .10456791E-01, .32523170E-01, 3.7869942
.10142097, .79709277E-01, .75380340E-04, .23585279E-02, .21711674E-01, .31260736E-01, .11751927E-01, .32217328E-01, 3.7966332
.10122884, .79745308E-01, .75561024E-04, .25334198E-02, .21483533E-01, .32716647E-01, .12252226E-01, .30793846E-01, 3.8049147
.99301949E-01, .78407831E-01, .75727687E-04, .26417964E-02, .20894095E-01, .32687802E-01, .12684829E-01, .30250616E-01, 3.8129597
.10338137, .81806459E-01, .75860364E-04, .30166807E-02, .21574901E-01, .36517695E-01, .12509420E-01, .28009539E-01, 3.8173037
.10103223, .80111809E-01, .75951597E-04, .30701037E-02, .20920422E-01, .33368740E-01, .12045370E-01, .27804842E-01, 3.8236260
.98687194E-01, .78408562E-01, .76046046E-04, .30217511E-02, .20278649E-01, .33297308E-01, .11728411E-01, .26788924E-01, 3.8291092
.85026793E-01, .67695044E-01, .76256867E-04, .24310900E-02, .17331755E-01, .14575600E-01, .11901048E-01, .29964881E-01, 3.8511305
.80403380E-01, .64181939E-01, .76748045E-04, .23345072E-02, .16221438E-01, .16539104E-01, .14702219E-01, .31235348E-01, 3.8729734
.99813409E-01, .79862520E-01, .77056211E-04, .35560238E-02, .19950878E-01, .39085712E-01, .15625173E-01, .25823817E-01, 3.8757017
.12049957, .96553557E-01, .76879332E-04, .41818093E-02, .23946004E-01, .53628363E-01, .11471269E-01, .22683049E-01, 3.8631017
.10915031, .87595187E-01, .76781071E-04, .29657686E-02, .21555129E-01, .32062691E-01, .79280548E-02, .26638020E-01, 3.8673506
.14146328, .11372020, .76773751E-04, .30900522E-02, .27743090E-01, .53616095E-01, .64409678E-02, .26058305E-01, 3.8546214
.18075895, .14542569, .76548713E-04, .34084066E-02, .35333242E-01, .50447963E-01, .33794381E-02, .24840739E-01, 3.8492727
.20582402, .16564633, .76527147E-04, .45581693E-02, .40177688E-01, .46210468E-01, .26275106E-02, .22891082E-01, 3.8511040
.17593637, .14165764, .76699231E-04, .29968887E-02, .34278721E-01, .28516050E-01, .21821570E-02, .26468035E-01, 3.8658452
.18577279, .14967640, .24277007E-02, .28659238E-02, .36096361E-01, .29786751E-01, .21688931E-02, .27167391E-01, 3.8789008
.17020504, .13725212, .12997976E-01, .20930015E-02, .32952894E-01, .39512943E-02, .18047201E-02, .32612842E-01, 3.9044864
.17145017, .13843270, .88293440E-04, .21395697E-02, .33017460E-01, .13967284E-01, .23351470E-02, .32296013E-01, 3.9335151
.18488072, .14942059, .92993667E-02, .24224585E-02, .35460185E-01, .16709793E-01, .18410152E-02, .29951118E-01, 3.9522555
.19847645, .16051275, .44816282E-01, .27224701E-02, .37963722E-01, .23565374E-01, .16395831E-02, .27900398E-01, 3.9306252
.19575018, .15837313, .59405550E-01, .26377577E-02, .37377045E-01, .16599387E-01, .14563947E-02, .28184719E-01, 3.9006853
.19425935, .15725130, .29410562E-01, .25972864E-02, .37008051E-01, .18798292E-01, .16197932E-02, .28352767E-01, 3.8983777
.18246919, .14780465, .24973020E-01, .23369640E-02, .34664541E-01, .87887561E-02, .15068509E-02, .30096635E-01, 3.9083202
.14581780, .11825699, .10900898E-01, .16254070E-02, .27560808E-01, .0000000, .22250030E-02, .36748976E-01, 3.9354506
.12592655, .10233115, .78977857E-04, .13186828E-02, .23595402E-01, .0000000, .58436440E-02, .37900846E-01, 3.9733627
.13397352, .10910315, .79564539E-04, .15563422E-02, .24870377E-01, .20669738E-01, .10015796E-01, .35413895E-01, 3.9958131
.16029900, .13072062, .23068056E-01, .19362465E-02, .29578399E-01, .20155357E-01, .72964909E-02, .33603415E-01, 3.9973910
.16411996, .13400941, .68976820E-01, .19796984E-02, .30110572E-01, .22706300E-01, .59991851E-02, .33004474E-01, 3.9497077
.17660943, .14433600, .14543031E-01, .22179403E-02, .32273427E-01, .27530419E-01, .35254783E-02, .30446731E-01, 3.9510865
.17494474, .14310317, .79480577E-02, .22017562E-02, .31841584E-01, .17802713E-01, .27034734E-02, .30579895E-01, 3.9675493
.17270365, .14138722, .21672111E-01, .21597240E-02, .31316437E-01, .14011661E-01, .26239983E-02, .30987380E-01, 3.9735169
.13387468, .10973607, .11965415E-01, .14159074E-02, .24138592E-01, .0000000, .35400349E-02, .36777467E-01, 3.9976854
.12129483, .99623002E-01, .80214260E-04, .12358944E-02, .21671835E-01, .0000000, .71644513E-02, .36792431E-01, 4.0350709
.12326831, .10144449, .80837992E-04, .13492494E-02, .21823812E-01, .87930774E-02, .11828166E-01, .35694640E-01, 4.0683641
.12931733, .10661346, .81398706E-04, .15421697E-02, .22703858E-01, .18115390E-01, .15284784E-01, .34890570E-01, 4.0964775
.10992760, .90785757E-01, .82036655E-04, .12318834E-02, .19141849E-01, .0000000, .18190179E-01, .36164582E-01, 4.1423597
.10763831, .89082822E-01, .82943858E-04, .12805802E-02, .18555501E-01, .0000000, .24507651E-01, .35844017E-01, 4.1939249
.11039366, .91546260E-01, .83932660E-04, .14373106E-02, .18847389E-01, .70889508E-02, .30683011E-01, .35165753E-01, 4.2447104
.11017919, .91537185E-01, .84918596E-04, .15439736E-02, .18641993E-01, .11338782E-01, .34845635E-01, .34763481E-01, 4.2950950
.11081106, .92238322E-01, .85591084E-04, .17468734E-02, .18572733E-01, .47549881E-01, .34040265E-01, .32814536E-01, 4.3081913
.10770196, .89806430E-01, .85890424E-04, .17953888E-02, .17895514E-01, .33494834E-01, .28771091E-01, .32967862E-01, 4.3293490
.12481990, .10425406, .85953950E-04, .25375725E-02, .20565841E-01, .79194941E-01, .23537233E-01, .28965203E-01, 4.3014970
