3.1311767,4.2404165,1.1092396,6.1269035,6.4881196,4.2475882,3.1278808,1.1125354,1.1032751
2.7307158,4.1312428,1.4005265,6.1277962,4.5971899,2.99703,3.3781257,0.75311732,1.7504134
2.8208668,4.0098815,1.1890155,6.1257329,3.9916043,2.1857953,3.4480937,0.56178826,2.2707398
2.9291973,4.1240978,1.1949006,6.1233721,3.6612065,2.1074429,3.5898082,0.53428966,2.739949
2.9895816,4.1794028,1.1898212,6.120554,3.5962448,1.9705238,3.6781623,0.50124067,3.1844819
3.2409687,4.7804632,1.5394944,6.1194353,3.2332494,2.4256372,4.1925235,0.5879398,3.6103208
3.7399819,4.1644492,0.42446685,6.1154485,4.3058271,1.6592648,3.7209053,0.44354397,4.0551734
3.5620973,4.0541396,0.4920423,6.1142178,4.1170502,2.4116549,3.4355047,0.61863488,4.6006002
2.2608006,3.2858963,1.0250962,6.1014366,4.8952198,0.66256011,3.0327947,0.25310159,5.1043739
3.3696525,3.2780883,-9.16E-02,6.0839958,5.9742393,1.1145025,2.8852382,0.39285004,5.7754822
3.8013287,3.5018315,-0.29949638,6.0708466,6.3101134,1.9399289,2.9174047,0.58442754,6.5397935
4.0727191,3.9004996,-0.17221917,6.0608015,5.3629084,3.1607523,3.0717142,0.82878554,7.31668
3.8008673,3.6311047,-0.16976209,6.0586157,5.562953,2.1754744,3.031441,0.59966409,7.9685707
2.3616545,2.4570141,9.54E-02,6.0210094,6.8959565,3.09E-02,2.2599983,0.19701605,8.7111864
1.8649135,2.1439738,0.27906033,5.9810343,7.5958414,0,1.9228972,0.22107647,9.5760126
2.1635273,2.1621025,-1.43E-03,5.9413242,8.4642525,0,1.9183863,0.24371603,10.529939
2.886318,2.8426147,-4.37E-02,5.9247537,7.942646,1.6210781,2.2728741,0.56974059,11.540947
3.162868,4.1326466,0.96977854,5.9282475,5.4118872,3.6119888,3.20243,0.93021685,12.397344
3.9036167,4.798173,0.8945564,5.9319792,3.9825218,3.637784,3.9307077,0.86746502,12.97158
3.133244,3.860718,0.72747415,5.9281135,4.4514351,1.6037718,3.4143147,0.44640365,13.465653
3.5162339,3.8163908,0.30015698,5.9256229,4.7176647,1.9700106,3.2760231,0.54036731,14.052616
3.1708393,4.0337667,0.86292726,5.9240546,4.383007,2.2155159,3.4567044,0.57706249,14.602144
3.3458059,4.1331148,0.78730893,5.9229541,4.0953193,2.3401089,3.5359831,0.59713161,15.129686
3.2891626,4.1783209,0.88915813,5.9211202,4.0522027,2.1427746,3.6303267,0.54799467,15.618488
3.0889072,3.6727657,0.58385837,5.9168072,4.5954299,1.4774296,3.24807,0.42469612,16.146217
2.1119299,2.8719478,0.76001793,5.8827848,5.7886176,9.70E-02,2.7036314,0.1683166,16.757402
2.8536024,2.8164577,-3.71E-02,5.8463054,7.5333643,3.83E-02,2.6051755,0.21128252,17.549412
3.2123873,2.9688034,-0.24358444,5.8150115,8.9004345,0.3991887,2.636183,0.33262032,18.534767
3.1149867,2.8438926,-0.27109382,5.7841983,9.8566427,0.48756313,2.4598649,0.38402796,19.655302
3.3922722,2.9849904,-0.40728149,5.7601833,10.297734,1.0019319,2.4739723,0.51101822,20.870945
3.4325268,3.7189116,0.286385,5.7537656,8.0472002,3.2280607,2.7870538,0.93185788,22.048655
3.2689571,2.8130093,-0.45594764,5.7314739,9.3375845,0.45195729,2.4618945,0.35111457,23.083994
3.7485232,3.0406137,-0.70790988,5.7155161,9.5138817,1.5636933,2.4308424,0.60977083,24.244303
3.1631746,3.6265736,0.46339837,5.7157116,7.875793,2.6446366,2.8351052,0.79146838,25.325983
3.5175321,4.3846273,0.86709529,5.7201161,5.6367955,3.7180617,3.4405665,0.94406098,26.128561
4.1595149,4.3758116,0.21629721,5.722723,4.8590164,3.2385788,3.5619955,0.81381637,26.775227
4.0430651,4.1456203,0.10255449,5.7225008,4.9997816,2.4827693,3.5023155,0.64330453,27.366451
2.507802,3.2086427,0.70084095,5.7050633,6.147346,0.42189783,2.9717748,0.23686853,28.003683
3.1427779,2.8649428,-0.27783483,5.6671872,8.1492157,0,2.6468925,0.21805048,28.85148
3.0747819,3.3207278,0.24594592,5.6491084,8.4115505,1.1442003,2.8450921,0.47563595,29.866354
4.6534491,4.2833538,-0.37009466,5.6532731,7.1545229,3.6391106,3.3065517,0.97680223,30.841223
4.1852059,4.0682888,-0.11691692,5.6450548,6.1878576,3.1398962,3.2189782,0.84931082,31.730934
3.1312077,3.885576,0.75436759,5.6436167,5.7626867,2.1210179,3.2951326,0.59044296,32.402702
2.6688759,3.0912147,0.42233884,5.6110296,7.3489075,5.60E-02,2.8898497,0.20136522,33.165897
4.0937691,3.4246805,-0.66908818,5.5909944,8.6328449,1.1910019,2.9356432,0.48903796,34.126354
4.8455148,4.2220531,-0.62346172,5.5863285,6.9119897,4.1067843,3.137044,1.0850092,35.14167
4.2834463,3.3283074,-0.95513922,5.5766783,8.1266441,1.4982209,2.8005159,0.5277912,36.014698
4.984519,3.9376142,-1.0469047,5.5709786,6.7888136,3.9478364,2.8911073,1.0465076,37.001034
5.6370397,4.2787743,-1.3582655,5.5767798,5.9621978,4.3151879,3.2161443,1.0626293,37.766464
5.4313383,3.6675212,-1.7638165,5.5787559,6.2495494,3.2835329,2.8164639,0.85105741,38.520283
5.5107555,3.638808,-1.8719466,5.5812039,6.3135815,3.4712689,2.7378433,0.90096533,39.32127
5.1584821,3.6023431,-1.5561393,5.5832081,6.2329712,3.3647316,2.7367396,0.86560374,40.070621
5.2459388,3.7897296,-1.4562089,5.5860929,5.896677,3.6426229,2.8717413,0.91798854,40.818047
5.2804561,4.7142711,-0.56618547,5.5896268,5.4116611,3.8646736,3.7670262,0.94724482,41.496521
3.300859,2.6461439,-0.65471524,5.5780916,6.905715,0.70007271,2.3290401,0.31710371,42.195377
3.1242368,2.4640491,-0.6601879,5.5580163,8.1039619,0.56427652,2.1301014,0.33394745,43.103214
3.5434051,3.1070538,-0.43635133,5.5538611,8.037241,1.7745522,2.4968762,0.61017752,44.114037
3.48119,4.6290903,1.1479001,5.5608702,4.9570246,4.3951359,3.5668602,1.0622299,44.888775
3.4270606,4.0344572,0.60739684,5.5598526,4.8704906,2.1965458,3.4552546,0.57920289,45.461361
5.7527761,4.9220266,-0.83074892,5.5656958,4.6540174,4.0813012,3.9421244,0.97990233,46.082977
5.5194731,4.5030117,-1.0164601,5.5693393,4.8913884,3.5553496,3.6325879,0.87042403,46.686897
5.0675306,4.5263901,-0.54114097,5.5719924,4.995862,3.3335807,3.712374,0.81401521,47.266953
5.3179326,3.7554696,-1.5624635,5.5726047,5.88695,2.8174226,3.0187619,0.73670775,47.925282
5.7788363,3.9574246,-1.8214111,5.5760555,5.9321575,3.7277474,3.0088899,0.94853491,48.698406
6.0363331,4.0906167,-1.9457173,5.5797148,6.171813,3.8371232,3.1396558,0.95096087,49.423222
3.6367915,3.0678287,-0.56896251,5.5757565,6.8828359,1.5133349,2.5717952,0.49603379,50.188946
4.5119605,3.0244193,-1.4875411,5.5632691,7.9522619,1.7497423,2.4358854,0.58853388,51.100422
4.6800957,3.012588,-1.6675076,5.5513787,8.3416185,2.2951388,2.2869415,0.7256462,52.121216
5.7768745,3.8523765,-1.9244981,5.5569611,7.2142625,4.4401903,2.7136183,1.1387582,53.084839
5.2551274,3.2339342,-2.0211928,5.5581684,7.312892,3.1662924,2.3749862,0.85894811,53.948879
5.433691,2.9671006,-2.4665909,5.5580897,7.9668856,2.8104029,2.1661062,0.80099428,54.862148
5.6901274,3.0048051,-2.6853223,5.5587678,8.3860445,3.0902226,2.1226847,0.88212055,55.872379
5.4992337,3.620394,-1.87884,5.5616822,7.7414207,3.8352928,2.6001911,1.0202032,56.844627
4.0950065,2.2843761,-1.8106303,5.5581336,8.2902908,1.8009253,1.6889102,0.59546632,57.793701
4.5642853,3.1533065,-1.4109794,5.5596499,7.4647012,3.2223139,2.2653837,0.887923,58.777271
4.5617085,3.5699399,-0.99176937,5.5617223,6.7470827,3.2884521,2.6993532,0.87058622,59.62397
5.7434769,3.8733323,-1.8701447,5.565824,6.4518247,3.9197493,2.8757458,0.99758607,60.440491
5.7611394,3.9540448,-1.8070949,5.5701885,6.0760121,4.0432239,2.9446938,1.0093511,61.219727
6.3152966,4.3715672,-1.9437305,5.575367,5.9445453,4.329246,3.3133628,1.0582041,61.964252
6.1748166,4.2687359,-1.9060819,5.5792165,6.2726712,3.991142,3.2756519,0.99308354,62.534721
5.8632965,3.8044353,-2.0588605,5.5817933,7.2370939,3.6692219,2.8592405,0.94519508,62.534721
5.7653198,3.3817794,-2.3835404,5.5844088,8.0008001,3.7168279,2.4065149,0.97526455,62.534721
5.3101168,4.8943491,-0.41576731,5.5958133,5.4784861,5.9582014,3.4935603,1.4007885,62.572956
5.1813869,5.5079856,0.32659864,5.6039815,4.5681548,4.6844831,4.4225831,1.0854017,62.572956
6.0938964,5.1773868,-0.91650963,5.6110377,4.8816419,4.4277005,4.1320748,1.0453124,62.572956
5.5735078,5.3780928,-0.19541499,5.6179981,4.6247706,4.4766426,4.3312054,1.0468876,62.572956
5.5420547,4.2785501,-1.2635053,5.6206923,5.7094469,3.3712714,3.4385743,0.83997583,62.572956
5.8793941,4.0436864,-1.8357086,5.6246929,6.4865017,3.8441899,3.0776329,0.96605366,62.572956
6.3118596,4.6005888,-1.7112703,5.6318831,6.3409681,4.9059725,3.409164,1.1914251,62.572956
5.4568071,3.2115874,-2.2452202,5.6322913,7.7852383,2.9505444,2.4022062,0.80938077,62.572956
5.9073906,3.2750766,-2.6323142,5.6347685,8.7172871,3.6487455,2.2779198,0.9971568,62.572956
5.8428574,3.6129181,-2.2299397,5.639801,8.4965715,4.4844351,2.4513359,1.1615821,62.608829
4.829812,3.0814867,-1.7483245,5.6410828,8.7708244,3.3311341,2.1628144,0.91867274,62.608829
5.995048,2.9874165,-3.0076323,5.6426153,9.9936094,3.4427431,2.0014222,0.98599428,62.608829
6.008986,3.3161063,-2.6928792,5.6461353,10.34535,4.1134424,2.1711936,1.1449127,62.608829
5.8599691,3.3726988,-2.4872696,5.6493049,10.616514,4.0522947,2.2321837,1.1405147,62.608829
5.7917233,3.2754354,-2.5162871,5.6514378,11.117265,3.8046732,2.1757061,1.0997288,62.608829
6.0498848,3.8383701,-2.2115147,5.6594715,9.7211103,5.5073938,2.4047403,1.4336296,62.608829
6.3839231,4.1927023,-2.1912203,5.6683321,8.5710363,5.6217155,2.7875869,1.405116,62.65728
7.016645,3.9656971,-3.0509479,5.674912,8.942338,4.9690518,2.6992402,1.2664567,62.65728
5.3512464,2.9155793,-2.4356675,5.7117286,10.034662,5.1550012,2.0193675,0.89621186,62.65728
6.7488956,3.549705,-3.1991909,5.7536273,10.401903,6.7876239,2.290385,1.25932,62.65728
6.5488276,3.5621295,-2.9866974,5.7948985,10.641168,6.6854153,2.3201005,1.2420293,62.715099
6.7482252,3.0841196,-3.6641052,5.8335066,12.041241,5.9282961,1.9721336,1.1119859,62.715099
5.9577637,2.9522007,-3.0055635,5.8706317,12.914875,5.6505041,1.8544871,1.0977136,62.715099
5.2638936,3.2029419,-2.0609517,5.9066324,13.039619,5.688509,2.0858538,1.1170881,62.715099
5.7708812,2.9916253,-2.7792559,5.9398518,14.148315,5.2784171,1.9389391,1.0526862,62.715099
5.0586653,2.8176203,-2.241044,5.9700904,14.916779,4.9232903,1.8053937,1.0122269,62.715099
4.3639941,2.99858,-1.3654144,5.9977765,15.145411,4.7869015,1.9991004,0.99947935,62.715099
6.6131535,3.5862913,-3.0268621,6.0381923,14.038173,7.5244074,2.0425379,1.5437537,62.793037
6.5102367,5.1459627,-1.364274,6.0940351,8.8764734,10.913172,3.0341644,2.111798,62.793037
7.0222092,4.8985977,-2.1236117,6.1422191,7.4250894,8.5530434,3.3613956,1.5372019,62.793037
6.5257807,4.5794401,-1.946341,6.1864023,6.8455811,7.4784861,3.2890391,1.2904007,62.833748
6.598877,4.1512985,-2.4475784,6.2279143,7.3179679,6.7336092,3.0089178,1.1423807,62.833748
7.0754375,4.068562,-3.0068755,6.2696223,8.0573339,6.8708639,2.8763809,1.1921813,62.833748
7.2071552,3.8006985,-3.4064562,6.3104386,9.0291023,6.7100296,2.6135614,1.1871369,62.886097
7.3994236,4.3169622,-3.0824611,6.3550797,8.7129965,7.900033,2.8762567,1.440706,62.886097
6.6710525,5.6769204,-0.99413198,6.4022574,6.8892674,8.5892735,4.1410284,1.5358922,62.886097
7.3823609,5.8486629,-1.5336983,6.4484553,6.2622647,8.2150211,4.4207721,1.427891,62.926048
7.6458168,6.0397282,-1.6060891,6.4958544,5.7570758,8.3765335,4.5942488,1.4454794,62.926048
7.4884882,5.5199385,-1.9685496,6.5404282,5.9713221,7.6534967,4.2220516,1.2978865,62.965679
7.7217913,5.2026525,-2.5191393,6.5840473,6.6299739,7.5008192,3.9223289,1.2803226,62.965679
7.3834476,4.9949112,-2.3885369,6.6266236,7.1539478,7.320868,3.7357466,1.2591642,62.965679
6.427465,5.2010722,-1.2263929,6.6693983,6.5634537,7.4170141,3.9161835,1.2848889,62.994606
7.3163099,7.4928055,0.17649499,6.72159,4.5207453,9.3347969,5.8786469,1.6141578,63.02599
7.2838626,6.9942727,-0.28959092,6.7681007,4.3848681,7.8475242,5.6987085,1.2955638,63.02599
7.3549042,7.0162363,-0.33866718,6.8145347,4.3056269,7.8336782,5.7241254,1.2921114,63.058582
7.1696243,6.963306,-0.20631781,6.8599524,4.3698988,7.6015468,5.7188416,1.2444651,63.058582
7.2427788,7.0898986,-0.15288103,6.9058523,4.3093529,7.7377348,5.821239,1.2686592,63.086399
7.6780105,6.7285185,-0.94949102,6.9513054,4.7217889,7.7190599,5.4529653,1.2755542,63.086399
7.4745893,6.3336463,-1.1409419,6.9592733,5.0619984,5.493618,5.0728874,1.2607591,63.086399
7.1720352,5.9130874,-1.2589483,6.9656162,5.4184194,5.20292,4.7015524,1.2115352,63.121941
7.4874296,5.4351196,-2.0523105,6.9712267,6.1714201,5.1440735,4.2171283,1.2179912,63.121941
6.7534986,5.7015305,-1.0519674,6.977149,6.0182061,5.2779155,4.4535079,1.2480232,63.121941
7.0464897,5.3431683,-1.7033204,6.9819326,6.4941106,5.0022597,4.143075,1.2000933,63.121941
6.6212454,5.1824136,-1.4388301,6.986321,6.628911,4.9287891,3.993016,1.1893985,63.121941
6.8694358,5.0924683,-1.7769674,6.9910078,6.8558507,5.0430064,3.8749306,1.2175379,63.121941
7.1645536,5.5919747,-1.572579,6.9984298,6.4263787,5.7671142,4.229022,1.3629533,63.162827
6.5952778,5.4407525,-1.1545265,7.0035906,6.3026872,5.119554,4.217103,1.2236491,63.162827
6.1749234,5.3680878,-0.80683625,7.0071192,6.3115869,4.6838427,4.2324123,1.1356757,63.162827
6.3886032,4.9099226,-1.4786795,7.0092936,6.9782176,4.3197045,3.8382158,1.0717071,63.162827
6.5776911,4.3723965,-2.2052951,7.0111704,7.8414631,4.2796025,3.2840939,1.0883024,63.162827
6.0345283,4.2777433,-1.7567849,7.0127091,8.2010603,4.2182584,3.1781199,1.0996237,63.162827
6.3357244,3.9081306,-2.4275947,7.0130205,9.2495308,3.8805194,2.8560021,1.0521281,63.162827
5.4212918,3.9341671,-1.4871242,7.0125017,9.5407038,3.7273667,2.8920515,1.0421156,63.162827
5.1449842,3.8018558,-1.3431282,7.0101719,10.000151,3.3618362,2.8235979,0.97825766,63.162827
5.6472244,3.4661095,-2.1811159,7.0075684,10.88299,3.3893025,2.4676352,0.99847364,63.162827
7.2155242,4.1508574,-3.064666,7.0134764,10.470838,5.6273823,2.692591,1.4582665,63.162827
7.3433475,4.777884,-2.5654643,7.0238571,8.6699219,6.832027,3.1050811,1.6728027,63.21241
7.06183,7.2061486,0.14431888,7.0436935,4.7340488,8.5097322,5.3112683,1.8948802,63.21241
7.4936228,7.4920754,-1.55E-03,7.0542455,4.3362288,6.101881,6.1153955,1.37668,63.21241
7.0676394,6.9318061,-0.1358335,7.0607839,4.6918311,5.1726084,5.7458458,1.1859598,63.21241
6.5621357,6.6260185,6.39E-02,7.0658803,4.872828,4.9060349,5.489943,1.1360748,63.21241
7.4577928,6.3568311,-1.1009622,7.0759087,4.5942235,5.9668231,4.9997802,1.3570508,63.21241
7.5773778,7.2315483,-0.34583017,7.0868149,4.2474647,6.1095052,5.8573766,1.374172,63.238762
7.3957453,8.0709095,0.67516327,7.096096,4.196537,5.7604227,6.771708,1.2992008,63.238762
7.5880303,7.4955721,-9.25E-02,7.104073,4.5759416,5.5633216,6.2283373,1.2672341,63.238762
6.8724775,7.1220055,0.24952781,7.1099262,4.817934,5.1043429,5.9460239,1.1759809,63.238762
6.6031427,6.6890378,8.59E-02,7.1145525,5.1058969,4.8480768,5.5586486,1.1303896,63.238762
6.96524,6.0537453,-0.91149592,7.1198688,5.3851829,5.1012926,4.8610115,1.1927322,63.269558
7.1733689,7.9713368,0.79796779,7.1321878,4.1177692,6.5395131,6.5103269,1.4610096,63.269558
7.4853845,7.7539034,0.26851916,7.1416521,4.1569204,5.7620368,6.4575195,1.2963829,63.269558
7.5275884,7.7756586,0.24806988,7.151196,4.1572437,5.8260889,6.4668984,1.30876,63.269558
7.6670499,7.8152804,0.14823049,7.1613121,4.1553946,5.935914,6.4819989,1.3332797,63.269558
6.3653097,7.5140944,1.1487851,7.1681762,3.9512038,5.0595112,6.3709373,1.1431575,63.297131
7.4710546,8.0310287,0.55997491,7.1765704,4.2050915,5.580812,6.7697201,1.2613084,63.297131
6.3990283,7.8651195,1.466089,7.1817179,4.2925587,4.8651962,6.7479973,1.1171212,63.297131
6.0689182,7.3550935,1.2861738,7.1846943,4.6392412,4.3919754,6.3269362,1.0281553,63.297131
6.081634,8.8914957,2.8098612,7.192862,3.5496128,5.5481439,7.6392741,1.2522213,63.297131
7.1288724,8.617034,1.4881617,7.2003078,3.917536,5.2317405,7.4372749,1.1797594,63.297131
7.3815341,8.0216265,0.64009297,7.2092113,4.0097737,5.644063,6.754684,1.2669432,63.297131
7.2366834,7.6799126,0.44322985,7.2176619,4.0820241,5.5202985,6.4364381,1.2434756,63.327385
7.7305942,7.4304428,-0.30015224,7.2274017,4.2344928,5.86339,6.1113949,1.3190476,63.327385
7.3028078,8.0072374,0.70442903,7.2374249,3.8696766,5.942728,6.6803212,1.3269155,63.327385
6.5007801,7.9733167,1.4725368,7.2440062,3.8844726,5.0184255,6.8408699,1.1324476,63.327385
7.0184393,8.1724606,1.1540219,7.2522297,3.8450036,5.465879,6.9454722,1.2269887,63.327385
7.3562617,7.5261555,0.16989329,7.2605081,4.1130934,5.4831471,6.290009,1.2361451,63.327385
5.6678219,8.9671612,3.2993388,7.2660689,3.5335867,4.8130069,7.8782177,1.0889428,63.352882
5.2107949,9.0330019,3.8222075,7.2678847,3.6549313,3.9197342,8.1258554,0.90714735,63.352882
4.6113939,8.1058741,3.4944801,7.2673388,3.8538389,3.3804307,7.30374,0.80213481,63.352882
4.4734583,7.0377312,2.5642734,7.2655468,4.2526135,3.1048791,6.2831297,0.75460315,63.352882
4.7859163,6.2664089,1.4804926,7.263546,4.927556,3.1148522,5.4930468,0.77336365,63.352882
4.5479741,5.3641772,0.816203,7.2607994,5.5504045,2.947541,4.6065936,0.75758398,63.352882
4.592165,4.7257047,0.13353992,7.2576079,6.3088799,2.8496745,3.9664154,0.75928932,63.352882
4.8272514,4.2152386,-0.6120134,7.2538285,7.3707509,2.7602904,3.4458978,0.76934022,63.352882
6.1642294,6.9458828,0.78165221,7.2656894,4.5166111,6.9198632,5.3446617,1.6012199,63.352882
5.8337541,9.328496,3.4947419,7.2724166,3.6993823,5.1488929,8.1682711,1.1602238,63.352882
6.1351242,8.6326799,2.4975567,7.2783384,3.5245285,4.8856668,7.5326657,1.1000162,63.352882
5.8252792,9.0747004,3.2494216,7.2826109,3.545012,4.485498,8.0531197,1.0215816,63.352882
5.0724907,9.499711,4.4272199,7.2858462,3.2302074,4.1637177,8.5513134,0.94839883,63.352882
4.3031282,10.004003,5.7008748,7.2860651,3.1560824,3.3729761,9.222949,0.78105307,63.352882
5.3196702,8.8178368,3.4981658,7.2868094,3.7341642,3.6469188,7.9674768,0.85035825,63.352882
5.2840595,7.558825,2.2747645,7.2870636,4.2552333,3.649457,6.6942906,0.86453348,63.352882
4.8272133,6.5495977,1.7223849,7.2860284,4.6700096,3.3637817,5.735199,0.81439751,63.352882
4.9015031,5.9391818,1.0376785,7.2851887,5.0135031,3.4662256,5.0926337,0.8465482,63.352882
5.8233638,7.7113881,1.8880231,7.2930727,3.6468506,5.5570707,6.4516249,1.2597617,63.352882
6.7872481,8.1936893,1.4064407,7.3001628,3.7423401,5.1822395,7.0282745,1.1654152,63.352882
6.8681989,8.2386198,1.3704206,7.3078227,3.7183921,5.3393517,7.0401759,1.1984435,63.352882
5.9701691,8.5595055,2.5893357,7.312768,3.6401439,4.6772614,7.4984407,1.0610639,63.352882
5.0778418,8.3335018,3.2556608,7.3143196,3.6893184,3.87377,7.4371853,0.89631617,63.352882
4.7723494,7.459043,2.6866946,7.313643,4.0582576,3.3737473,6.6582823,0.80076146,63.352882
4.7123628,6.4420838,1.7297204,7.3120689,4.5565748,3.2112806,5.6620965,0.77998716,63.352882
4.3233242,5.8371768,1.5138531,7.3095341,4.9314184,2.9890709,5.0909567,0.74622077,63.352882
4.1846399,5.0173397,0.83269966,7.3059382,5.4964075,2.7130318,4.3123865,0.70495182,63.352882
4.063961,4.5564251,0.49246395,7.3018246,6.0732026,2.5882595,3.8594246,0.69700098,63.352882
3.8111346,4.2025914,0.39145672,7.2967224,6.6312041,2.3833568,3.5305712,0.67202026,63.352882
3.6744015,3.7936678,0.11926651,7.2898655,7.3108387,2.1547043,3.1481676,0.64550042,63.352882
3.4840212,3.568325,8.43E-02,7.279788,8.0805597,1.9036111,2.9514039,0.61692071,63.352882
3.2530594,3.3113308,5.83E-02,7.265048,8.9279976,1.6238508,2.7249451,0.58638543,63.352882
3.1040592,3.1415784,3.75E-02,7.2458329,9.8325939,1.4215225,2.568763,0.5728153,63.352882
2.9863548,3.084867,9.85E-02,7.2227559,10.746119,1.2776208,2.5122681,0.57259846,63.352882
3.5778461,3.2622683,-0.31557763,7.2060575,11.15508,2.100318,2.4941225,0.76814598,63.352882
5.1970282,4.7577333,-0.4392941,7.2100329,9.3802347,5.1707587,3.4122756,1.3454579,63.352882
3.9504459,4.2779374,0.3274914,7.2076578,8.6514168,3.4124837,3.324095,0.95384246,63.352882
3.6663039,3.7539651,8.77E-02,7.2002993,8.8222094,2.4781559,2.9887536,0.76521128,63.352882
4.8421192,4.6802239,-0.16189519,7.2013516,7.9992561,4.2112207,3.5780234,1.1022011,63.352882
4.3239622,4.5568786,0.23291604,7.2008462,7.3365154,3.7053409,3.5789838,0.97789413,63.352882
4.5208287,6.0577917,1.5369631,7.2066498,4.8085918,5.3794475,4.7781477,1.2796433,63.352882
4.5007944,7.3564157,2.8556209,7.2085943,4.004549,4.0772815,6.4042587,0.9521566,63.352882
4.5757589,8.2255983,3.6498394,7.2116108,3.2029424,4.1516733,7.2749352,0.95066291,63.352882
5.661325,8.7310991,3.0697739,7.2154522,3.3441534,4.2693048,7.761476,0.96962237,63.352882
6.3471351,8.3094282,1.9622927,7.2210259,3.5699081,4.7378736,7.2387471,1.0706799,63.352882
6.4534774,7.7357106,1.2822336,7.226553,3.8110421,4.8047009,6.6467872,1.0889232,63.352882
6.4827824,7.2357736,0.75299156,7.2316914,4.0451517,4.8253431,6.134274,1.1015,63.352882
6.5271754,6.9835229,0.45634818,7.2363887,4.3632183,4.7862477,5.8825221,1.1010016,63.352882
5.7284598,6.4844046,0.75594503,7.2388158,4.5567336,4.2508354,5.4890056,0.99539953,63.352882
5.3412647,5.9436431,0.60237706,7.2395744,4.8481712,3.8601699,5.0204258,0.92321664,63.352882
4.7782431,5.5707607,0.79251742,7.2389421,5.0102401,3.5107148,4.712008,0.85875231,63.352882
4.8391242,5.1941814,0.35505843,7.2372503,5.5578818,3.2421889,4.3789868,0.81519467,63.352882
5.0072241,4.6163998,-0.39082444,7.2351527,6.3445158,3.1628022,3.7968612,0.81953865,63.352882
4.7871795,4.2813797,-0.50579882,7.2327619,6.9518666,3.1070104,3.453388,0.82799166,63.352882
4.4762559,4.0471449,-0.42911202,7.2295966,7.4431481,2.9330592,3.2381313,0.80901337,63.352882
3.9868562,3.8206437,-0.16621235,7.2251201,7.7260365,2.6932082,3.0463367,0.77430725,63.352882
5.1309381,5.1324358,1.50E-03,7.2295742,5.9921288,5.201056,3.8606215,1.2718145,63.352882
5.1287398,6.2248611,1.0961219,7.2334123,4.8945179,4.7737579,5.1022601,1.1226025,63.352882
5.862411,5.4945531,-0.36785817,7.2351594,5.2709203,4.1929145,4.4947915,0.9997623,63.352882
6.6838865,6.6670761,-1.68E-02,7.2445803,4.083755,6.0838337,5.2914138,1.375663,63.352882
6.7046261,7.9493279,1.2447019,7.2529154,3.6901314,5.5016022,6.7159891,1.2333387,63.352882
6.3217521,8.1366405,1.8148885,7.259203,3.5960681,4.9680815,7.0165753,1.1200657,63.352882
6.6780186,7.8476882,1.1696706,7.266099,3.6690919,5.115591,6.6960607,1.1516275,63.352882
6.0498714,8.2392788,2.1894071,7.2717843,3.5204625,4.7980547,7.1546221,1.0846548,63.352882
6.5093136,7.608191,1.098877,7.2779751,3.6464357,4.9397721,6.4910197,1.1171725,63.352882
6.3706293,7.4254279,1.0547996,7.2842627,3.5557733,5.0035744,6.2985177,1.1269102,63.352882
6.156527,6.6892166,0.532691,7.2882924,3.7364061,4.618824,5.6389513,1.0502665,63.352882
6.2445593,7.3876901,1.1431313,7.2937884,3.6722252,4.8795466,6.2811871,1.1065034,63.352882
5.9594789,7.2377758,1.2782967,7.2976766,3.8324859,4.4766173,6.2123742,1.0254008,63.352882
6.2033529,6.6229577,0.419604,7.3011804,4.1886191,4.5044966,5.5823231,1.0406342,63.352882
5.7282586,6.323154,0.59489554,7.3039641,4.249299,4.3599715,5.3097787,1.013375,63.352882
6.0798173,6.80617,0.72635329,7.3087606,4.0709443,4.8276997,5.6984911,1.1076795,63.352882
5.84378,7.0040417,1.1602602,7.3128195,3.9668283,4.5888319,5.9506068,1.0534339,63.352882
5.7413406,6.2272129,0.48587251,7.3147793,4.3476892,4.1187997,5.2633109,0.96390289,63.352882
5.4644113,5.7406178,0.27620655,7.3162169,4.5238175,4.0548444,4.7836728,0.95694494,63.352882
5.6009254,5.3794641,-0.22146176,7.3173966,4.8538446,4.0314703,4.4176979,0.96176583,63.352882
5.6788106,6.0761514,0.39734107,7.3217735,4.2375555,4.8438907,4.9528022,1.1233488,63.352882
6.0513906,7.4211817,1.3697913,7.328053,3.7100379,5.0898166,6.2685323,1.1526492,63.352882
6.0093956,6.7851872,0.77579153,7.3314872,3.9926465,4.416173,5.7686524,1.016536,63.352882
6.3367577,6.2248063,-0.11195093,7.3354225,4.2839961,4.6576247,5.1503868,1.0744201,63.352882
5.4129901,7.4434333,2.0304441,7.3410807,3.4097714,4.8695154,6.3462262,1.0972072,63.352882
5.8497005,7.6403341,1.7906339,7.3449402,3.5788398,4.3899775,6.6389403,1.0013936,63.352882
5.9817657,6.9439945,0.96222842,7.3484783,3.8410091,4.413785,5.9309325,1.0130614,63.352882
5.7084279,6.1803594,0.4719314,7.3509531,4.0671334,4.2262263,5.2072039,0.97315514,63.352882
5.815351,5.9547243,0.1393743,7.3536587,4.2416611,4.3444448,4.9501863,1.0045385,63.352882
6.1352153,6.0099716,-0.12524419,7.357233,4.384059,4.6138697,4.9413834,1.068588,63.352882
6.1577768,5.8154273,-0.34234932,7.3603482,4.6648979,4.5157833,4.7604127,1.055014,63.352882
5.8667464,5.3852229,-0.48152301,7.3623571,4.9316835,4.290216,4.3696098,1.0156127,63.352882
6.0312357,5.0202932,-1.0109422,7.3643136,5.2489104,4.3707237,3.9805286,1.0397651,63.352882
5.9055128,4.8500495,-1.0554631,7.3659811,5.4786463,4.3329463,3.8112385,1.0388116,63.352882
5.4878912,5.5320773,4.42E-02,7.3707738,4.3680372,5.0786405,4.3586268,1.1734501,63.352882
6.3062048,6.3837566,7.76E-02,7.3763747,4.0724101,5.0971227,5.2199497,1.1638069,63.352882
6.4152832,6.6913204,0.27603516,7.3824143,3.7556124,5.2121325,5.5171022,1.1742165,63.352882
6.5036116,6.917634,0.41402289,7.3886747,3.6368992,5.1302261,5.7649007,1.1527343,63.352882
5.4886222,7.1202765,1.6316547,7.3927393,3.3830938,4.4460402,6.1166468,1.0036302,63.352882
5.1198201,6.3345356,1.2147163,7.3932271,3.5969789,3.7853951,5.4651027,0.86943346,63.352882
6.4604101,6.3119025,-0.14850764,7.3965197,3.9074166,4.7518935,5.2298174,1.0820851,63.352882
6.1502404,5.8230453,-0.32719553,7.3980446,4.0465174,4.6161952,4.7634349,1.0596105,63.379292
6.0085855,5.7575865,-0.25099936,7.3998098,4.2335539,4.4818726,4.7189784,1.0386076,63.379292
5.4395785,4.8263359,-0.61324352,7.398314,4.6198211,3.8745656,3.9128277,0.91350806,63.379292
6.6386924,4.6508274,-1.9878644,7.3978281,5.3547525,4.5179887,3.5799134,1.0709144,63.379292
6.3185081,4.5989771,-1.7195318,7.398654,5.5052371,4.7167706,3.4793961,1.1195806,63.379292
5.8365979,4.886333,-0.95026457,7.4012995,4.8551607,4.9810381,3.7261772,1.1601557,63.379292
4.7965593,5.8019528,1.0053933,7.4028578,3.6282723,4.6584487,4.7476845,1.0542679,63.379292
6.1634207,6.1981654,3.47E-02,7.4051256,3.9105914,4.539979,5.1587553,1.0394099,63.379292
5.9154649,5.5712819,-0.34418243,7.4054117,4.0592446,4.4440074,4.5465412,1.02474,63.379292
6.0904555,4.9786487,-1.1118071,7.403718,4.515615,4.3282819,3.9676425,1.0110058,63.379292
6.1456213,4.7501292,-1.3954914,7.4027181,4.8897524,4.4247093,3.7084355,1.0416939,63.379292
5.9996848,4.5798168,-1.4198686,7.402266,5.1790929,4.3674321,3.54144,1.0383765,63.379292
5.9038191,4.4183583,-1.4854614,7.4017286,5.4294782,4.3141947,3.383255,1.0351034,63.379292
5.7930608,4.3235135,-1.4695475,7.4013276,5.6522532,4.2410116,3.296273,1.0272404,63.379292
5.715055,4.1756868,-1.5393674,7.4012737,5.9001436,4.1578078,3.166342,1.0093454,63.379292
5.9777555,3.8192694,-2.1584859,7.3990712,6.5755358,4.0065985,2.822032,0.99723762,63.379292
5.9796591,3.4041209,-2.5755382,7.3938293,7.2958436,3.9434371,2.3978715,1.0062493,63.379292
5.7862945,3.2186778,-2.5676169,7.3869328,7.8372283,3.904088,2.1996551,1.0190225,63.379292
5.6840968,3.3600786,-2.3240182,7.3825994,8.0444841,4.0743818,2.2950163,1.065062,63.379292
5.332098,3.3923926,-1.9397063,7.3798842,8.045867,3.9600127,2.3497705,1.0426217,63.379292
5.1230354,3.3334546,-1.7895808,7.3773413,8.1255779,3.7354712,2.3389966,0.99445766,63.379292
5.1248956,3.2127793,-1.9121158,7.3742967,8.4721518,3.5184455,2.2564826,0.95629668,63.379292
5.0089378,3.0007071,-2.0082304,7.3694363,8.9468136,3.3067944,2.0745676,0.92613941,63.379292
5.0426531,2.8694062,-2.1732466,7.3627067,9.5940571,3.1650839,1.9477066,0.92169958,63.379292
4.5478311,3.0724819,-1.4753489,7.3582668,9.6552839,3.2339127,2.1336536,0.93882793,63.379292
4.5385962,3.3082981,-1.2302984,7.3565755,8.8064995,3.9674699,2.2424977,1.0658009,63.379292
5.4539766,3.4368734,-2.0171037,7.3550882,8.5502882,4.2451401,2.3305044,1.1063685,63.379292
5.680727,2.963836,-2.7168908,7.3481617,9.3121634,3.5953114,1.9709498,0.99288642,63.379292
5.4519744,2.7608106,-2.6911638,7.3382788,10.052106,3.3932216,1.7861544,0.97465605,63.379292
5.1792841,2.9649336,-2.2143505,7.3321218,10.192656,3.6346338,1.9267552,1.0381784,63.379292
4.6626625,3.4049804,-1.2576823,7.3304734,8.7407866,4.5344777,2.2231379,1.1818428,63.379292
4.9083724,4.1071091,-0.80126345,7.3314614,6.4085226,5.4972172,2.7845061,1.3226027,63.379292
4.061336,5.5030904,1.4417546,7.33109,3.7584155,5.1862159,4.3292193,1.1738706,63.379292
4.8267732,5.3202949,0.49352229,7.3260469,3.6331198,3.8158736,4.440136,0.88015956,63.379292
3.6482289,5.0348182,1.3865894,7.3171601,3.5293717,2.880424,4.3572941,0.67752451,63.379292
5.5981407,4.6508474,-0.94729388,7.3066316,4.3390427,3.6692591,3.784415,0.86643219,63.379292
3.7137702,4.4815254,0.76775515,7.2951894,3.7737114,3.2790852,3.7064133,0.77511215,63.379292
5.5270696,4.8479071,-0.67916298,7.2890534,4.0935063,3.9993026,3.9125612,0.93534529,63.379292
5.0880527,4.7630267,-0.32502568,7.2837281,4.1972628,3.8250349,3.8654799,0.89754701,63.379292
4.2985997,4.1375079,-0.16109149,7.2722464,4.2654357,3.2299545,3.3621259,0.77538192,63.379292
5.3034177,4.1193972,-1.1840208,7.2613392,4.875864,3.5775101,3.2564504,0.86294693,63.379292
5.2296076,3.8285608,-1.4010464,7.2479815,5.2436848,3.6929288,2.9281311,0.90042984,63.379292
4.2646604,3.6962001,-0.56846023,7.234899,4.9722395,3.4422569,2.8525333,0.84366649,63.379292
4.1868057,3.0655532,-1.1212524,7.2122364,5.7770958,2.5174146,2.399682,0.6658712,63.379292
4.6816301,3.0532289,-1.6284019,7.1888905,6.6301012,2.834558,2.2938523,0.75937617,63.379292
4.8205695,3.0206454,-1.7999246,7.1643033,7.3387856,3.0144498,2.1922247,0.82842064,63.379292
4.715694,2.9894946,-1.7261996,7.1412926,7.6910839,3.1980286,2.1156285,0.87386614,63.379292
4.6321177,2.8478425,-1.7842752,7.1165743,8.1868029,2.9981203,2.0009062,0.84693688,63.379292
4.6922083,2.8312144,-1.8609939,7.0926657,8.6109409,3.0825167,1.9541872,0.87702698,63.379292
4.7329602,2.8038642,-1.9290957,7.0693369,8.9905806,3.1288571,1.9036272,0.9002372,63.379292
4.8500094,2.8674989,-1.9825107,7.0493908,9.1059446,3.4244173,1.9032073,0.96429121,63.379292
4.936831,2.8410077,-2.0958238,7.0302777,9.3134022,3.4102683,1.870059,0.97094852,63.379292
4.9469728,2.9901381,-1.9568352,7.0162816,9.0636692,3.7910304,1.9499205,1.0402174,63.379292
4.8846526,2.8960662,-1.9885863,7.0018382,9.0637817,3.5515792,1.9084295,0.9876368,63.379292
4.8255935,2.848824,-1.9767691,6.9891272,9.0237551,3.5418098,1.8668174,0.98200697,63.379292
4.309947,2.4099703,-1.8999772,6.967845,9.6198072,2.6203032,1.6108129,0.79915696,63.379292
4.3692098,2.3293557,-2.0398545,6.94384,10.368127,2.5001359,1.5260899,0.80326599,63.379292
4.82939,2.9743791,-1.8550112,6.9335008,9.9067383,3.8225138,1.8976969,1.0766826,63.379292
4.3229418,3.4551947,-0.86774653,6.9310379,8.1812086,4.498559,2.2934186,1.1617761,63.379292
3.9264061,2.9998915,-0.92651469,6.9184599,7.4229317,3.4643979,2.0797548,0.92013657,63.379292
4.6069798,3.8481255,-0.75885481,6.9117036,5.7940784,4.7235374,2.6987686,1.1493568,63.379292
4.8523922,4.5084372,-0.34395558,6.9068003,4.7958231,4.4767647,3.4504237,1.0580131,63.379292
5.1570334,4.8984141,-0.25861943,6.9039588,4.595614,4.1053891,3.9298294,0.96858448,63.379292
3.9839475,4.1505904,0.16664325,6.8921552,4.2852635,3.2737346,3.360287,0.79030371,63.379292
4.486218,4.367352,-0.11886612,6.8798752,4.3146133,3.4006746,3.5498345,0.8175168,63.379292
2.836235,3.7727594,0.93652451,6.8528881,4.5147595,1.9701661,3.2543435,0.51841623,63.379292
3.4353044,3.9216824,0.48637742,6.8284135,4.6036124,2.5184693,3.2810986,0.64058304,63.379292
3.1290169,4.2236547,1.0946381,6.8090463,4.0658693,2.7856438,3.5405231,0.68313199,63.379292
3.7569318,4.5349798,0.77804816,6.7942891,3.8181179,3.0601032,3.8026183,0.7323612,63.379292
3.5747983,4.3945961,0.81979752,6.7773762,3.9359219,2.6301339,3.7514629,0.64313269,63.379292
3.7925162,4.4017301,0.60921347,6.760704,4.0638781,2.7915545,3.7242918,0.67743784,63.379292
3.0444133,4.0641155,1.0197023,6.7388105,4.1467171,2.2370026,3.4998744,0.56424093,63.379292
2.1883252,3.0156236,0.82729876,6.6982317,5.6460166,0.41584137,2.7992299,0.21639398,63.379292
2.8466284,2.6391132,-0.20751572,6.6541243,8.1359472,6.02E-02,2.4208281,0.21828458,63.379292
3.1395051,3.2848337,0.14532802,6.6222386,8.0754957,2.2341392,2.5794318,0.70540154,63.379292
3.2660003,3.9533732,0.68737245,6.5973039,6.9740105,3.2155428,3.0892804,0.86409265,63.379292
3.3530469,4.0162764,0.66322988,6.5734038,5.9889755,3.2149112,3.1658053,0.8504715,63.379292
3.7761388,4.2686095,0.49247068,6.5549698,5.1778812,3.4678237,3.4088674,0.8597424,63.379292
3.3530283,4.1053085,0.75228,6.5341039,4.6967297,2.8929939,3.3788686,0.72644025,63.379292
3.8234413,4.0048342,0.18139274,6.5114188,5.0474734,2.6090539,3.3375425,0.6672914,63.379292
1.7616246,2.7738383,1.0122138,6.4690928,6.4518042,0.11850731,2.5894527,0.18438579,63.379292
2.5180988,2.5754683,5.74E-02,6.4261427,8.6530676,0,2.349462,0.22600693,63.379292
3.035816,2.8611906,-0.17462559,6.388442,10.076874,0.93829131,2.3910615,0.47012916,63.379292
3.2695508,3.186516,-8.30E-02,6.3551025,10.591097,1.7856163,2.5116055,0.6749106,63.379292
2.2872,2.4809773,0.19377694,6.3129096,12.311272,0,2.1376727,0.34330443,63.379292
2.565954,2.5135899,-5.24E-02,6.2715478,14.03865,0.11582687,2.0963199,0.41726971,63.379292
2.9065793,2.7600415,-0.14653783,6.2338061,15.077062,0.84054577,2.1530697,0.60697198,63.379292
3.1145275,2.8517718,-0.26275557,6.1977658,15.838597,1.1650656,2.1517332,0.70003873,63.379292
3.6475658,3.3198469,-0.32771948,6.1729612,14.264771,3.4542675,2.1670516,1.1527951,63.379292
3.5596166,3.0804534,-0.47916317,6.1451969,13.632279,2.7143567,2.1088922,0.97156107,63.379292
4.3255253,3.9607053,-0.36481991,6.1342173,10.21567,5.61731,2.447027,1.5136788,63.379292