3.0757446,4.3969903,1.3212457,5.9019327,5.7639823,4.6014109,3.234102,1.1628883,1.0174364
2.6834991,4.232913,1.5494137,5.9039621,4.1198626,3.0113282,3.4934831,0.73942995,1.5942971
2.7725542,4.1235981,1.3510436,5.9029222,3.6429467,2.2195401,3.5663097,0.55728841,2.066937
2.8792989,4.2522626,1.3729638,5.9016967,3.3750374,2.1746986,3.7130098,0.53925288,2.5001945
2.9388907,4.3129616,1.3740711,5.9000325,3.338341,2.0507267,3.8027418,0.51022029,2.9148343
3.185766,4.9365063,1.7507402,5.9002647,2.9961662,2.5274205,4.3346267,0.60187954,3.3134751
3.6764007,4.3011289,0.62472749,5.8973603,4.0575457,1.7414683,3.8473253,0.45380297,3.7332253
3.5023677,4.2037511,0.70138341,5.8978634,3.7821283,2.615118,3.5527883,0.65096295,4.2449293
2.2232635,3.3825796,1.1593162,5.885798,4.6234574,0.6675365,3.1368246,0.24575534,4.713572
3.3130472,3.3970015,8.40E-02,5.8699288,5.6340289,1.254598,2.9850051,0.41199651,5.3494534
3.7369139,3.6361322,-0.10078183,5.858819,5.8675628,2.166106,3.0180607,0.61807162,6.0686555
4.0048671,4.0462151,4.13E-02,5.8513131,4.8435726,3.4380097,3.1760871,0.87012821,6.7893748
3.7384939,3.7384377,-5.61E-05,5.8503704,5.1029344,2.2783964,3.1324623,0.60597473,7.3841352
2.3218677,2.5170841,0.19521676,5.814075,6.5162573,3.26E-02,2.3327255,0.18435852,8.0757351
1.8807147,2.1923811,0.31166622,5.7754741,7.3579025,0,1.9807539,0.21162693,8.9031763
2.1861115,2.2111847,2.51E-02,5.7371287,8.3715677,0,1.9725257,0.23865917,9.8369637
2.9173729,2.9588616,4.15E-02,5.7227683,7.745337,1.9187981,2.332551,0.62631047,10.835459
3.1996598,4.3172245,1.1175642,5.7293539,4.9996753,4.1017294,3.2970586,1.0201658,11.658885
3.8449314,4.9545441,1.1096125,5.734983,3.6118941,3.8136818,4.0631347,0.89140904,12.186506
3.087647,3.975441,0.88779408,5.7319951,4.1499639,1.6463459,3.5296366,0.44580442,12.643933
3.4641733,3.9528079,0.48863482,5.7309995,4.3537035,2.145716,3.3867354,0.5660724,13.192578
3.2969177,4.1801405,0.88322222,5.7310281,4.1246533,2.4027677,3.5734003,0.60673994,13.709039
3.4777012,4.2989011,0.82120109,5.7318449,3.8551545,2.6019125,3.6554387,0.64346302,14.21086
3.424192,4.3415751,0.91738331,5.7317457,3.8530452,2.3711438,3.7530625,0.5885129,14.677504
3.2107661,3.8190012,0.60823572,5.7289128,4.412806,1.6818733,3.3580041,0.46099755,15.185637
2.1970844,2.9624507,0.76536685,5.696053,5.7367082,0.10928834,2.7951272,0.16732422,15.782208
2.8151076,2.9049935,8.99E-02,5.6607757,7.5074215,4.61E-02,2.693517,0.21147615,16.569042
3.3216085,3.0749857,-0.2466228,5.6309438,9.009243,0.4832882,2.7252705,0.34971493,17.555817
3.0728242,2.9500628,-0.12276177,5.6017075,9.9399843,0.59987086,2.540576,0.40948656,18.688545
3.3450062,3.110831,-0.23417515,5.5796366,10.283205,1.2224889,2.5540633,0.55676782,19.911074
3.3874745,3.9203897,0.53291559,5.5767207,7.6526937,3.8099663,2.8756618,1.0447277,21.074366
3.2260957,2.8910232,-0.33507213,5.5555134,9.0153627,0.51828581,2.5375779,0.35344562,22.066059
3.6988866,3.1513243,-0.5475626,5.5414762,9.1314974,1.8116386,2.501858,0.6494661,23.187702
3.1228452,3.7730205,0.65017545,5.5439796,7.3644667,3.0063725,2.9212873,0.85173374,24.219477
3.4744246,4.5422678,1.0678431,5.550704,5.1069636,4.0066619,3.5563548,0.98591328,24.95883
4.3114986,4.5273008,0.21580197,5.5552459,4.5172892,3.4599724,3.6819708,0.84532982,25.554705
4.1946692,4.3005619,0.10589258,5.5567937,4.7658215,2.7088213,3.6204214,0.68013996,26.111883
2.6339068,3.3129282,0.67902094,5.540194,6.0748615,0.46907279,3.0719757,0.24095239,26.726728
3.1046824,2.9525135,-0.15216953,5.5034118,8.1221123,0,2.7362065,0.21630678,27.567852
3.1783812,3.4677029,0.28932157,5.4872575,8.3610468,1.3968928,2.9411049,0.5265978,28.583805
4.7918162,4.5206223,-0.27119362,5.4951653,6.7940145,4.2988644,3.4167864,1.1038367,29.539951
4.313869,4.2557359,-5.81E-02,5.4900408,5.7410936,3.5886989,3.3265166,0.92921937,30.388813
3.1834931,4.0177917,0.83429855,5.4900146,5.4048038,2.2843132,3.4063191,0.61147255,31.012812
2.6416359,3.1803598,0.53872401,5.4583569,7.0677066,6.16E-02,2.9874554,0.19290373,31.737038
4.0497212,3.5527194,-0.49700198,5.440021,8.2945681,1.3808988,3.0351691,0.51754987,32.661446
4.7965417,4.4217649,-0.37477607,5.4389186,6.313168,4.6355338,3.2442935,1.1774716,33.626389
4.2397604,3.4298065,-0.80995315,5.430481,7.5939236,1.6197621,2.8953662,0.53444052,34.431187
4.9344902,4.0982118,-0.83627903,5.4277358,6.1384025,4.3591137,2.9868395,1.1113726,35.350712
5.5821395,4.4108448,-1.1712948,5.4355826,5.3887081,4.5466294,3.3201716,1.0906736,36.04525
5.3785467,3.7836113,-1.5949358,5.4392948,5.6980758,3.5021014,2.9053426,0.8782689,36.734066
5.4579735,3.7642224,-1.6937517,5.4437032,5.7332711,3.7477403,2.8246372,0.93958479,37.469517
5.1015539,3.7111113,-1.3904428,5.4473457,5.698781,3.5616944,2.8222814,0.88883001,38.155041
5.1983614,3.9134307,-1.2849299,5.4521103,5.3646226,3.8935351,2.9605625,0.952869,38.841156
5.2272496,4.8533821,-0.3738673,5.4573669,4.9359541,4.0626316,3.8810706,0.97231114,39.462135
3.272398,2.7063377,-0.56606084,5.446404,6.5250688,0.726098,2.3968096,0.30952746,40.109791
3.0966282,2.5298274,-0.56680048,5.4272594,7.7706537,0.64467794,2.189805,0.34002197,40.976143
3.512013,3.2184711,-0.29354197,5.424695,7.6277528,2.032002,2.5667348,0.65173644,41.947319
3.4499526,4.8029156,1.3529632,5.4343662,4.4763794,4.7594757,3.6809442,1.1219717,42.667191
3.3973124,4.1571112,0.75979877,5.4343982,4.488791,2.2770183,3.573406,0.58370483,43.191364
5.7025509,5.1055875,-0.59696424,5.4425945,4.206574,4.3833485,4.0777721,1.0278146,43.764969
5.4735293,4.658895,-0.81463361,5.4481053,4.4491243,3.7752585,3.7573397,0.9015559,44.319138
5.026988,4.6769691,-0.35001862,5.4523754,4.5961275,3.5084577,3.839412,0.83755797,44.853104
5.2721167,3.8891132,-1.3830038,5.4546413,5.4470415,3.0413749,3.1199677,0.76914513,45.463779
5.7319851,4.1091661,-1.6228199,5.4603252,5.3899603,4.0696712,3.1068385,1.002327,46.180859
5.9894834,4.2268138,-1.7626693,5.4658523,5.6517601,4.0786748,3.2424946,0.98431945,46.845543
3.6094663,3.1539757,-0.45549029,5.4628339,6.4234662,1.6259868,2.6499023,0.50407392,47.553246
4.4767685,3.1236563,-1.3531116,5.4518576,7.469842,1.9576001,2.5077317,0.61592442,48.410122
4.6440544,3.1206167,-1.5234367,5.4418564,7.8051429,2.578279,2.3533084,0.76730835,49.373291
5.732069,3.994554,-1.7375156,5.4499984,6.5861874,4.8525596,2.791158,1.2033958,50.26836
5.2160511,3.3247924,-1.8912592,5.4527869,6.7408524,3.3831444,2.4405377,0.88425505,51.062344
5.3933778,3.0548768,-2.3385012,5.4542608,7.4107299,3.0457273,2.2239926,0.8308838,51.909214
5.6446443,3.1015069,-2.5431366,5.4567437,7.796299,3.3905027,2.176594,0.92491347,52.852882
5.426496,3.7263763,-1.7001197,5.4615893,7.1226392,4.1371808,2.6642861,1.06209,53.753765
4.0661316,2.3406918,-1.7254399,5.4590454,7.7538304,1.9464333,1.7328984,0.60779351,54.634483
4.7176614,3.2797029,-1.4379578,5.4627285,6.9949994,3.5998261,2.3300433,0.94965959,55.561493
4.7073121,3.6894321,-1.0178792,5.4668555,6.359704,3.6203055,2.7646272,0.92480433,56.358994
5.9082541,4.0148935,-1.8933612,5.4734998,6.0612698,4.3583527,2.9404662,1.0744274,57.1329
5.7280364,4.0748477,-1.6531878,5.4800682,5.6054869,4.3886008,3.0091083,1.0657401,57.862385
6.2725511,4.4864483,-1.7861022,5.4872899,5.4664927,4.6184483,3.384048,1.1024001,58.553078
6.1211162,4.3681879,-1.7529291,5.4928961,5.6489244,4.2269974,3.3422101,1.0259769,59.238792
5.8026934,3.8235624,-1.9791304,5.496171,6.1955714,3.6226974,2.9124086,0.91115367,59.960972
5.7221985,3.351198,-2.3710012,5.4989848,6.6954145,3.5223722,2.4486327,0.90256476,60.758396
5.2798448,4.8436289,-0.43621606,5.5101061,4.4839063,5.5014048,3.5686765,1.2749518,61.473396
5.154191,5.5236111,0.36942017,5.5177941,3.8915462,4.2581563,4.5444045,0.97920626,61.98259
6.06218,5.2332158,-0.82896316,5.525281,4.1842327,4.2516961,4.2428017,0.99041456,62.509968
5.5444813,5.4609499,-8.35E-02,5.5333085,4.2089458,4.4682083,4.4303093,1.0306404,62.530888
5.5140781,4.3772764,-1.1368014,5.5375419,5.3023348,3.5553098,3.5118966,0.86537945,62.530888
5.8484464,4.1458898,-1.7025565,5.5434918,5.9823666,4.124084,3.1371884,1.0087016,62.566517
6.2720222,4.7128057,-1.559216,5.5529103,5.7983088,5.2179103,3.4746373,1.2381685,62.566517
5.4285636,3.2780252,-2.1505384,5.5546575,7.2686982,3.1289537,2.4488039,0.82922161,62.566517
5.8745751,3.3639863,-2.5105889,5.5590706,8.1305923,3.9682844,2.3195913,1.0443952,62.566517
5.8085856,3.7092376,-2.0993481,5.5662937,7.8865752,4.8376417,2.4942751,1.2149625,62.566517
4.8039789,3.1448963,-1.6590824,5.5690756,8.1961451,3.5496113,2.2000968,0.94479966,62.566517
5.9540482,3.0632751,-2.8907733,5.5723739,9.3853369,3.7378449,2.0362649,1.0270103,62.566517
5.9405174,3.4070139,-2.533504,5.57796,9.6645651,4.4656754,2.2114031,1.1956105,62.566517
5.788641,3.4687965,-2.319845,5.5831294,9.8684359,4.3969889,2.2810161,1.1877809,62.566517
5.746448,3.37906,-2.3673885,5.5871596,10.290984,4.1392813,2.236973,1.1420869,62.609055
6.0247464,3.9833934,-2.0413532,5.5980449,8.8068933,6.0017524,2.4763114,1.5070825,62.609055
6.6280413,4.3280563,-2.2999861,5.6094742,7.9647484,6.0108609,2.8687329,1.4593229,62.609055
6.9851584,4.1075969,-2.8775618,5.6185875,8.2246113,5.3938828,2.7761822,1.3314152,62.609055
5.3327613,3.0024536,-2.330308,5.6568799,9.2952099,5.3991785,2.0783288,0.9241243,62.656525
6.723619,3.6843815,-3.039238,5.7012343,9.5736618,7.2291093,2.3597116,1.3246697,62.656525
6.5183558,3.6824236,-2.8359323,5.7446952,9.8405895,7.0665522,2.3889351,1.293488,62.656525
6.7181935,3.1850083,-3.5331855,5.7851739,11.24078,6.2701988,2.0285923,1.1564159,62.656525
5.9211941,3.0465086,-2.8746853,5.824029,12.083351,5.9910994,1.9052376,1.1412711,62.711388
5.2236366,3.3076484,-1.9159886,5.8617182,12.212859,6.0400434,2.1449504,1.162698,62.711388
5.7085428,3.0888865,-2.6196566,5.8964114,13.334244,5.6029253,1.9960454,1.0928407,62.711388
5.0058775,2.9114683,-2.094409,5.9279866,14.158092,5.2388587,1.8596894,1.0517792,62.711388
4.3243942,3.1035688,-1.2208251,5.9570007,14.438532,5.1102972,2.061301,1.0422676,62.711388
6.593154,3.782846,-2.8103075,6.0008898,13.114614,8.2769136,2.1093075,1.6735387,62.786621
6.4973121,5.3485217,-1.1487906,6.0610061,7.8887205,11.609867,3.12657,2.2219527,62.786621
7.0074649,5.0218163,-1.9856497,6.1113644,6.6585379,8.7870121,3.462568,1.5592479,62.786621
6.5148697,4.7163787,-1.7984909,6.1575937,6.2115726,7.7458577,3.3917925,1.3245869,62.786621
6.5888233,4.2825027,-2.3063211,6.2010121,6.6901236,7.0091543,3.1025248,1.1799775,62.816376
7.064733,4.208652,-2.856082,6.244874,7.4019828,7.2180047,2.9651709,1.243481,62.816376
7.1944838,3.9332747,-3.261209,6.2878246,8.3564291,7.0745368,2.6930563,1.2402185,62.850273
7.3839698,4.4869242,-2.8970459,6.3353271,7.9230051,8.4049988,2.9659145,1.5210097,62.850273
6.7111506,5.8507113,-0.86044008,6.3849359,6.2076726,8.9187536,4.2704968,1.5802143,62.886398
7.3829451,6.0406032,-1.342342,6.4335375,5.641264,8.5470638,4.5633564,1.4772468,62.920052
7.6404185,6.2300906,-1.410328,6.4833879,5.2040586,8.6928787,4.7367353,1.4933554,62.920052
7.4796019,5.700592,-1.7790102,6.5302467,5.4325809,7.9761515,4.3522601,1.348332,62.955257
7.7174492,5.3896031,-2.3278456,6.5762386,6.0519552,7.8677278,4.0506454,1.3389583,62.955257
7.3792348,5.1713533,-2.207881,6.6210532,6.513587,7.6756568,3.8575633,1.3137895,62.992023
6.4180427,5.3797894,-1.0382522,6.6660542,5.9377003,7.7653708,4.0426216,1.3371677,62.992023
7.3154917,7.7552991,0.43980879,6.7210231,4.0497713,9.6265163,6.0966911,1.6586096,63.018929
7.283833,7.2552896,-2.85E-02,6.7699609,3.9557018,8.1422892,5.9110646,1.3442259,63.018929
7.3557534,7.2843871,-7.14E-02,6.8189363,3.8868756,8.1559324,5.9376922,1.3466945,63.049492
7.1712828,7.2298012,5.85E-02,6.8667836,3.9553216,7.9141011,5.9324541,1.2973471,63.049492
7.2454028,7.3615751,0.1161724,6.9151764,3.9013574,8.0558271,6.038938,1.322637,63.079006
7.681632,6.9942331,-0.68739879,6.9617,4.2771478,7.98947,5.6571093,1.3371248,63.079006
7.4785872,6.5807447,-0.89784217,6.9721627,4.5721307,5.8386168,5.262938,1.3178065,63.106186
7.1767006,6.142869,-1.033831,6.9808021,4.9486227,5.5351615,4.8778219,1.265048,63.106186
7.4930592,5.657258,-1.8358011,6.9888349,5.626277,5.5334539,4.3753066,1.2819518,63.106186
6.7593884,5.9211431,-0.83824623,6.997014,5.4667358,5.6183763,4.6205902,1.3005536,63.106186
7.0538912,5.5522308,-1.5016601,7.0039878,5.9187169,5.3483887,4.2987127,1.2535191,63.106186
6.6285281,5.3804922,-1.2480367,7.0104542,6.0278401,5.2536874,4.1430483,1.2374446,63.13446
6.8776751,5.2932248,-1.5844511,7.0173554,6.2282195,5.4044857,4.0204139,1.2728111,63.13446
7.1734495,5.8097811,-1.3636695,7.0272641,5.829895,6.1498232,4.3878298,1.4219501,63.13446
6.6048698,5.6456299,-0.95923948,7.0345211,5.7288046,5.43576,4.3754311,1.2701989,63.13446
6.1846318,5.5683832,-0.61624944,7.0399394,5.7282619,4.9740763,4.3913212,1.1770614,63.168499
6.398694,5.0966072,-1.3020864,7.0439219,6.3966503,4.6160507,3.9823561,1.1142515,63.168499
6.5887537,4.5488319,-2.039921,7.0477715,7.2098713,4.6341534,3.4074521,1.1413803,63.168499
6.0456858,4.4497128,-1.5959727,7.0512705,7.5232286,4.5803094,3.297693,1.1520199,63.168499
6.3488317,4.064486,-2.2843454,7.053411,8.5417347,4.229619,2.9637806,1.100705,63.168499
5.434196,4.0925899,-1.3416053,7.0546985,8.8002291,4.0846515,3.0015397,1.09105,63.168499
5.1545815,3.950644,-1.2039379,7.0539832,9.2486086,3.6863275,2.9307671,1.0198767,63.168499
5.6616616,3.6093469,-2.052314,7.053112,10.110693,3.7515082,2.5612798,1.0480675,63.168499
7.2308922,4.3444672,-2.8864248,7.0619702,9.5816393,6.2098927,2.7944131,1.5500536,63.168499
7.3606176,4.9754887,-2.3851285,7.0754809,7.7652845,7.369915,3.2220693,1.75342,63.222137
7.0781894,7.429646,0.35145676,7.0980253,4.2046967,8.7215223,5.5123911,1.9172555,63.222137
7.5128064,7.767633,0.25482595,7.11095,3.9128001,6.3840752,6.3470063,1.4206264,63.222137
7.0867362,7.2015362,0.11480021,7.119699,4.2728319,5.4881997,5.9630313,1.2385045,63.222137
6.580605,6.8850775,0.30447239,7.1268821,4.4441743,5.2211146,5.6969299,1.1881475,63.222137
7.4780378,6.6133423,-0.86469567,7.1397262,4.1345086,6.3635573,5.1891956,1.4241468,63.222137
7.5990009,7.5115786,-8.74E-02,7.1532788,3.8277574,6.4505105,6.0804434,1.4311366,63.246243
7.4188108,8.3837662,0.96495503,7.1650157,3.8049548,6.0873423,7.0294952,1.3542702,63.246243
7.6123028,7.7958422,0.18354028,7.1754956,4.1520724,5.9342461,6.4649053,1.3309381,63.246243
6.8951411,7.3999763,0.50483584,7.1834922,4.3941793,5.4239993,6.1709418,1.2290354,63.246243
6.6247621,6.9497967,0.32503456,7.1901469,4.6716108,5.1649013,5.7673678,1.1824288,63.246243
6.9876451,6.2956929,-0.69195348,7.1976919,4.9065394,5.4653497,5.0425067,1.2531848,63.280426
7.1982269,8.2758017,1.0775741,7.212707,3.7117469,6.8763089,6.759089,1.5167112,63.280426
7.5122752,8.0608225,0.5485481,7.2247167,3.7611239,6.1071997,6.7051239,1.3556988,63.280426
7.5560822,8.0859652,0.5298841,7.2368579,3.7575412,6.1881223,6.7144246,1.3715427,63.280426
7.6963282,8.1277962,0.43146747,7.2496409,3.7542002,6.3028631,6.7309875,1.3968072,63.280426
6.3898511,7.8037663,1.4139144,7.2585688,3.6035686,5.3249731,6.6162548,1.1875106,63.308422
7.5020394,8.3573103,0.85527122,7.2695193,3.8199618,5.9582105,7.0298753,1.3274353,63.308422
6.4266806,8.1709423,1.7442626,7.2766366,3.9268641,5.1544743,7.0056396,1.1653037,63.308422
6.0947943,7.6430917,1.5482984,7.281425,4.2613339,4.6836853,6.566453,1.0766393,63.308422
6.10884,9.2325525,3.123713,7.2918425,3.2235017,5.8454862,7.931366,1.3011874,63.308422
7.161799,8.9670687,1.8052691,7.301703,3.5624347,5.5811782,7.7253819,1.2416865,63.308422
7.415309,8.3465881,0.93127877,7.3131418,3.616926,6.0038605,7.0165129,1.330074,63.335304
7.2687674,7.9899368,0.72117031,7.3240461,3.7151027,5.8667946,6.6861415,1.3037964,63.335304
7.7661734,7.7379351,-2.82E-02,7.3365259,3.8305452,6.2615499,6.348753,1.3891808,63.335304
7.3393698,8.3271828,0.98781228,7.3491011,3.4930067,6.2899427,6.9402151,1.3869665,63.335304
6.5305805,8.2878456,1.7572652,7.3577566,3.5434258,5.2996035,7.1072893,1.1805582,63.335304
7.0547295,8.5032234,1.4484941,7.3683939,3.4772105,5.8084064,7.2162261,1.286998,63.360844
7.3920774,7.8340654,0.44198745,7.3791418,3.7313404,5.8393712,6.5354881,1.2985771,63.360844
5.6984606,9.3127127,3.6142535,7.3865027,3.2537348,5.0482879,8.1849346,1.1277802,63.360844
5.2399068,9.3877478,4.1478419,7.389884,3.3812099,4.1635156,8.4388342,0.94891483,63.360844
4.6362319,8.419692,3.7834601,7.3906293,3.5800998,3.5987318,7.5810823,0.83860946,63.360844
4.4974971,7.3111587,2.8136623,7.3900433,3.9597769,3.3265769,6.519917,0.79124254,63.360844
4.812007,6.5134912,1.7014834,7.3893147,4.5904093,3.3665226,5.698638,0.81485218,63.360844
4.5733418,5.5782156,1.0048738,7.3877759,5.168437,3.198128,4.7810297,0.7971859,63.360844
4.6111736,4.9203434,0.30916938,7.385777,5.8720627,3.1087797,4.1215754,0.79876745,63.360844
4.8650198,4.3877726,-0.47724718,7.383184,6.8961854,3.0312686,3.5781443,0.80962849,63.360844
6.2001343,7.2332788,1.033145,7.3981566,3.9793746,7.4300885,5.5464225,1.6868563,63.360844
5.869494,9.6658812,3.7963872,7.406333,3.3879118,5.2835112,8.4884357,1.1774449,63.360844
6.1723633,8.9817314,2.8093684,7.4143462,3.2177002,5.1892872,7.8284416,1.1532891,63.360844
5.860795,9.4374571,3.5766628,7.4204264,3.2597921,4.7512803,8.3700361,1.0674214,63.360844
5.0598359,9.8704605,4.8106251,7.4251842,2.9712486,4.366457,8.8885384,0.98192215,63.360844
4.3311424,10.396418,6.0652757,7.4265985,2.9456911,3.546443,9.5861597,0.81025684,63.360844
5.3552213,9.1795206,3.8242993,7.4289718,3.4631686,3.9355736,8.2773495,0.90217137,63.360844
5.3172846,7.8694363,2.5521526,7.4307504,3.9392264,3.9284348,6.9566469,0.91279042,63.360844
4.8778315,6.8260689,1.9482374,7.431047,4.3422303,3.6181006,5.9693427,0.85672706,63.360844
4.9379277,6.173439,1.2355113,7.431581,4.6556568,3.7339733,5.2829118,0.89052743,63.360844
5.8610497,8.0119228,2.1508746,7.4417672,3.3022752,5.8973479,6.6948404,1.317083,63.360844
6.8306856,8.5304623,1.6997769,7.4510708,3.4054127,5.5053496,7.3082643,1.2221979,63.360844
6.9146514,8.5797787,1.6651275,7.4610505,3.3796465,5.6815367,7.3208985,1.2588809,63.360844
6.0114655,8.9027262,2.8912609,7.4678197,3.3414836,4.9430561,7.7961521,1.1065742,63.360844
5.1129074,8.6645746,3.5516658,7.4708138,3.41467,4.1042614,7.7291131,0.93545997,63.360844
4.805479,7.7558661,2.950386,7.4714041,3.7762079,3.604075,6.9159999,0.83986503,63.360844
4.7420492,6.69836,1.9563104,7.4710598,4.2449174,3.4529252,5.8779454,0.82041425,63.360844
4.353879,6.0654163,1.7115375,7.4696245,4.6002731,3.2159514,5.2828431,0.78257251,63.360844
4.2093835,5.2114525,1.0020686,7.46702,5.137517,2.9331646,4.4724779,0.73897457,63.360844
4.0910268,4.7335014,0.64247406,7.4638791,5.6815085,2.8156927,4.0021577,0.73134387,63.360844
3.8389292,4.3649864,0.52605641,7.4596438,6.2154331,2.6015742,3.6615567,0.7034288,63.360844
3.6977572,3.9404895,0.24273252,7.4535289,6.8695998,2.3684113,3.2653108,0.67517912,63.360844
3.5087252,3.7069137,0.1981882,7.444025,7.6266227,2.1077728,3.062983,0.64393085,63.360844
3.1424007,3.4442477,0.30184686,7.4297662,8.3409691,1.8182596,2.8344519,0.60979611,63.360844
2.9972553,3.262434,0.26517817,7.4108977,9.1609526,1.5896605,2.6748216,0.58761221,63.360844
2.8801258,3.2023401,0.32221475,7.3881297,10.017694,1.4394277,2.6183844,0.58395529,63.360844
3.4556019,3.4017069,-5.39E-02,7.3723626,10.300238,2.3733249,2.6019759,0.7997309,63.360844
5.0370121,4.9590373,-7.80E-02,7.3784389,8.3460751,5.5904341,3.5582952,1.4007417,63.360844
3.8333669,4.4329476,0.59958041,7.377048,7.6402187,3.5818563,3.4755785,0.95736903,63.360844
3.5647726,3.9019811,0.33720899,7.3705759,7.8065333,2.6325929,3.1361141,0.76586765,63.360844
4.8599348,4.8047237,-5.52E-02,7.3725924,7.2153997,4.3486447,3.7023001,1.1024243,63.360844
4.3430157,4.6936193,0.35060364,7.3730998,6.6773252,3.888242,3.700772,0.99284697,63.360844
4.5098615,6.3178148,1.8079534,7.3807435,4.2045426,5.6654372,5.000608,1.3172063,63.360844
4.5527987,7.6872311,3.1344335,7.3835511,3.6523483,4.1503725,6.7326093,0.95462161,63.360844
4.6165905,8.5731659,3.9565754,7.3879662,2.9474936,4.3413725,7.5930939,0.98007333,63.360844
5.7101603,9.094099,3.3839405,7.3936286,3.0774553,4.5588198,8.0727205,1.0213792,63.360844
6.4001956,8.6617985,2.2616036,7.4013376,3.2652583,5.0800118,7.5294185,1.1323788,63.360844
6.5071573,8.0612926,1.554136,7.4089346,3.485996,5.138164,6.9130363,1.1482562,63.360844
6.5341392,7.5376873,1.003547,7.416091,3.7010489,5.1591225,6.3777218,1.1599637,63.360844
6.5823598,7.2734499,0.69108951,7.4227667,3.9952774,5.1277037,6.1130209,1.1604283,63.360844
5.7753468,6.7435312,0.96818399,7.4267688,4.1989894,4.5298038,5.7017002,1.0418313,63.360844
5.3851094,6.1821485,0.79703838,7.4289598,4.4813485,4.1344194,5.2138186,0.96832949,63.360844
4.8190088,5.7921062,0.97309762,7.4295802,4.6383448,3.7631397,4.8932319,0.89887428,63.360844
4.8748446,5.401659,0.52681482,7.4290614,5.1627331,3.4954562,4.5466609,0.85499835,63.360844
5.0509949,4.8063979,-0.24459571,7.4281816,5.908813,3.4416707,3.9431543,0.86324453,63.360844
4.8319306,4.4577312,-0.37420028,7.4270039,6.4757323,3.3933501,3.586072,0.87165898,63.360844
4.5210204,4.2109542,-0.3100659,7.424953,6.9397502,3.2078583,3.3618112,0.84914315,63.360844
4.026773,3.973495,-5.33E-02,7.4214563,7.2021437,2.9536774,3.1627932,0.81070185,63.360844
5.1796312,5.3504038,0.17077157,7.4281273,5.3873057,5.6497903,4.0057249,1.3446784,63.360844
5.1677179,6.4295511,1.2618327,7.4332061,4.4654498,4.9467397,5.2867155,1.1428355,63.360844
5.9104409,5.7079482,-0.20249343,7.4364791,4.8429732,4.4856658,4.6606956,1.0472519,63.360844
6.7433681,6.9314637,0.18809572,7.44836,3.6629081,6.480175,5.4882059,1.4432571,63.360844
6.7652078,8.2664652,1.5012579,7.4587536,3.3528781,5.7925882,6.9838157,1.2826496,63.360844
6.3796511,8.4740734,2.0944228,7.4670243,3.2843602,5.2744164,7.3003221,1.1737518,63.360844
6.7400146,8.1830158,1.4430019,7.4761248,3.3432984,5.4667435,6.9686847,1.2143313,63.360844
5.7963824,8.5481815,2.7517998,7.4830642,3.1112847,4.9272075,7.4469924,1.101189,63.360844
6.5645814,7.9149108,1.3503296,7.4910212,3.3256314,5.1911201,6.755796,1.1591151,63.360844
6.42871,7.7401538,1.3114431,7.4993758,3.2396452,5.3300357,6.5554934,1.1846601,63.360844
6.0204649,6.9468589,0.9263947,7.5047841,3.38381,4.7989912,5.8695498,1.0773087,63.360844
6.1170039,7.6762838,1.5592798,7.5116801,3.3214951,5.0487881,6.545754,1.1305302,63.360844
5.8439865,7.5445223,1.7005365,7.5168686,3.4668667,4.6485391,6.4944468,1.0500758,63.360844
6.0855036,6.9316101,0.84610653,7.5218029,3.7622159,4.7178216,5.8592758,1.0723338,63.360844
5.6335692,6.6288671,0.99529815,7.5258694,3.8089418,4.5478044,5.5898275,1.0390396,63.360844
5.9535933,7.1356921,1.1820996,7.5320582,3.6302245,5.0021935,6.0055742,1.1301183,63.360844
5.726531,7.3637314,1.6372006,7.5373964,3.5427196,4.7417946,6.291491,1.0722408,63.360844
5.8155537,6.6001229,0.78456891,7.5409813,3.9362552,4.4101715,5.5882769,1.0118464,63.360844
5.5595779,6.0777287,0.5181511,7.5440845,4.1079187,4.3771605,5.0669765,1.0107527,63.360844
5.679471,5.680676,1.21E-03,7.5469155,4.4105225,4.3606763,4.664484,1.016192,63.360844
5.7693138,6.4049511,0.63563758,7.5532651,3.8070035,5.191999,5.2241173,1.1808339,63.360844
6.1172204,7.7756343,1.6584139,7.5614018,3.3643138,5.3624706,6.5781937,1.1974405,63.360844
6.0746593,7.1387949,1.064135,7.5666623,3.6311841,4.7358856,6.0668902,1.0719039,63.360844
6.4073992,6.5585871,0.1511884,7.5725975,3.8543775,5.022541,5.4207335,1.1378531,63.384655
5.4704261,7.7410254,2.2705994,7.5797782,3.1210818,5.0741215,6.6114244,1.1296012,63.384655
5.9167094,7.9603553,2.0436459,7.5853858,3.2936828,4.6895885,6.9058332,1.0545218,63.384655
6.0487418,7.236537,1.1877959,7.590724,3.5305905,4.7406635,6.1653657,1.0711712,63.384655
5.7696285,6.4368162,0.66718709,7.5948391,3.7403581,4.5326786,5.4096336,1.0271815,63.384655
5.8787494,6.1993651,0.32061681,7.5992184,3.8988576,4.6605067,5.1396222,1.059743,63.384655
6.2031822,6.2535529,5.04E-02,7.6045799,4.0263004,4.9490471,5.1268592,1.1266931,63.384655
6.2198677,6.0455222,-0.17434546,7.6093926,4.292531,4.842648,4.9345322,1.1109889,63.384655
5.9326177,5.5991454,-0.33347207,7.612977,4.5496044,4.6066227,4.5302243,1.0689211,63.384655
6.0937729,5.2228599,-0.87091327,7.6165876,4.8330412,4.7127762,4.1252999,1.0975591,63.384655
5.9723749,5.0406389,-0.93173677,7.6198297,5.0508122,4.6614995,3.9475346,1.0931047,63.384655
5.3551197,5.7178135,0.36269277,7.6260071,3.8908765,5.2903719,4.515348,1.2024648,63.406876
6.1828055,6.5942912,0.41148597,7.632772,3.6635315,5.2314405,5.4155812,1.1787111,63.406876
6.2904239,6.9389968,0.64857328,7.6401782,3.3829639,5.3745112,5.7425146,1.1964818,63.406876
6.377459,7.179111,0.801651,7.6478581,3.2755213,5.3064084,6.000617,1.1784933,63.406876
5.3624549,7.3826213,2.0201657,7.652905,3.0736842,4.5485559,6.3668847,1.0157362,63.406876
5.0018463,6.5735049,1.5716585,7.6542282,3.2914217,3.8993797,5.688776,0.88472956,63.406876
6.3438439,6.5701323,0.22628775,7.6590047,3.531167,4.9848042,5.4508367,1.1192948,63.406876
6.1376162,6.0789871,-5.86E-02,7.6620326,3.6854229,4.88059,4.9762168,1.1027694,63.406876
5.9966621,6.0236802,2.70E-02,7.6653209,3.8382781,4.7598519,4.9397254,1.083955,63.406876
5.4178004,5.0484691,-0.36933035,7.6649451,4.2132154,4.0953984,4.1010051,0.94746464,63.406876
6.6432738,4.8817229,-1.7615516,7.6661053,4.8622112,4.8661742,3.753617,1.1281048,63.406876
6.0371408,4.7926207,-1.2445211,7.6681542,4.8189435,4.9340978,3.6463094,1.1463109,63.406876
5.5380268,5.0754876,-0.46253857,7.6715646,4.1710849,5.0338941,3.9234979,1.1519898,63.406876
4.4726062,5.9576764,1.4850696,7.6728125,3.1967146,4.4484792,4.9591799,0.99849612,63.406876
5.9950142,6.4356322,0.44061875,7.676034,3.4869747,4.6532669,5.3841443,1.0514891,63.406876
6.0068455,5.8326907,-0.17415428,7.6778088,3.6997108,4.7230148,4.7615967,1.0710944,63.406876
6.1836705,5.2386193,-0.94505209,7.6778131,4.1151595,4.6937099,4.1641078,1.0745115,63.406876
6.2534747,5.0045733,-1.2489012,7.6785741,4.4521809,4.8087859,3.8969057,1.1076683,63.406876
6.1004395,4.8159909,-1.2844493,7.6797791,4.7231717,4.7303348,3.7168772,1.0991137,63.406876
6.0044594,4.6390562,-1.3654034,7.6808314,4.9331894,4.6690092,3.5457077,1.0933483,63.438961
5.8920135,4.535171,-1.3568422,7.6819606,5.1568894,4.585681,3.4525371,1.0826337,63.438961
5.8069706,4.3807902,-1.4261805,7.6834402,5.3906236,4.5072975,3.314852,1.0659384,63.438961
6.0800605,4.0065475,-2.0735126,7.6826816,6.0547566,4.3619275,2.952548,1.0539995,63.438961
6.0827169,3.5755522,-2.5071645,7.6788697,6.7326651,4.3356204,2.5063634,1.0691892,63.438961
5.891315,3.3790281,-2.5122874,7.6733503,7.2335162,4.3077002,2.2962646,1.0827634,63.438961
5.7816262,3.520349,-2.261277,7.6705031,7.4041514,4.4824939,2.3918505,1.1284989,63.438961
5.4247656,3.5447726,-1.8799927,7.669189,7.401453,4.329812,2.4471233,1.0976498,63.438961
5.2081442,3.4789934,-1.7291505,7.6679416,7.4850059,4.0798783,2.4342813,1.0447117,63.438961
5.213119,3.351212,-1.8619069,7.6661077,7.8427644,3.8510363,2.3468888,1.0043234,63.438961
5.0960789,3.1308789,-1.9651999,7.6623621,8.3228502,3.6413035,2.1561897,0.97468936,63.438961
5.1286111,2.9951797,-2.1334307,7.6566792,8.967721,3.5113692,2.0228114,0.97236866,63.438961
4.6262398,3.2049429,-1.4212973,7.6533689,9.0179234,3.5855436,2.2144451,0.99049789,63.438961
4.6125798,3.4559369,-1.1566432,7.6531906,8.12642,4.3753471,2.3271992,1.1287379,63.438961
5.54391,3.5803804,-1.9635289,7.6531625,7.8867278,4.6213021,2.418082,1.1622989,63.438961
5.7715816,3.0844696,-2.6871123,7.6472893,8.6850576,3.9321992,2.0434191,1.0410508,63.438961
5.5364671,2.8804648,-2.6560028,7.6384058,9.4284782,3.762774,1.8501902,1.0302746,63.438961
5.2550006,3.094475,-2.1605251,7.6334896,9.5460291,4.0372758,1.9942983,1.1001769,63.438961
4.7418303,3.5579495,-1.183881,7.6335449,8.0499601,4.9850478,2.3050966,1.2528524,63.438961
4.9930482,4.2686882,-0.72436011,7.6362715,5.7730055,5.8878808,2.8865645,1.3821232,63.438961
4.1331267,5.6869483,1.5538217,7.6367049,3.4219415,5.2998481,4.502604,1.1843442,63.438961
4.9120207,5.5421739,0.63015276,7.6326909,3.3500731,4.0616083,4.6198936,0.92228043,63.438961
3.7143836,5.2401409,1.525757,7.62431,3.3063543,3.051646,4.5336852,0.70645577,63.438961
5.3734908,4.8471518,-0.52633953,7.6145697,3.8531027,3.9189899,3.9394002,0.90775114,63.438961
3.7764986,4.6480298,0.87153143,7.6032381,3.4730015,3.3723171,3.8637478,0.78428197,63.438961
5.6206741,5.0738311,-0.54684252,7.5984302,3.7539923,4.3434582,4.0776048,0.99622673,63.438961
5.174346,4.9733524,-0.200993,7.5942192,3.8680193,4.1132097,4.0262437,0.9471091,63.438961
4.3712668,4.3157859,-5.55E-02,7.5833631,3.9507682,3.4725692,3.4998379,0.81594837,63.438961
5.3952117,4.3079858,-1.0872265,7.5734282,4.5194788,3.9064486,3.3879333,0.92005199,63.438961
5.320807,4.005383,-1.3154247,7.5610051,4.8344889,4.0451484,3.0447354,0.96064776,63.438961
4.3379111,3.8515584,-0.48635215,7.5485373,4.5730495,3.7125185,2.9647276,0.88683069,63.438961
4.2597089,3.1925344,-1.0671741,7.5258079,5.4031,2.7314799,2.4943585,0.69817621,63.438961
4.7662854,3.196043,-1.5702429,7.502737,6.2072754,3.1508303,2.3847628,0.81127983,63.438961
4.9070287,3.1714313,-1.7355978,7.4785843,6.8302441,3.3929462,2.2803183,0.89111263,63.438961
4.8017454,3.1345713,-1.6671743,7.456039,7.1304703,3.5685523,2.2016094,0.93296158,63.438961
4.7171249,2.984,-1.7331257,7.4316173,7.5971045,3.349473,2.082983,0.90101695,63.438961
4.7793307,2.9687839,-1.8105477,7.4080868,7.9927177,3.4501934,2.0352607,0.93352276,63.438961
4.821774,2.9431694,-1.8786043,7.3852062,8.3411608,3.5138648,1.9837089,0.95946044,63.438961
4.9408979,3.009428,-1.93147,7.3659186,8.4285831,3.8273959,1.9833477,1.0260805,63.438961
5.0308051,2.9791207,-2.0516846,7.347466,8.6211109,3.8076265,1.9484705,1.0306503,63.438961
5.0430155,3.1358221,-1.9071933,7.3344402,8.3491096,4.2108674,2.0316739,1.104148,63.438961
4.9842558,3.0333738,-1.950883,7.3208041,8.3540421,3.935302,1.9893478,1.044026,63.438961
4.9197979,2.9807169,-1.9390813,7.3089166,8.3274822,3.9107378,1.945094,1.0356231,63.438961
4.3931618,2.5142577,-1.8789037,7.2877197,8.9845839,2.9003789,1.6785777,0.83567989,63.438961
4.4562449,2.4444382,-2.0118067,7.2638478,9.750741,2.8372331,1.5915821,0.85285604,63.438961
4.9337449,3.1377089,-1.7960358,7.2548728,9.2004213,4.325377,1.9790229,1.1586864,63.438961
4.4085951,3.6182315,-0.79036307,7.2539639,7.4448919,4.9353781,2.3894835,1.2287481,63.438961
4.0019407,3.1100307,-0.89191008,7.2417831,6.7882299,3.7090497,2.1604774,0.94955367,63.438961
4.6976848,4.0044503,-0.69323432,7.2361779,5.2094555,5.0738225,2.8018131,1.2026374,63.438961
4.9457827,4.6732492,-0.27253407,7.2320848,4.3617053,4.7037201,3.5834367,1.0898122,63.438961
5.2557907,5.092627,-0.16316399,7.2302918,4.2252417,4.3792367,4.0796094,1.0130177,63.438961
4.0623512,4.3138113,0.25145981,7.2189183,3.9620979,3.4990501,3.4873655,0.82644582,63.438961
4.5740342,4.5502868,-2.37E-02,7.2072802,3.99438,3.6770914,3.6856258,0.86466062,63.438961
2.8924973,3.9253385,1.0328412,7.1796408,4.2430825,2.1059642,3.3875072,0.53783119,63.438961
3.5045407,4.0989709,0.59443039,7.1551237,4.2907958,2.7730019,3.4151461,0.68382454,63.438961
3.1914771,4.4020948,1.2106184,7.1357789,3.7741361,2.9917505,3.6857078,0.71638745,63.438961
3.8343248,4.7315979,0.89727342,7.1213942,3.5382769,3.2974095,3.9588244,0.77277416,63.438961
3.6459668,4.5817418,0.93577623,7.1045675,3.6813278,2.8268445,3.9056728,0.67606986,63.438961
3.8708794,4.5973225,0.72644293,7.0881805,3.7972541,3.0351214,3.8774905,0.7198323,63.438961
3.1060245,4.2363801,1.1303551,7.0660143,3.900409,2.4104397,3.643949,0.59243071,63.438961
2.2334394,3.1298041,0.89636481,7.0235882,5.4749722,0.44319174,2.9141195,0.21568462,63.438961
2.9071865,2.736026,-0.17116143,6.9773846,8.09338,7.17E-02,2.5189495,0.21707545,63.438961
3.2058535,3.4752624,0.26940948,6.9457626,7.8292713,2.6774726,2.682775,0.79248768,63.438961
3.3367336,4.1621728,0.82543874,6.9215608,6.54421,3.6755035,3.2158804,0.94629246,63.438961
3.423569,4.2045374,0.7809689,6.8980131,5.4929571,3.566864,3.2965808,0.90795666,63.438961
3.856066,4.4434128,0.58734709,6.8797383,4.754096,3.7013073,3.5497925,0.89361989,63.438961
3.4251316,4.2745743,0.84944242,6.8587575,4.3272896,3.0957623,3.5183992,0.7561751,63.438961
3.9066575,4.1770372,0.27037966,6.8359137,4.704905,2.8275604,3.4755564,0.70148069,63.438961
1.7995645,2.87378,1.0742152,6.7915154,6.1992893,0.12767541,2.6962762,0.17750354,63.438961
2.5737658,2.6653466,9.16E-02,6.7464213,8.5526676,0,2.4449599,0.2203868,63.438961
3.0915306,2.9927661,-9.88E-02,6.7076225,10.007813,1.1302525,2.4866331,0.50613314,63.438961
3.3428588,3.3591266,1.63E-02,6.6741042,10.448212,2.1555884,2.6122572,0.74686903,63.438961
2.338156,2.5675833,0.22942758,6.6297936,12.443646,0,2.22486,0.34272352,63.438961
2.6294093,2.6151886,-1.42E-02,6.5864687,14.496801,0.14477196,2.183706,0.4314827,63.438961
2.9727573,2.914675,-5.81E-02,6.5477262,15.727633,1.0717293,2.2444794,0.6701954,63.438961
3.184685,3.0349162,-0.14976931,6.5111575,16.622301,1.5007788,2.2456806,0.78923541,63.438961
3.7330649,3.6311376,-0.10192769,6.4887657,14.567306,4.4225326,2.2656078,1.3655298,63.438961
3.6421745,3.3242259,-0.31794924,6.4621463,13.695593,3.3979819,2.2083216,1.1159042,63.438961
4.4272804,4.2987599,-0.12852047,6.4548416,9.6358576,6.7501955,2.5619414,1.736818,63.438961